<?xml version="1.0" encoding="utf-8"?>
<COLLADA xmlns="http://www.collada.org/2005/11/COLLADASchema" version="1.4.1" xmlns:xsi="http://www.w3.org/2001/XMLSchema-instance">
  <asset>
    <contributor>
      <author>Blender User</author>
      <authoring_tool>Blender 4.2.23 LTS commit date:2026-07-20, commit time:13:44, hash:d0cbe84903e8</authoring_tool>
    </contributor>
    <created>2026-09-02T20:59:46</created>
    <modified>2026-09-02T20:59:46</modified>
    <unit name="meter" meter="1"/>
    <up_axis>Z_UP</up_axis>
  </asset>
  <library_effects>
    <effect id="_44_244_244-effect">
      <profile_COMMON>
        <technique sid="common">
          <lambert>
            <emission>
              <color sid="emission">0 0 0 1</color>
            </emission>
            <diffuse>
              <color sid="diffuse">0.956863 0.956863 0.956863 1</color>
            </diffuse>
            <index_of_refraction>
              <float sid="ior">1.5</float>
            </index_of_refraction>
          </lambert>
        </technique>
      </profile_COMMON>
    </effect>
    <effect id="_91_191_191-effect">
      <profile_COMMON>
        <technique sid="common">
          <lambert>
            <emission>
              <color sid="emission">0 0 0 1</color>
            </emission>
            <diffuse>
              <color sid="diffuse">0.74902 0.74902 0.74902 1</color>
            </diffuse>
            <index_of_refraction>
              <float sid="ior">1.5</float>
            </index_of_refraction>
          </lambert>
        </technique>
      </profile_COMMON>
    </effect>
    <effect id="_4_48_102_1-effect">
      <profile_COMMON>
        <technique sid="common">
          <lambert>
            <emission>
              <color sid="emission">0 0 0 1</color>
            </emission>
            <diffuse>
              <color sid="diffuse">0.133333 0.188235 0.4 1</color>
            </diffuse>
            <index_of_refraction>
              <float sid="ior">1.5</float>
            </index_of_refraction>
          </lambert>
        </technique>
      </profile_COMMON>
    </effect>
    <effect id="_45_245_245-effect">
      <profile_COMMON>
        <technique sid="common">
          <lambert>
            <emission>
              <color sid="emission">0 0 0 1</color>
            </emission>
            <diffuse>
              <color sid="diffuse">0.960784 0.960784 0.960784 1</color>
            </diffuse>
            <index_of_refraction>
              <float sid="ior">1.5</float>
            </index_of_refraction>
          </lambert>
        </technique>
      </profile_COMMON>
    </effect>
    <effect id="_78_0_0-effect">
      <profile_COMMON>
        <technique sid="common">
          <lambert>
            <emission>
              <color sid="emission">0 0 0 1</color>
            </emission>
            <diffuse>
              <color sid="diffuse">0.698039 0 0 1</color>
            </diffuse>
            <index_of_refraction>
              <float sid="ior">1.5</float>
            </index_of_refraction>
          </lambert>
        </technique>
      </profile_COMMON>
    </effect>
    <effect id="__0_0-effect">
      <profile_COMMON>
        <technique sid="common">
          <lambert>
            <emission>
              <color sid="emission">0 0 0 1</color>
            </emission>
            <diffuse>
              <color sid="diffuse">0 0 0 1</color>
            </diffuse>
            <index_of_refraction>
              <float sid="ior">1.5</float>
            </index_of_refraction>
          </lambert>
        </technique>
      </profile_COMMON>
    </effect>
    <effect id="_21_124_15-effect">
      <profile_COMMON>
        <technique sid="common">
          <lambert>
            <emission>
              <color sid="emission">0 0 0 1</color>
            </emission>
            <diffuse>
              <color sid="diffuse">0.866667 0.486275 0.058824 1</color>
            </diffuse>
            <index_of_refraction>
              <float sid="ior">1.5</float>
            </index_of_refraction>
          </lambert>
        </technique>
      </profile_COMMON>
    </effect>
  </library_effects>
  <library_images/>
  <library_materials>
    <material id="_44_244_244-material" name="244,244,244">
      <instance_effect url="#_44_244_244-effect"/>
    </material>
    <material id="_91_191_191-material" name="191,191,191">
      <instance_effect url="#_91_191_191-effect"/>
    </material>
    <material id="_4_48_102_1-material" name="34,48,102_1">
      <instance_effect url="#_4_48_102_1-effect"/>
    </material>
    <material id="_45_245_245-material" name="245,245,245">
      <instance_effect url="#_45_245_245-effect"/>
    </material>
    <material id="_78_0_0-material" name="178,0,0">
      <instance_effect url="#_78_0_0-effect"/>
    </material>
    <material id="__0_0-material" name="0,0,0">
      <instance_effect url="#__0_0-effect"/>
    </material>
    <material id="_21_124_15-material" name="221,124,15">
      <instance_effect url="#_21_124_15-effect"/>
    </material>
  </library_materials>
  <library_geometries>
    <geometry id="EMROX_RPTU_V1_02_03_Caroline_simple_EMROX_RPTU_Aufbau_V1_02_03-mesh" name="EMROX RPTU V1.02.03 Caroline simple_EMROX RPTU Aufbau V1.02.03">
      <mesh>
        <source id="EMROX_RPTU_V1_02_03_Caroline_simple_EMROX_RPTU_Aufbau_V1_02_03-mesh-positions">
          <float_array id="EMROX_RPTU_V1_02_03_Caroline_simple_EMROX_RPTU_Aufbau_V1_02_03-mesh-positions-array" count="2064">-484 -60 218.5 -484 -60 341.5 -484 -59.73205 217.5 -484 -59.73205 342.5 -484 -59 216.7679 -484 -59 343.2321 -484 -58 216.5 -484 -58 343.5 -484 -48 228.5 -484 -48 331.5 -484 -32 244.5 -484 -32 315.5 -484 -17.4 244.5 -484 -16.8 293.6707 -484 -1.6 315.5 -484 -0.00563395 269.5 -484 7.292002 279.9885 -484 17.4 244.5 -484 17.4 315.5 -484 32 244.5 -484 32 315.5 -484 48 228.5 -484 48 331.5 -484 58 216.5 -484 58 343.5 -484 59 216.7679 -484 59 343.2321 -484 59.73205 217.5 -484 59.73205 342.5 -484 60 218.5 -484 60 341.5 -483.5 -48 228.5 -483.5 -48 331.5 -483.5 -32 244.5 -483.5 -32 315.5 -483.5 -17.4 244.5 -483.5 -16.8 293.6707 -483.5 -1.6 315.5 -483.5 -0.00563395 269.5 -483.5 7.292002 279.9885 -483.5 17.4 244.5 -483.5 17.4 315.5 -483.5 32 244.5 -483.5 32 315.5 -483.5 48 228.5 -483.5 48 331.5 -480.1 -180 8 -480.1 -180 547.1 -480.1 -170 8 -480.1 -170 547.1 -480 -294 9 -480 -294 527 -480 -293.866 8.5 -480 -293.5 8.133973 -480 -293 8 -480 -292.4776 534.6537 -480 -288.1421 541.1422 -480 -281.6537 545.4776 -480 -274 547 -480 -180 8 -480 -180 547 -480 -170 8 -480 -170 547 -480 -60 218.5 -480 -60 341.5 -480 -59.73205 217.5 -480 -59.73205 342.5 -480 -59 216.7679 -480 -59 343.2321 -480 -58 216.5 -480 -58 343.5 -480 58 216.5 -480 58 343.5 -480 59 216.7679 -480 59 343.2321 -480 59.73205 217.5 -480 59.73205 342.5 -480 60 218.5 -480 60 341.5 -480 274 547 -480 281.6537 545.4776 -480 288.1421 541.1422 -480 292.4776 534.6537 -480 293 8 -480 293.5 8.133973 -480 293.866 8.5 -480 294 9 -480 294 527 -477 -294 8 -477 -294 9 -477 -294 527 -477 -294 547 -477 -293.9239 8.61731 -477 -293.7071 8.292908 -477 -293.3827 8.076111 -477 -293 8 -477 -292.4776 534.6537 -477 -288.1421 541.1422 -477 -281.6537 545.4776 -477 -274 547 -477 -180 547 -476.9998 -180 547.1 -477 -170 547 -476.9998 -170 547.1 -477 274 547 -477 281.6537 545.4776 -477 288.1421 541.1422 -477 292.4776 534.6537 -477 293 8 -477 293.3827 8.076111 -477 293.7071 8.292908 -477 293.9239 8.61731 -477 294 8 -477 294 9 -477 294 527 -477 294 547 -475.2492 -302.8017 8 -475.2492 -302.8017 547 -475.2492 -294 555.8017 -475.2492 294 555.8017 -475.2492 302.8017 8 -475.2492 302.8017 547 -475.2204 -180 555.871 -475.2204 -170 555.871 -474.5747 -301.5514 553.9755 -474.5747 301.5514 553.9755 -474 -180 547.1 -474 -170 547.1 -472.4489 -180 554.7229 -472.4489 -170 554.7229 -471.108 -308.9999 550.3649 -471.108 308.9999 550.3649 -470.2635 -310.2635 8 -470.2635 -310.2635 547 -470.2635 -294 563.2634 -470.2635 294 563.2634 -470.2635 310.2635 8 -470.2635 310.2635 547 -470.2281 -180 563.2988 -470.2281 -170 563.2988 -469.0255 -302.8017 562.0255 -469.0255 302.8017 562.0255 -468.1069 -180 561.1774 -468.1069 -170 561.1774 -465.5 -310.2635 558.5 -465.5 310.2635 558.5 -462.8017 -315.2492 8 -462.8017 -315.2492 547 -462.8017 -294 568.2492 -462.8017 294 568.2492 -462.8017 315.2492 8 -462.8017 315.2492 547 -462.7786 -180 568.2588 -462.7786 -170 568.2588 -461.6306 -180 565.4871 -461.6306 -170 565.4871 -461 -298 572.5 -461 -298 587.5 -461 298 572.5 -461 298 587.5 -460.9755 -301.5514 567.5748 -460.9755 301.5514 567.5748 -460.6651 -298 571.25 -460.6651 -298 588.75 -460.6651 298 571.25 -460.6651 298 588.75 -460.2238 -315.2492 553.2238 -460.2238 315.2492 553.2238 -459.75 -298 570.335 -459.75 -298 589.6651 -459.75 298 570.335 -459.75 298 589.6651 -458.5 -298 570 -458.5 -298 590 -458.5 298 570 -458.5 298 590 -457.3649 -308.9999 564.108 -457.3649 308.9999 564.108 -454 -320 9 -454 -320 527 -454 -317 8 -454 -317 9 -454 -317 527 -454 -317 547 -454 -315.2492 555.8017 -454 -310.2635 563.2634 -454 -302.8017 568.2492 -454 -294 570 -454 -180 567 -454 -180 570 -454 -170 567 -454 -170 570 -454 294 570 -454 302.8017 568.2492 -454 310.2635 563.2634 -454 315.2492 555.8017 -454 317 8 -454 317 9 -454 317 527 -454 317 547 -454 320 9 -454 320 527 -453.9239 -317 8.61731 -453.9239 317 8.61731 -453.866 -320 8.5 -453.866 320 8.5 -453.7071 -317 8.292908 -453.7071 317 8.292908 -453.5 -320 8.133973 -453.5 320 8.133973 -453.3827 -317 8.076111 -453.3827 317 8.076111 -453 -320 8 -453 -317 8 -453 317 8 -453 320 8 -452.4776 -320 534.6537 -452.4776 -317 534.6537 -452.4776 317 534.6537 -452.4776 320 534.6537 -448.1421 -320 541.1422 -448.1421 -317 541.1422 -448.1421 317 541.1422 -448.1421 320 541.1422 -441.6537 -320 545.4776 -441.6537 -317 545.4776 -441.6537 317 545.4776 -441.6537 320 545.4776 -434 -320 547 -434 -317 547 -434 317 547 -434 320 547 -340 294 567 -340 294 570 -340 301.6306 565.4871 -340 302.7786 568.2588 -340 308.1068 561.1774 -340 310.2281 563.2988 -340 312.4489 554.7229 -340 314 547.1 -340 315.2204 555.871 -340 317 547 -340 316.9998 547.1 -340 320 8 -340 320 547 -340 320.1 8 -340 320.1 547.1 -330 294 567 -330 294 570 -330 301.6306 565.4871 -330 302.7786 568.2588 -330 308.1068 561.1774 -330 310.2281 563.2988 -330 312.4489 554.7229 -330 314 547.1 -330 315.2204 555.871 -330 317 547 -330 317 547.1 -330 320 8 -330 320 547 -330 320.1 8 -330 320.1 547.1 -146 -328.6 235 -146 -328.6 343 -146 -320 235 -146 -320 343 -144.9282 -328.6 231 -144.9282 -328.6 347 -144.9282 -320 231 -144.9282 -320 347 -142 -328.6 228.0718 -142 -328.6 349.9282 -142 -320 228.0718 -142 -320 349.9282 -138 -328.6 227 -138 -328.6 351 -138 -320 227 -138 -320 351 -80 294 567 -80 294 570 -80 301.6306 565.4871 -80 302.7786 568.2588 -80 308.1068 561.1774 -80 310.2281 563.2988 -80 312.4489 554.7229 -80 314 547.1 -80 315.2204 555.871 -80 317 547 -80 317 547.1 -80 320 8 -80 320 547 -80 320.1 8 -80 320.1 547.1 -70 294 567 -70 294 570 -70 301.6306 565.4871 -70 302.7786 568.2588 -70 308.1068 561.1774 -70 310.2281 563.2988 -70 312.4489 554.7229 -70 314 547.1 -70 315.2204 555.871 -70 317 547 -70 316.9998 547.1 -70 320 8 -70 320 547 -70 320.1 8 -70 320.1 547.1 -30 -328.6 227 -30 -328.6 351 -30 -320 227 -30 -320 351 -26 -328.6 228.0718 -26 -328.6 349.9282 -26 -320 228.0718 -26 -320 349.9282 -23.0718 -328.6 231 -23.0718 -328.6 347 -23.0718 -320 231 -23.0718 -320 347 -22 -328.6 235 -22 -328.6 343 -22 -320 235 -22 -320 343 -16 -328.6 235 -16 -328.6 343 -16 -320 235 -16 -320 343 -15 -345 502 -15 345 502 -14.9282 -328.6 231 -14.9282 -328.6 347 -14.9282 -320 231 -14.9282 -320 347 -14.39239 -320 497.774 -14.39239 -320 506.226 -14.39239 320 497.774 -14.39239 320 506.226 -12.6188 -345 493.8904 -12.6188 -345 510.1096 -12.6188 345 493.8904 -12.6188 345 510.1096 -12 -328.6 228.0718 -12 -328.6 349.9282 -12 -320 228.0718 -12 -320 349.9282 -9.822912 -320 490.6638 -9.822912 -320 513.3363 -9.822912 320 490.6638 -9.822912 320 513.3363 -8 -328.6 227 -8 -328.6 351 -8 -320 227 -8 -320 351 -6.231225 -345 488.3555 -6.231225 -345 515.6445 -6.231225 345 488.3555 -6.231225 345 515.6445 -2.134723 -320 487.1527 -2.134723 -320 516.8473 -2.134723 320 487.1527 -2.134723 320 516.8473 2.134723 -345 487.1527 2.134723 -345 516.8473 2.134723 345 487.1527 2.134723 345 516.8473 6.231225 -320 488.3555 6.231225 -320 515.6445 6.231225 320 488.3555 6.231225 320 515.6445 9.822912 -345 490.6638 9.822912 -345 513.3363 9.822912 345 490.6638 9.822912 345 513.3363 12.6188 -320 493.8904 12.6188 -320 510.1096 12.6188 320 493.8904 12.6188 320 510.1096 14.39239 -345 497.774 14.39239 -345 506.226 14.39239 345 497.774 14.39239 345 506.226 15 -320 502 15 320 502 70 -320.1 8 70 -320.1 227 70 -320.1 351 70 -320.1 547.1 70 -320 8 70 -320 227 70 -320 351 70 -320 547 70 -317 547 70 -317 547.1 70 -315.2204 555.871 70 -314 547.1 70 -312.4489 554.7229 70 -310.2281 563.2988 70 -308.1068 561.1774 70 -302.7786 568.2588 70 -301.6306 565.4871 70 -294 567 70 -294 570 80 -320.1 8 80 -320.1 227 80 -320.1 351 80 -320.1 547.1 80 -320 8 80 -320 227 80 -320 351 80 -320 547 80 -317 547 80 -317 547.1 80 -315.2204 555.871 80 -314 547.1 80 -312.4489 554.7229 80 -310.2281 563.2988 80 -308.1068 561.1774 80 -302.7786 568.2588 80 -301.6306 565.4871 80 -294 567 80 -294 570 100 -328.6 227 100 -328.6 351 100 -320 227 100 -320 351 104 -328.6 228.0718 104 -328.6 349.9282 104 -320 228.0718 104 -320 349.9282 106.9282 -328.6 231 106.9282 -328.6 347 106.9282 -320 231 106.9282 -320 347 108 -328.6 235 108 -328.6 343 108 -320 235 108 -320 343 267.6545 -10.40266 465 267.6545 -10.40266 590 267.6545 10.40266 465 267.6545 10.40266 590 272.8286 -30.55434 465 272.8286 -30.55434 590 272.8286 30.55434 465 272.8286 30.55434 590 282.8516 -48.78618 465 282.8516 -48.78618 590 282.8516 48.78618 465 282.8516 48.78618 590 297.0938 -63.9526 465 297.0938 -63.9526 590 297.0938 63.9526 465 297.0938 63.9526 590 314.6603 -75.10065 465 314.6603 -75.10065 590 314.6603 75.10065 465 314.6603 75.10065 590 330 -320.1 8 330 -320.1 547.1 330 -320 8 330 -320 547 330 -317 547 330 -317 547.1 330 -315.2204 555.871 330 -314 547.1 330 -312.4489 554.7229 330 -310.2281 563.2988 330 -308.1068 561.1774 330 -302.7786 568.2588 330 -301.6306 565.4871 330 -294 567 330 -294 570 334.4474 -81.52985 465 334.4474 -81.52985 590 334.4474 81.52985 465 334.4474 81.52985 590 340 -320.1 8 340 -320.1 547.1 340 -320 8 340 -320 547 340 -317 547 340 -316.9998 547.1 340 -315.2204 555.871 340 -314 547.1 340 -312.4489 554.7229 340 -310.2281 563.2988 340 -308.1068 561.1774 340 -302.7786 568.2588 340 -301.6306 565.4871 340 -294 567 340 -294 570 355.2116 -82.83622 465 355.2116 -82.83622 590 355.2116 82.83622 465 355.2116 82.83622 590 375.6484 -78.93769 465 375.6484 -78.93769 590 375.6484 78.93769 465 375.6484 78.93769 590 394.4736 -70.07922 465 394.4736 -70.07922 590 394.4736 70.07922 465 394.4736 70.07922 590 410.5044 -56.81741 465 410.5044 -56.81741 590 410.5044 56.81741 465 410.5044 56.81741 590 422.7335 -39.98555 465 422.7335 -39.98555 590 422.7335 39.98555 465 422.7335 39.98555 590 430.3924 -20.64126 465 430.3924 -20.64126 590 430.3924 20.64126 465 430.3924 20.64126 590 433 0 465 433 0 590 434 -320 547 434 -317 547 434 317 547 434 320 547 441.6537 -320 545.4776 441.6537 -317 545.4776 441.6537 317 545.4776 441.6537 320 545.4776 448.1421 -320 541.1422 448.1421 -317 541.1422 448.1421 317 541.1422 448.1421 320 541.1422 452.4776 -320 534.6537 452.4776 -317 534.6537 452.4776 317 534.6537 452.4776 320 534.6537 453 -320 8 453 -317 8 453 317 8 453 320 8 453.3827 -317 8.076111 453.3827 317 8.076111 453.5 -320 8.133973 453.5 320 8.133973 453.7071 -317 8.292908 453.7071 317 8.292908 453.866 -320 8.5 453.866 320 8.5 453.9239 -317 8.61731 453.9239 317 8.61731 454 -320 9 454 -320 527 454 -317 8 454 -317 9 454 -317 527 454 -317 547 454 -315.2492 555.8017 454 -310.2635 563.2634 454 -302.8017 568.2492 454 -294 570 454 170 567 454 170 570 454 180 567 454 180 570 454 294 570 454 302.8017 568.2492 454 310.2635 563.2634 454 315.2492 555.8017 454 317 8 454 317 9 454 317 527 454 317 547 454 320 9 454 320 527 455.5 -298 570 455.5 -298 590 455.5 298 570 455.5 298 590 456.75 -298 570.335 456.75 -298 589.6651 456.75 298 570.335 456.75 298 589.6651 457.3649 -308.9999 564.108 457.3649 308.9999 564.108 457.6651 -298 571.25 457.6651 -298 588.75 457.6651 298 571.25 457.6651 298 588.75 458 -298 572.5 458 -298 587.5 458 298 572.5 458 298 587.5 460.2238 -315.2492 553.2238 460.2238 315.2492 553.2238 460.9755 -301.5514 567.5748 460.9755 301.5514 567.5748 461.6306 170 565.4871 461.6306 180 565.4871 462.7786 170 568.2588 462.7786 180 568.2588 462.8017 -315.2492 8 462.8017 -315.2492 547 462.8017 -294 568.2492 462.8017 294 568.2492 462.8017 315.2492 8 462.8017 315.2492 547 465.5 -310.2635 558.5 465.5 310.2635 558.5 468.1069 170 561.1774 468.1069 180 561.1774 469.0255 -302.8017 562.0255 469.0255 302.8017 562.0255 470.2281 170 563.2988 470.2281 180 563.2988 470.2635 -310.2635 8 470.2635 -310.2635 547 470.2635 -294 563.2634 470.2635 294 563.2634 470.2635 310.2635 8 470.2635 310.2635 547 471.108 -308.9999 550.3649 471.108 308.9999 550.3649 472.4489 170 554.7229 472.4489 180 554.7229 474 170 547.1 474 180 547.1 474.5747 -301.5514 553.9755 474.5747 301.5514 553.9755 475.2204 170 555.871 475.2204 180 555.871 475.2492 -302.8017 8 475.2492 -302.8017 547 475.2492 -294 555.8017 475.2492 294 555.8017 475.2492 302.8017 8 475.2492 302.8017 547 477 -294 8 477 -294 9 477 -294 527 477 -294 547 477 -293.9239 8.61731 477 -293.7071 8.292908 477 -293.3827 8.076111 477 -293 8 477 -292.4776 534.6537 477 -288.1421 541.1422 477 -281.6537 545.4776 477 -274 547 477 170 547 477 170 547.1 477 180 547 477 180 547.1 477 274 547 477 281.6537 545.4776 477 288.1421 541.1422 477 292.4776 534.6537 477 293 8 477 293.3827 8.076111 477 293.7071 8.292908 477 293.9239 8.61731 477 294 8 477 294 9 477 294 527 477 294 547 480 -294 9 480 -294 527 480 -293.866 8.5 480 -293.5 8.133973 480 -293 8 480 -292.4776 534.6537 480 -288.1421 541.1422 480 -281.6537 545.4776 480 -274 547 480 170 8 480 170 547 480 180 8 480 180 547 480 274 547 480 281.6537 545.4776 480 288.1421 541.1422 480 292.4776 534.6537 480 293 8 480 293.5 8.133973 480 293.866 8.5 480 294 9 480 294 527 480.1 170 8 480.1 170 547.1 480.1 180 8 480.1 180 547.1</float_array>
          <technique_common>
            <accessor source="#EMROX_RPTU_V1_02_03_Caroline_simple_EMROX_RPTU_Aufbau_V1_02_03-mesh-positions-array" count="688" stride="3">
              <param name="X" type="float"/>
              <param name="Y" type="float"/>
              <param name="Z" type="float"/>
            </accessor>
          </technique_common>
        </source>
        <source id="EMROX_RPTU_V1_02_03_Caroline_simple_EMROX_RPTU_Aufbau_V1_02_03-mesh-normals">
          <float_array id="EMROX_RPTU_V1_02_03_Caroline_simple_EMROX_RPTU_Aufbau_V1_02_03-mesh-normals-array" count="5463">0 1 0 0 1 -1.39458e-5 0 1 1.02013e-5 0 1 -1.02013e-5 0 1 1.39448e-5 -1 1.24223e-5 -2.6226e-5 -1 -3.63711e-6 -2.6226e-5 -0.8660443 1.42123e-5 -0.4999673 -0.8660443 3.63641e-6 -0.4999673 -1 -1.42149e-5 -2.6226e-5 -0.8660443 -1.24201e-5 -0.4999673 -0.8660033 1.24202e-5 -0.5000384 -0.8660029 -3.61871e-6 -0.5000392 -0.5000171 1.42148e-5 -0.8660156 -0.5000163 3.61935e-6 -0.8660161 -0.8660033 -1.42124e-5 -0.5000384 -0.5000171 -1.24223e-5 -0.8660157 -0.4999537 1.24201e-5 -0.8660523 -0.4999547 -3.63641e-6 -0.8660517 -5.82784e-5 1.42124e-5 -1 -5.94854e-5 3.63641e-6 -1 -0.4999536 -1.42123e-5 -0.8660523 -5.82784e-5 -1.24202e-5 -1 -1 0 0 -6.20633e-5 1.242e-5 1 -5.9545e-5 -3.62954e-6 1 -0.4999569 1.42125e-5 0.8660504 -0.4998868 3.62954e-6 0.8660907 2.27392e-5 -1.42125e-5 1 -0.4998835 -1.24199e-5 0.8660928 -0.5001099 1.242e-5 0.8659621 -0.5000659 -3.63815e-6 0.8659874 -0.8660329 1.42125e-5 0.499987 -0.8660029 3.63734e-6 0.5000392 -0.5000562 -1.42124e-5 0.8659931 -0.8660019 -1.242e-5 0.5000408 -0.8660443 1.24201e-5 0.4999673 -0.8660443 -3.63641e-6 0.4999673 -1 1.42149e-5 2.6226e-5 -1 3.63711e-6 2.6226e-5 -0.8660443 -1.42123e-5 0.4999673 -1 -1.24223e-5 2.6226e-5 0 0 1 -1.19733e-5 0 1 7.00192e-6 0 1 1.93843e-6 0 1 -2.06846e-6 0 1 4.45787e-6 0 1 7.00192e-6 0 1 1 1.24201e-5 5.13941e-5 1 -3.63303e-6 5.13792e-5 0.8660557 1.42123e-5 0.4999477 0.8660556 3.63303e-6 0.4999476 1 -1.42123e-5 5.13941e-5 0.8660557 -1.24201e-5 0.4999477 0.8659936 1.242e-5 0.5000553 0.8659945 -3.64683e-6 0.5000537 0.5000417 8.86781e-5 0.8660014 0.500093 3.64677e-6 0.8659718 0.8660247 -1.42125e-5 0.5000015 0.5000954 -1.242e-5 0.8659704 0.4998835 1.24199e-5 0.8660928 0.4998868 -3.62954e-6 0.8660907 -2.27392e-5 1.42125e-5 1 5.9545e-5 3.62954e-6 1 0.4999569 -1.42125e-5 0.8660504 6.20633e-5 -1.242e-5 1 1 0 0 5.82784e-5 1.24202e-5 -1 5.94854e-5 -3.63641e-6 -1 0.4999536 1.42123e-5 -0.8660523 0.4999547 3.63641e-6 -0.8660517 5.82784e-5 -1.42124e-5 -1 0.4999537 -1.24201e-5 -0.8660523 0.5000441 1.24201e-5 -0.866 0.5000433 -3.62803e-6 -0.8660004 0.8659949 1.42124e-5 -0.5000528 0.8659945 3.62803e-6 -0.5000537 0.5000441 -1.42123e-5 -0.8660001 0.8659949 -1.24202e-5 -0.5000528 0.8660557 1.24201e-5 -0.4999477 0.8660556 -3.63303e-6 -0.4999476 1 1.42123e-5 -5.13941e-5 1 3.63303e-6 -5.13792e-5 0.8660557 -1.42123e-5 -0.4999477 1 -1.24201e-5 -5.13941e-5 0 -1 0 0 -1 7.71461e-6 0 -1 -5.63608e-6 0 -1 5.63608e-6 0 -1 -7.71409e-6 0 0 -1 -9.33256e-6 -4.16338e-5 1 -2.83122e-6 -4.16562e-5 1 -6.03746e-5 -0.3814925 0.9243719 2.83122e-6 -0.3814925 0.9243719 6.03746e-5 -4.16636e-5 1 9.33256e-6 -0.3814925 0.9243719 -3.86236e-6 -0.381565 0.9243421 9.28852e-6 -0.381565 0.924342 1.19954e-6 -0.7053081 0.7089009 -1.19954e-6 -0.3815615 0.9243435 3.86236e-6 -0.7053055 0.7089036 -9.28852e-6 -0.7053055 0.7089036 -3.90872e-6 -0.7053597 0.7088496 6.52421e-5 -0.7053597 0.7088496 1.31875e-6 -0.9224196 0.3861895 -1.3262e-6 -0.7053557 0.7088536 3.90872e-6 -0.9224174 0.3861946 -9.28851e-6 -0.9224173 0.3861947 -9.33256e-6 -0.9224497 0.3861175 -2.80887e-6 -0.9224496 0.3861175 3.50618e-6 -0.9999873 0.005050003 2.81632e-6 -0.9999873 0.005050122 -3.50618e-6 -0.9224497 0.3861175 9.33257e-6 -0.9999873 0.005050063 -3.45806e-6 0 1 9.33256e-6 4.16338e-5 1 2.83122e-6 4.16562e-5 1 6.03746e-5 0.3814925 0.9243719 -2.83122e-6 0.3814925 0.9243719 -6.03746e-5 4.16636e-5 1 -9.33256e-6 0.3814925 0.9243719 3.86236e-6 0.381565 0.9243421 -9.28852e-6 0.381565 0.924342 -1.19954e-6 0.7053081 0.7089009 1.19954e-6 0.3815615 0.9243435 -3.86236e-6 0.7053055 0.7089036 9.28852e-6 0.7053055 0.7089036 3.90872e-6 0.7053597 0.7088496 -6.52421e-5 0.7053597 0.7088496 -1.31875e-6 0.9224196 0.3861895 1.3262e-6 0.7053557 0.7088536 -3.90872e-6 0.9224174 0.3861946 9.28851e-6 0.9224173 0.3861947 9.33256e-6 0.9224497 0.3861175 2.80887e-6 0.9224496 0.3861175 -3.50618e-6 0.9999873 0.005050003 -2.81632e-6 0.9999873 0.005050122 3.50618e-6 0.9224497 0.3861175 -9.33257e-6 0.9999873 0.005050063 -1 1.85536e-5 0 3.90872e-6 0.7053577 0.7088515 -9.28852e-6 0.7053577 0.7088516 -1.3262e-6 0.9224184 0.3861922 1.3262e-6 0.7053563 0.708853 -3.90872e-6 0.9224177 0.3861938 6.52421e-5 0.9224177 0.3861939 9.33255e-6 0.92245 0.3861169 2.81632e-6 0.9224498 0.3861169 -3.50618e-6 0.9999873 0.005049288 -2.81632e-6 0.9999873 0.005050778 3.50618e-6 0.9224495 0.3861181 -9.33256e-6 0.9999873 0.005050718 4.57336e-7 0.9226514 0.3856353 -3.99491e-6 0.9239037 0.3826251 -1.36484e-5 0.9999904 0.004383563 7.00145e-6 0.9999904 0.004408299 2.18451e-5 0.9238941 0.3826484 8.36418e-6 1 4.58211e-5 0 0.9999905 0.004350543 0 1 -1.20355e-5 0 1 -1.17631e-5 -5.61946e-7 0.9238667 0.3827146 6.36722e-6 0.922614 0.3857247 3.5676e-5 0.7071422 0.7070714 -3.90667e-6 0.7071456 0.707068 -2.67426e-5 0.922616 0.3857199 3.32494e-6 0.7055846 0.7086258 -3.43014e-6 0.7070758 0.7071378 5.76465e-6 0.7055489 0.7086613 2.06218e-5 0.3827205 0.9238643 -3.69013e-6 0.3827237 0.9238629 -1.1475e-5 0.7055512 0.708659 6.42203e-6 0.3817048 0.9242843 -6.28009e-6 0.3826473 0.9238945 6.37257e-6 0.3816283 0.9243159 5.6144e-6 4.47333e-5 1 -3.7835e-6 2.50041e-5 1 3.54189e-6 0.3816545 0.9243051 9.33707e-6 2.5019e-5 1 -1.87718e-6 0.923897 0.3826413 -9.36191e-6 1 3.8296e-5 -2.36109e-5 1 3.84003e-5 0 1 -2.62191e-6 0 1 -2.85683e-6 1.348e-7 0.9999904 0.004407644 -2.94494e-7 0.9999906 0.004362285 2.13586e-5 1 0 2.37009e-7 0.9999906 0.004362285 0 0.9999905 0.004362344 1.37676e-7 0.9999905 0.004362344 2.09384e-7 0.9999905 0.004362344 2.99159e-7 0.9999906 0.004362344 5.43414e-7 0.9999904 0.004407286 0 1 -2.52668e-6 5.02698e-7 0.9999904 0.004407525 0 0.9999905 0.004363715 -1.19635e-7 1 1.44308e-6 1.41606e-7 1 1.1602e-6 0 0.99999 0.004482388 0 1 -2.37599e-5 2.438e-7 1 -2.37599e-5 1.13663e-5 1 3.2699e-5 -5.97909e-7 0.9238992 0.382636 -1.79768e-5 0.9999904 0.004395484 -1.17831e-5 0.9999905 0.004384517 6.94307e-6 0.9239035 0.3826258 3.64984e-6 0.9226511 0.385636 -1.68604e-5 0.9226143 0.3857238 -3.13082e-5 0.9238669 0.3827138 1.1011e-5 0.707143 0.7070707 5.15487e-6 0.9226151 0.3857223 6.37327e-6 0.707144 0.7070696 -9.60485e-6 0.7055828 0.7086275 -1.65237e-5 0.7055522 0.708658 -7.41459e-5 0.7070793 0.7071343 2.26013e-5 0.3827252 0.9238623 -7.90786e-6 0.7055482 0.708662 4.89019e-6 0.3827198 0.9238645 -2.43214e-5 0.3817009 0.9242859 -1.66305e-5 0.3816291 0.9243157 -3.29055e-5 0.382648 0.9238943 5.61867e-6 4.54932e-5 1 -1.91927e-5 0.381654 0.9243053 5.69624e-6 2.45571e-5 1 -9.29301e-6 2.45422e-5 1 -9.33707e-6 0.9999904 0.004401206 -1.07959e-5 0.9999904 0.004401028 -7.92614e-5 0.9226446 0.3856515 1.0794e-5 0.9226473 0.3856451 -5.31671e-6 0.9999904 0.004393875 9.33481e-6 0.9226474 0.3856449 -9.33708e-6 0.922618 0.3857151 -1.08727e-5 0.9226179 0.3857153 -7.91876e-5 0.7055884 0.708622 1.08727e-5 0.7055841 0.7086262 -5.36307e-6 0.9226156 0.3857208 9.33708e-6 0.705584 0.7086264 -9.33707e-6 0.7055507 0.7086595 -1.08611e-5 0.7055507 0.7086595 5.36308e-6 0.3817042 0.9242846 1.08611e-5 0.3817042 0.9242845 -5.36308e-6 0.7055507 0.7086595 9.33707e-6 0.3817043 0.9242846 -9.33707e-6 0.3816545 0.9243051 -1.08518e-5 0.3816545 0.9243051 5.36308e-6 2.5034e-5 1 1.08518e-5 2.50489e-5 1 -5.36308e-6 0.3816545 0.9243051 9.33707e-6 2.5034e-5 1 0 1 5.33379e-6 0 1 -5.33518e-6 4.3869e-5 -9.33256e-6 1 4.38318e-5 -2.90573e-6 1 0.3814948 3.5989e-6 0.9243711 0.3814952 2.90573e-6 0.9243708 4.45992e-5 6.01891e-5 1 0.3814953 9.33257e-6 0.9243709 0.3815576 -4.02461e-6 0.9243451 0.3815576 9.28853e-6 0.9243451 0.7053023 1.56462e-6 0.7089067 0.3815557 -1.57952e-6 0.9243459 0.7053011 4.02461e-6 0.7089079 0.705301 -9.28851e-6 0.708908 0.7053586 -3.86236e-6 0.7088507 0.7053586 9.28853e-6 0.7088508 0.9224188 1.15484e-6 0.3861912 0.705365 -1.15484e-6 0.7088444 0.9224222 3.86237e-6 0.3861831 0.9224222 -9.28854e-6 0.386183 0.9224493 -9.33256e-6 0.3861184 0.9224493 -2.82377e-6 0.3861184 0.9999873 3.50618e-6 0.005051016 0.9999873 2.81632e-6 0.005053639 0.9224483 -3.50618e-6 0.3861209 0.9999873 9.33255e-6 0.005053699 2.70158e-5 9.29301e-6 1 0.3816564 1.91908e-5 0.9243044 2.69115e-5 -5.69624e-6 1 3.23057e-5 -5.61122e-6 1 0.3816619 1.66813e-5 0.9243021 0.3826358 3.29585e-5 0.9238993 0.3827297 -5.43061e-6 0.9238604 0.3817113 -3.21105e-5 0.9242817 0.7055562 7.52322e-6 0.708654 0.3827183 -2.26088e-5 0.9238651 0.7055472 1.66029e-5 0.708663 0.7070742 7.42752e-5 0.7071394 0.7071512 -6.04272e-6 0.7070624 0.7055904 -1.80034e-5 0.70862 0.9226192 -4.79538e-6 0.3857125 0.7071391 -1.01347e-5 0.7070745 0.9226124 1.77665e-5 0.3857285 0.923865 3.22319e-5 0.3827188 0.9238982 -6.28768e-6 0.3826386 0.9226461 -3.09924e-5 0.3856481 0.9999904 1.25282e-5 0.004397571 0.9238937 2.04146e-6 0.3826494 0.9999904 -1.65652e-5 0.004409313 1 1.82453e-5 4.71373e-5 0.9999906 2.47799e-7 0.004362344 0.9999906 1.60552e-7 0.004362344 0.9999906 -2.09384e-7 0.004362344 0.9999906 0 0.004362344 0.9999906 -2.99159e-7 0.004362344 0.9999905 -2.36875e-7 0.004362344 1 1.01483e-5 4.36902e-5 0.9999903 -3.72832e-6 0.004406034 0.923895 4.41074e-6 0.3826463 1 2.36407e-5 4.35412e-5 0.923895 1.92369e-6 0.3826461 1 9.3619e-6 4.34965e-5 0.9999904 4.32182e-5 0.004398167 0.9226457 5.12766e-7 0.3856487 0.9238979 -1.36672e-7 0.3826391 0.9238663 -8.20033e-7 0.3827154 0.9226137 -2.66917e-6 0.3857253 0.7071416 -3.67579e-5 0.707072 0.7071496 -2.0978e-7 0.707064 0.9226182 2.63344e-5 0.3857145 0.7055888 -2.62662e-6 0.7086216 0.7070725 2.62324e-6 0.7071412 0.7055456 -2.83495e-6 0.7086645 0.3827161 -1.95712e-5 0.923866 0.3827309 0 0.92386 0.7055572 9.25134e-6 0.7086531 0.3817126 -6.03308e-6 0.9242811 0.3826346 5.86746e-6 0.9238998 0.3816608 -2.38931e-6 0.9243026 3.09944e-5 -2.66079e-6 1 2.87145e-5 -2.85916e-7 1 0.3816581 -7.66972e-6 0.9243037 2.89381e-5 -9.33706e-6 1 1 -1.85536e-5 0 -3.90872e-6 -0.7053577 0.7088515 9.28852e-6 -0.7053577 0.7088516 1.3262e-6 -0.9224184 0.3861922 -1.3262e-6 -0.7053563 0.708853 3.90872e-6 -0.9224177 0.3861938 -6.52421e-5 -0.9224177 0.3861939 -9.33255e-6 -0.92245 0.3861169 -2.81632e-6 -0.9224498 0.3861169 3.50618e-6 -0.9999873 0.005049288 2.81632e-6 -0.9999873 0.005050778 -3.50618e-6 -0.9224495 0.3861181 9.33256e-6 -0.9999873 0.005050718 -4.5765e-7 -0.9226413 0.3856596 4.01004e-6 -0.9238937 0.3826493 1.36483e-5 -0.9999903 0.004409849 -7.41403e-6 -0.9999904 0.004408299 -2.22325e-5 -0.9238942 0.3826484 -8.77719e-6 -1 4.58509e-5 -1.5894e-7 -0.9999906 0.004362344 5.61946e-7 -0.9238667 0.3827146 -6.36722e-6 -0.922614 0.3857247 -3.5676e-5 -0.7071422 0.7070714 3.90667e-6 -0.7071456 0.707068 2.67426e-5 -0.922616 0.3857199 -3.32494e-6 -0.7055846 0.7086258 3.43014e-6 -0.7070758 0.7071378 -5.76465e-6 -0.7055489 0.7086613 -2.06218e-5 -0.3827205 0.9238643 3.69013e-6 -0.3827237 0.9238629 1.1475e-5 -0.7055512 0.708659 -6.42203e-6 -0.3817048 0.9242843 6.28009e-6 -0.3826473 0.9238945 -6.37257e-6 -0.3816283 0.9243159 -5.6144e-6 -4.47333e-5 1 3.7835e-6 -2.50041e-5 1 -3.54189e-6 -0.3816545 0.9243051 -9.33707e-6 -2.5019e-5 1 1.87718e-6 -0.923897 0.3826413 9.36191e-6 -1 3.8296e-5 2.36109e-5 -1 3.84003e-5 -2.99159e-7 -0.9999906 0.004362344 0 -0.9999906 0.004362344 -2.09384e-7 -0.9999906 0.004362344 0 -0.9999905 0.004362344 -1.37676e-7 -0.9999905 0.004362344 -2.09384e-7 -0.9999905 0.004362344 -5.43414e-7 -0.9999904 0.004407286 0 -1 -2.52668e-6 -5.02698e-7 -0.9999904 0.004407525 0 -0.9999905 0.004363715 1.19635e-7 -1 1.44308e-6 -1.41606e-7 -1 1.1602e-6 0 -0.99999 0.004482388 0 -1 -2.37599e-5 -2.438e-7 -1 -2.37599e-5 -1.13663e-5 -1 3.2699e-5 5.97909e-7 -0.9238992 0.382636 1.79768e-5 -0.9999904 0.004395484 1.17831e-5 -0.9999905 0.004384517 -6.94307e-6 -0.9239035 0.3826258 -3.64984e-6 -0.9226511 0.385636 1.68604e-5 -0.9226143 0.3857238 3.13082e-5 -0.9238669 0.3827138 -1.1011e-5 -0.707143 0.7070707 -5.15487e-6 -0.9226151 0.3857223 -6.37327e-6 -0.707144 0.7070696 9.60485e-6 -0.7055828 0.7086275 1.65237e-5 -0.7055522 0.708658 7.41459e-5 -0.7070793 0.7071343 -2.26013e-5 -0.3827252 0.9238623 7.90786e-6 -0.7055482 0.708662 -4.89019e-6 -0.3827198 0.9238645 2.43214e-5 -0.3817009 0.9242859 1.66305e-5 -0.3816291 0.9243157 3.29055e-5 -0.382648 0.9238943 -5.61867e-6 -4.54932e-5 1 1.91927e-5 -0.381654 0.9243053 -5.69624e-6 -2.45571e-5 1 9.29301e-6 -2.45422e-5 1 9.33707e-6 -0.9999904 0.004401206 1.07959e-5 -0.9999904 0.004401028 7.92614e-5 -0.9226446 0.3856515 -1.0794e-5 -0.9226473 0.3856451 5.31671e-6 -0.9999904 0.004393875 -9.33481e-6 -0.9226474 0.3856449 9.33708e-6 -0.922618 0.3857151 1.08727e-5 -0.9226179 0.3857153 7.91876e-5 -0.7055884 0.708622 -1.08727e-5 -0.7055841 0.7086262 5.36307e-6 -0.9226156 0.3857208 -9.33708e-6 -0.705584 0.7086264 9.33707e-6 -0.7055507 0.7086595 1.08611e-5 -0.7055507 0.7086595 -5.36308e-6 -0.3817042 0.9242846 -1.08611e-5 -0.3817042 0.9242845 5.36308e-6 -0.7055507 0.7086595 -9.33707e-6 -0.3817043 0.9242846 9.33707e-6 -0.3816545 0.9243051 1.08518e-5 -0.3816545 0.9243051 -5.36308e-6 -2.5034e-5 1 -1.08518e-5 -2.50489e-5 1 5.36308e-6 -0.3816545 0.9243051 -9.33707e-6 -2.5034e-5 1 0 -1 5.33379e-6 0 -1 -5.33518e-6 -4.3869e-5 9.33256e-6 1 -4.38318e-5 2.90573e-6 1 -0.3814948 -3.5989e-6 0.9243711 -0.3814952 -2.90573e-6 0.9243708 -4.45992e-5 -6.01891e-5 1 -0.3814953 -9.33257e-6 0.9243709 -0.3815576 4.02461e-6 0.9243451 -0.3815576 -9.28853e-6 0.9243451 -0.7053023 -1.56462e-6 0.7089067 -0.3815557 1.57952e-6 0.9243459 -0.7053011 -4.02461e-6 0.7089079 -0.705301 9.28851e-6 0.708908 -0.7053586 3.86236e-6 0.7088507 -0.7053586 -9.28853e-6 0.7088508 -0.9224188 -1.15484e-6 0.3861912 -0.705365 1.15484e-6 0.7088444 -0.9224222 -3.86237e-6 0.3861831 -0.9224222 9.28854e-6 0.386183 -0.9224493 9.33256e-6 0.3861184 -0.9224493 2.82377e-6 0.3861184 -0.9999873 -3.50618e-6 0.005051016 -0.9999873 -2.81632e-6 0.005053639 -0.9224483 3.50618e-6 0.3861209 -0.9999873 -9.33255e-6 0.005053699 -2.70158e-5 -9.29301e-6 1 -0.3816564 -1.91908e-5 0.9243044 -2.69115e-5 5.69624e-6 1 -3.23057e-5 5.61122e-6 1 -0.3816619 -1.66813e-5 0.9243021 -0.3826358 -3.29585e-5 0.9238993 -0.3827297 5.43061e-6 0.9238604 -0.3817113 3.21105e-5 0.9242817 -0.7055562 -7.52322e-6 0.708654 -0.3827183 2.26088e-5 0.9238651 -0.7055472 -1.66029e-5 0.708663 -0.7070742 -7.42752e-5 0.7071394 -0.7071512 6.04272e-6 0.7070624 -0.7055904 1.80034e-5 0.70862 -0.9226192 4.79538e-6 0.3857125 -0.7071391 1.01347e-5 0.7070745 -0.9226124 -1.77665e-5 0.3857285 -0.923865 -3.22319e-5 0.3827188 -0.9238888 6.25871e-6 0.3826612 -0.9226366 3.09694e-5 0.3856707 -0.9999905 -1.24564e-5 0.004374206 -0.9238937 -2.16998e-7 0.3826494 -0.9999904 -1.76051e-5 0.004409253 -1 -1.63508e-5 4.71373e-5 -1 1.30823e-7 2.69394e-5 -0.9999906 -1.25266e-7 0.004341363 -1 0 2.69394e-5 -1 1.22543e-7 -2.06439e-5 -0.9999904 0 0.004389643 -1 0 -2.06442e-5 -1 -1.44649e-7 2.6939e-5 -0.9999906 0 0.004341363 -0.9999906 0 0.004341363 -1 0 2.69394e-5 -0.9999906 1.51224e-7 0.004341363 -1 0 2.6939e-5 -1 0 -1.97955e-5 -0.9999904 1.22344e-7 0.004390478 -1 0 -1.9796e-5 -1 1.05482e-5 4.47333e-5 -0.9999903 3.22983e-6 0.004407048 -0.9238945 -4.89503e-6 0.3826473 -1 -2.36407e-5 4.35412e-5 -0.923895 -1.92369e-6 0.3826461 -1 -9.3619e-6 4.34965e-5 -0.9999905 -4.32183e-5 0.004374742 -0.9226548 -5.1305e-7 0.3856271 -0.9239069 1.53901e-7 0.3826174 -0.9238663 8.20033e-7 0.3827154 -0.9226137 2.66917e-6 0.3857253 -0.7071416 3.67579e-5 0.707072 -0.7071496 2.0978e-7 0.707064 -0.9226182 -2.63344e-5 0.3857145 -0.7055888 2.62662e-6 0.7086216 -0.7070725 -2.62324e-6 0.7071412 -0.7055456 2.83495e-6 0.7086645 -0.3827161 1.95712e-5 0.923866 -0.3827309 0 0.92386 -0.7055572 -9.25134e-6 0.7086531 -0.3817126 6.03308e-6 0.9242811 -0.3826346 -5.86746e-6 0.9238998 -0.3816608 2.38931e-6 0.9243026 -3.09944e-5 2.66079e-6 1 -2.87145e-5 2.85916e-7 1 -0.3816581 7.66972e-6 0.9243037 -2.89381e-5 9.33706e-6 1 1 0 -2.69399e-5 1 1.5562e-7 -2.69392e-5 1 -1.44649e-7 -2.6939e-5 1 0 -2.69394e-5 1 0 -2.69399e-5 1 0 -2.6939e-5 -1 -2.07597e-4 0 -1 -2.07568e-4 0 -1 -2.07626e-4 0 0 -1 3.09642e-6 1.80375e-7 -1 2.86149e-6 -1.67645e-7 -1 2.61958e-6 2.13586e-5 -1 0 0 -1 4.31347e-7 0 -1 -8.53187e-7 0 -1 -5.17944e-7 0 -1 4.41153e-6 0 -1 1.15221e-5 0 -1 -6.81906e-6 0 -1 6.83289e-6 0 -1 1.00476e-5 0 -1 1.19107e-5 0 -1 -1.19107e-5 0 -1 -1.05988e-5 1 2.07597e-4 0 1 2.07568e-4 0 1 2.07626e-4 0 0 1 3.09642e-6 -1.80375e-7 1 2.86149e-6 1.67645e-7 1 2.61958e-6 -2.13586e-5 1 0 1.5289e-7 -1 2.76207e-6 -2.13585e-5 -1 3.09874e-6 0 -1 2.52877e-6 0 -1 -5.29471e-6 0 -1 5.17935e-6 0 -1 0 0 1 -7.66186e-7 0 1 7.22557e-6 0 1 -9.88725e-7 0 1 2.00319e-5 0 1 -1.03868e-5 0 1 -5.72948e-6 0 1 1.24495e-6 0 1 -8.70392e-7 0 1 -3.34855e-6 -0.8412693 -1.45137e-5 -0.5406164 -0.9594936 -5.01284e-6 -0.2817307 -1 -9.39891e-6 -2.81643e-5 -1 5.31878e-6 2.73203e-6 -0.959501 9.68948e-6 -0.2817053 -0.9595011 1.46292e-5 0.2817049 -1 -1.50204e-5 2.82526e-5 -0.9594927 -5.69533e-6 0.2817336 -0.8412693 -1.01198e-5 0.5406165 -0.8412589 4.8044e-6 0.5406326 -0.9594861 9.28715e-6 0.2817561 -0.6548855 1.43163e-5 0.7557281 -0.8412114 -1.06953e-5 0.5407065 -0.6548517 -5.26558e-6 0.7557575 -0.4154396 -9.43802e-6 0.9096208 -0.4154259 5.07623e-6 0.9096271 -0.6548333 9.19588e-6 0.7557734 -0.1423828 1.05612e-5 0.9898117 -0.4153951 -1.53668e-5 0.9096412 -0.1423192 -5.72304e-6 0.9898208 0.1422325 -5.61588e-6 0.9898334 0.1423186 5.80883e-6 0.9898209 -0.1422331 5.70528e-6 0.9898333 0.4153946 1.54451e-5 0.9096414 0.1423839 -1.04979e-5 0.9898115 0.4154268 -5.02134e-6 0.9096267 0.6548342 -9.09902e-6 0.7557727 0.6548511 5.30493e-6 0.7557579 0.4154389 9.48831e-6 0.9096212 0.841211 1.07102e-5 0.5407072 0.6548855 -1.43163e-5 0.7557281 0.8412589 -4.8044e-6 0.5406326 0.9594861 -9.28715e-6 0.2817561 0.9594925 5.74207e-6 0.2817347 0.8412686 1.01775e-5 0.5406174 1 1.50539e-5 2.94447e-5 0.9595012 -1.45957e-5 0.2817049 1 -5.28141e-6 2.73203e-6 0.959501 -9.65595e-6 -0.2817053 0.9594933 5.02012e-6 -0.2817315 1 9.39704e-6 -2.90583e-5 0.8412688 1.45435e-5 -0.5406171 0.9594846 -1.49198e-5 -0.2817614 0.8412568 -5.40656e-6 -0.540636 0.6548813 -9.49949e-6 -0.7557318 0.6548504 5.30336e-6 -0.7557587 0.8412112 5.27874e-6 -0.5407068 0.4154393 1.48453e-5 -0.909621 0.6548402 -1.56835e-5 -0.7557674 0.4154192 -6.17688e-6 -0.9096301 0.1423447 -1.0401e-5 -0.9898172 0.1423177 4.57693e-6 -0.989821 0.4153943 8.78982e-6 -0.9096415 -0.1422334 1.00248e-5 -0.9898332 0.1422328 -9.93535e-6 -0.9898333 -0.1423181 -4.48921e-6 -0.989821 -0.4153949 -8.71904e-6 -0.9096413 -0.4154224 6.24161e-6 -0.9096288 -0.1423436 1.04755e-5 -0.9898174 -0.6548395 1.57356e-5 -0.7557681 -0.41544 -1.4782e-5 -0.9096206 -0.6548476 -5.243e-6 -0.755761 -0.8412116 -5.23962e-6 -0.540706 -0.8412568 5.40656e-6 -0.540636 -0.6548813 9.49949e-6 -0.7557318 -0.9594846 1.49198e-5 -0.2817614 -0.8412693 1.55754e-5 0.5406163 -0.9594924 5.69789e-6 0.2817349 -1 9.58703e-6 2.81268e-5 -1 -5.32047e-6 -2.67383e-6 -0.959501 -9.22009e-6 0.2817053 -0.9595012 -1.50613e-5 -0.2817049 -1 1.47708e-5 -2.82824e-5 -0.9594939 5.01139e-6 -0.2817295 -0.8412693 8.99285e-6 -0.5406165 -0.8412563 -5.40871e-6 -0.5406368 -0.9594846 -9.38214e-6 -0.2817609 -0.6548817 -1.49459e-5 -0.7557315 -0.8412114 1.06953e-5 -0.5407065 -0.6548517 5.26558e-6 -0.7557575 -0.4154396 9.43802e-6 -0.9096208 -0.4154175 -6.23916e-6 -0.909631 -0.6548399 -1.03377e-5 -0.7557678 -0.1423441 -1.59293e-5 -0.9898172 -0.4153944 1.42083e-5 -0.9096415 -0.1423192 4.4881e-6 -0.9898209 0.1422333 4.54858e-6 -0.9898332 0.1423186 -4.57576e-6 -0.989821 -0.1422338 -4.63612e-6 -0.9898331 0.4153939 -1.4279e-5 -0.9096417 0.1423451 1.58586e-5 -0.9898171 0.4154183 6.17496e-6 -0.9096305 0.6548406 1.02893e-5 -0.7557671 0.6548511 -5.30493e-6 -0.7557579 0.4154389 -9.48831e-6 -0.9096212 0.841211 -1.07102e-5 -0.5407072 0.6548817 1.49459e-5 -0.7557315 0.8412563 5.40871e-6 -0.5406368 0.9594846 9.38214e-6 -0.2817609 0.9594948 -5.01925e-6 -0.2817263 0.8412685 -9.01893e-6 -0.5406175 1 -1.47559e-5 -2.95043e-5 0.9595012 1.50315e-5 -0.2817049 1 5.28316e-6 -2.67429e-6 0.959501 9.18657e-6 0.2817053 0.9594922 -5.74446e-6 0.2817357 1 -9.6187e-6 2.90205e-5 0.8412689 -1.56313e-5 0.5406171 0.959486 1.47e-5 0.2817565 0.8412594 4.8026e-6 0.5406317 0.6548852 8.90158e-6 0.7557284 0.6548504 -5.30336e-6 0.7557587 0.8412112 -5.27874e-6 0.5407068 0.4154393 -1.48453e-5 0.909621 0.6548339 1.45473e-5 0.755773 0.4154276 5.02355e-6 0.9096263 0.1423834 5.0813e-6 0.9898117 0.1423177 -5.80878e-6 0.9898211 0.415395 -1.00844e-5 0.9096412 -0.1422326 -1.11349e-5 0.9898333 0.1422321 1.10529e-5 0.9898334 -0.1423181 5.72304e-6 0.989821 -0.4153955 1.00136e-5 0.909641 -0.4154268 -5.07315e-6 0.9096267 -0.1423824 -5.1409e-6 0.9898118 -0.654833 -1.45435e-5 0.7557736 -0.41544 1.4782e-5 0.9096206 -0.6548476 5.243e-6 0.755761 -0.8412116 5.23962e-6 0.540706 -0.8412594 -4.8026e-6 0.5406317 -0.6548852 -8.90158e-6 0.7557284 -0.959486 -1.47e-5 0.2817565 1.1012e-4 -9.31323e-6 -1 0.3827077 1.52923e-6 -0.9238695 1.1012e-4 -4.63337e-6 -1 -5.69224e-6 -7.26432e-6 -1 0.3826209 -3.79002e-6 -0.9239055 0.4999142 -1.54423e-5 -0.866075 0.5000106 -9.34117e-7 -0.8660193 0.3827002 -1.0388e-5 -0.9238727 0.7070807 -4.96767e-6 -0.7071328 0.5000491 -4.58583e-6 -0.8659972 0.7071269 3.16792e-6 -0.7070867 0.8660215 -1.64369e-5 -0.500007 0.8660055 6.47176e-6 -0.5000346 0.7071133 1.7493e-5 -0.7071003 0.9238445 -1.43331e-6 -0.3827681 0.8660511 1.65608e-5 -0.4999556 0.9238882 1.40257e-6 -0.3826626 1 3.81097e-6 -4.18109e-5 1 1.5758e-6 -6.21825e-5 0.9238879 8.30905e-6 -0.3826634 1 -9.35964e-6 -6.21825e-5 1 9.31548e-6 -6.21825e-5 0.9238879 -1.52551e-6 -0.3826634 1 4.63449e-6 -6.21825e-5 1 -2.22847e-5 -4.29451e-5 0.9238874 8.01589e-6 -0.3826645 0.8660507 2.09669e-5 -0.4999563 0.8660054 -4.3849e-6 -0.5000348 0.9238446 -5.73322e-6 -0.3827679 0.7071141 1.97291e-5 -0.7070995 0.8660212 4.91925e-6 -0.5000075 0.7071272 -3.16816e-6 -0.7070863 0.5000486 1.6069e-5 -0.8659973 0.5000104 -1.1581e-6 -0.8660194 0.707081 -3.75928e-6 -0.7071326 0.3826996 -1.07018e-5 -0.923873 0.4999138 3.62657e-6 -0.8660752 0.3826214 6.5174e-6 -0.9239053 -5.77236e-6 1.39382e-5 -1 1.1012e-4 -1.57021e-6 -1 0.3827077 -8.31105e-6 -0.9238695 1.1012e-4 9.35739e-6 -1 1 9.3619e-6 4.13954e-5 1 2.02656e-5 4.1388e-5 0.9238958 8.24815e-6 0.3826443 0.9238966 -2.02656e-5 0.3826422 1 -8.20165e-6 3.91454e-5 0.9238967 -9.3619e-6 0.3826422 0.923862 1.15406e-6 0.3827258 0.923862 -6.54472e-5 0.3827258 0.7071337 -1.10269e-6 0.7070799 0.9238632 1.09524e-6 0.3827229 0.7071359 -1.15406e-6 0.7070778 0.7071359 9.31772e-6 0.7070778 0.7070779 1.13081e-6 0.7071357 0.7070779 -9.31772e-6 0.7071357 0.3827232 -1.02073e-6 0.9238631 0.707078 1.02073e-6 0.7071357 0.3827232 -1.13081e-6 0.9238631 0.3827232 6.54472e-5 0.9238631 0.3826316 9.36186e-6 0.923901 0.3826316 2.03401e-5 0.923901 2.70605e-5 8.1087e-6 1 4.94514e-5 -2.03252e-5 1 0.3826521 -8.10867e-6 0.9238926 4.94868e-5 -9.36188e-6 1 0.7071294 -1.15406e-6 0.7070843 0.7071293 9.31774e-6 0.7070844 0.9238595 1.09524e-6 0.3827319 0.7071406 -1.09524e-6 0.7070731 0.9238656 1.15406e-6 0.3827174 0.9238655 -9.31774e-6 0.3827173 -1 -9.31548e-6 -6.21825e-5 -0.9238879 1.52551e-6 -0.3826634 -1 -4.63449e-6 -6.21825e-5 -1 2.22847e-5 -4.29451e-5 -0.9238874 -8.01589e-6 -0.3826645 -0.8660507 -2.09669e-5 -0.4999563 -0.8660054 4.3849e-6 -0.5000348 -0.9238446 5.73322e-6 -0.3827679 -0.7071141 -1.97291e-5 -0.7070995 -0.8660212 -4.91925e-6 -0.5000075 -0.7071272 3.16816e-6 -0.7070863 -0.5000486 -1.6069e-5 -0.8659973 -0.5000104 1.1581e-6 -0.8660194 -0.707081 3.75928e-6 -0.7071326 -0.3826996 1.07018e-5 -0.923873 -0.4999138 -3.62657e-6 -0.8660752 -0.3826214 -6.5174e-6 -0.9239053 5.77236e-6 -1.39382e-5 -1 -1.1012e-4 1.57021e-6 -1 -0.3827077 8.31105e-6 -0.9238695 -1.1012e-4 -9.35739e-6 -1 -4.94868e-5 9.36188e-6 1 -4.94514e-5 2.03252e-5 1 -0.3826521 8.10867e-6 0.9238926 -0.3826316 -2.03401e-5 0.923901 -2.70605e-5 -8.1087e-6 1 -0.3826316 -9.36186e-6 0.923901 -0.3827232 1.13081e-6 0.9238631 -0.3827232 -6.54472e-5 0.9238631 -0.707078 -1.02073e-6 0.7071357 -0.3827232 1.02073e-6 0.9238631 -0.7070779 -1.13081e-6 0.7071357 -0.7070779 9.31772e-6 0.7071357 -0.7071294 1.15406e-6 0.7070843 -0.7071293 -9.31774e-6 0.7070844 -0.9238595 -1.09524e-6 0.3827319 -0.7071406 1.09524e-6 0.7070731 -0.9238656 -1.15406e-6 0.3827174 -0.9238655 9.31774e-6 0.3827173 -0.9238967 9.3619e-6 0.3826422 -0.9238966 2.02656e-5 0.3826422 -1 8.20165e-6 3.91454e-5 -1 -2.02656e-5 4.1388e-5 -0.9238958 -8.24815e-6 0.3826443 -1 -9.3619e-6 4.13954e-5 -0.923862 -1.15406e-6 0.3827258 -0.923862 6.54472e-5 0.3827258 -0.7071337 1.10269e-6 0.7070799 -0.9238632 -1.09524e-6 0.3827229 -0.7071359 1.15406e-6 0.7070778 -0.7071359 -9.31772e-6 0.7070778 -1.1012e-4 9.31323e-6 -1 -0.3827077 -1.52923e-6 -0.9238695 -1.1012e-4 4.63337e-6 -1 5.69224e-6 7.26432e-6 -1 -0.3826209 3.79002e-6 -0.9239055 -0.4999142 1.54423e-5 -0.866075 -0.5000106 9.34117e-7 -0.8660193 -0.3827002 1.0388e-5 -0.9238727 -0.7070807 4.96767e-6 -0.7071328 -0.5000491 4.58583e-6 -0.8659972 -0.7071269 -3.16792e-6 -0.7070867 -0.8660215 1.64369e-5 -0.500007 -0.8660055 -6.47176e-6 -0.5000346 -0.7071133 -1.7493e-5 -0.7071003 -0.9238445 1.43331e-6 -0.3827681 -0.8660511 -1.65608e-5 -0.4999556 -0.9238882 -1.40257e-6 -0.3826626 -1 -3.81097e-6 -4.18109e-5 -1 -1.5758e-6 -6.21825e-5 -0.9238879 -8.30905e-6 -0.3826634 -1 9.35964e-6 -6.21825e-5 0 1 -3.85051e-6 0 -1 -3.85051e-6 -9.31548e-6 -6.21825e-5 -1 1.52923e-6 -0.3826634 -0.9238879 -4.63449e-6 -6.21825e-5 -1 -6.54533e-6 -4.24534e-5 -1 1.70339e-6 -0.3826653 -0.9238871 -1.15763e-5 -0.4999555 -0.8660511 1.8728e-5 -0.5000211 -0.8660133 1.31931e-5 -0.3827114 -0.923868 -8.47876e-6 -0.7070894 -0.7071242 3.53158e-6 -0.5000339 -0.8660059 1.08377e-5 -0.7071061 -0.7071076 -9.70624e-6 -0.8660125 -0.5000224 4.64311e-6 -0.8660222 -0.5000056 1.80816e-6 -0.707136 -0.7070776 6.3302e-6 -0.9238561 -0.3827401 -3.57442e-6 -0.8660546 -0.4999495 -6.61053e-6 -0.9238907 -0.3826566 -1.4279e-5 -1 -3.58019e-5 1.57021e-6 -1 -5.85914e-5 8.3109e-6 -0.9238905 -0.3826571 -9.35754e-6 -1 -5.5775e-5 9.31338e-6 -1 -5.5775e-5 -1.53109e-6 -0.9238905 -0.3826571 4.63338e-6 -1 -5.85616e-5 5.23776e-6 -1 -3.60906e-5 1.43191e-6 -0.9238908 -0.3826563 1.30218e-5 -0.8660544 -0.4999498 -1.48397e-5 -0.8660226 -0.5000048 -1.35214e-5 -0.9238561 -0.3827399 6.92718e-6 -0.7071362 -0.7070774 -1.80863e-6 -0.8660122 -0.5000228 -1.08377e-5 -0.7071064 -0.7071072 7.98982e-6 -0.5000334 -0.8660062 -8.49878e-6 -0.5000218 -0.8660129 -2.56579e-7 -0.7070896 -0.707124 -6.00331e-6 -0.3827116 -0.923868 2.05264e-6 -0.4999553 -0.8660513 3.40119e-6 -0.3826656 -0.923887 1.55121e-5 -4.21465e-5 -1 -1.57207e-6 -6.21974e-5 -1 -8.30905e-6 -0.3826634 -0.9238879 9.35964e-6 -6.21825e-5 -1 9.3619e-6 -1 3.86685e-5 2.0273e-5 -1 3.8676e-5 8.24814e-6 -0.923897 0.3826416 -2.0273e-5 -0.9238948 0.3826466 -8.20162e-6 -1 4.43011e-5 -9.36191e-6 -0.9238948 0.3826467 1.15406e-6 -0.9238632 0.382723 -9.31773e-6 -0.9238632 0.382723 -1.08778e-6 -0.7071359 0.7070777 1.05053e-6 -0.9238613 0.3827274 -1.15406e-6 -0.7071325 0.707081 9.31773e-6 -0.7071325 0.707081 1.13081e-6 -0.7070758 0.7071378 -9.31772e-6 -0.7070757 0.7071379 -1.02073e-6 -0.3827203 0.9238644 1.02073e-6 -0.7070757 0.7071379 -1.13081e-6 -0.3827204 0.9238642 9.31773e-6 -0.3827204 0.9238643 9.3619e-6 -0.3826426 0.9238965 2.03326e-5 -0.3826426 0.9238965 8.10864e-6 -3.96073e-5 1 -2.03401e-5 -4.29396e-5 1 -8.10864e-6 -0.3826458 0.9238952 -9.36189e-6 -4.29451e-5 1 -9.36191e-6 -3.75509e-5 1 -2.03252e-5 -3.75714e-5 1 -8.10862e-6 -0.3826404 0.9238974 2.03326e-5 -0.3826476 0.9238944 8.10862e-6 -4.53591e-5 1 9.36191e-6 -0.3826476 0.9238944 -9.31338e-6 1 -5.5775e-5 1.53109e-6 0.9238905 -0.3826571 -4.63338e-6 1 -5.85616e-5 -5.23776e-6 1 -3.60906e-5 -1.43191e-6 0.9238908 -0.3826563 -1.30218e-5 0.8660544 -0.4999498 1.48397e-5 0.8660226 -0.5000048 1.35214e-5 0.9238561 -0.3827399 -6.92718e-6 0.7071362 -0.7070774 1.80863e-6 0.8660122 -0.5000228 1.08377e-5 0.7071064 -0.7071072 -7.98982e-6 0.5000334 -0.8660062 8.49878e-6 0.5000218 -0.8660129 2.56579e-7 0.7070896 -0.707124 6.00331e-6 0.3827116 -0.923868 -2.05264e-6 0.4999553 -0.8660513 -3.40119e-6 0.3826656 -0.923887 -1.55121e-5 4.21465e-5 -1 1.57207e-6 6.21974e-5 -1 8.30905e-6 0.3826634 -0.9238879 -9.35964e-6 6.21825e-5 -1 9.36191e-6 3.75509e-5 1 2.03252e-5 3.75714e-5 1 8.10862e-6 0.3826404 0.9238974 -2.03326e-5 0.3826476 0.9238944 -8.10862e-6 4.53591e-5 1 -9.36191e-6 0.3826476 0.9238944 1.13081e-6 0.3827204 0.9238642 -9.31773e-6 0.3827204 0.9238643 -1.02073e-6 0.7070757 0.7071379 1.02073e-6 0.3827203 0.9238644 -1.13081e-6 0.7070758 0.7071378 9.31772e-6 0.7070757 0.7071379 1.15406e-6 0.7071325 0.707081 -9.31773e-6 0.7071325 0.707081 -1.05053e-6 0.9238613 0.3827274 1.08778e-6 0.7071359 0.7070777 -1.15406e-6 0.9238632 0.382723 9.31773e-6 0.9238632 0.382723 9.36191e-6 0.9238948 0.3826467 2.0273e-5 0.9238948 0.3826466 8.20162e-6 1 4.43011e-5 -2.0273e-5 1 3.8676e-5 -8.24814e-6 0.923897 0.3826416 -9.3619e-6 1 3.86685e-5 -9.3619e-6 0.3826426 0.9238965 -2.03326e-5 0.3826426 0.9238965 -8.10864e-6 3.96073e-5 1 2.03401e-5 4.29396e-5 1 8.10864e-6 0.3826458 0.9238952 9.36189e-6 4.29451e-5 1 9.31548e-6 6.21825e-5 -1 -1.52923e-6 0.3826634 -0.9238879 4.63449e-6 6.21825e-5 -1 6.54533e-6 4.24534e-5 -1 -1.70339e-6 0.3826653 -0.9238871 1.15763e-5 0.4999555 -0.8660511 -1.8728e-5 0.5000211 -0.8660133 -1.31931e-5 0.3827114 -0.923868 8.47876e-6 0.7070894 -0.7071242 -3.53158e-6 0.5000339 -0.8660059 -1.08377e-5 0.7071061 -0.7071076 9.70624e-6 0.8660125 -0.5000224 -4.64311e-6 0.8660222 -0.5000056 -1.80816e-6 0.707136 -0.7070776 -6.3302e-6 0.9238561 -0.3827401 3.57442e-6 0.8660546 -0.4999495 6.61053e-6 0.9238907 -0.3826566 1.4279e-5 1 -3.58019e-5 -1.57021e-6 1 -5.85914e-5 -8.3109e-6 0.9238905 -0.3826571 9.35754e-6 1 -5.5775e-5 1 7.70102e-6 0 -1 7.70102e-6 0 -1 -7.70102e-6 0 -0.9238987 0.3826373 4.03821e-5 -1 4.95873e-5 7.87899e-6 -0.8945819 0.3282964 0.3032242 -0.8945758 0.3282832 0.3032563 -1 1.63317e-5 2.7037e-5 -0.9238965 5.54211e-5 0.3826426 -0.8945458 0.3282998 0.3033266 -0.923869 4.26257e-5 0.382709 -0.65332 0.3826436 0.6532663 -0.6533144 0.3826299 0.65328 -0.9238662 4.91589e-5 0.3827157 -0.7071228 5.70961e-5 0.7070908 -0.6532858 0.3826261 0.6533108 -0.7070655 2.7135e-5 0.7071481 -0.382736 2.85525e-5 0.9238578 -0.6532523 0.3826631 0.6533227 -0.3827157 4.12445e-5 0.9238662 -0.3033418 0.3282991 0.894541 -0.3032701 0.3282967 0.8945661 -0.3826348 3.29763e-5 0.9238998 -4.98444e-5 2.79397e-5 1 -0.3032314 0.3283091 0.8945747 -3.99202e-5 4.81519e-5 1 -5.10477e-5 0.3826523 0.9238925 -0.3032189 0.3283604 0.8945602 -3.33637e-5 0.3827155 0.9238663 -0.1462754 0.6521528 0.7438415 -0.1462613 0.6521488 0.7438479 6.5699e-5 0.3827348 0.9238583 1.96025e-5 0.7070869 0.7071268 -0.1463333 0.6521825 0.7438042 -2.38568e-5 0.7071257 0.7070879 -4.44129e-5 0.923868 0.3827114 -2.39536e-6 1 3.64482e-5 -0.2705646 0.9238877 0.2706037 -7.93487e-6 0.9238917 0.3826541 -2.7813e-5 0.9238595 0.3827317 -0.2705913 0.9238682 0.2706438 -0.4999627 0.7071056 0.5000391 -6.89365e-6 0.9238666 0.382715 -0.4999759 0.7071143 0.5000135 -0.1463043 0.6521861 0.7438067 -0.1463364 0.6521789 0.7438067 -0.4999896 0.7070816 0.5000461 -0.6532436 0.3827058 0.6533063 -0.1463203 0.6521667 0.7438206 -0.6532317 0.3826977 0.6533229 -0.3032895 0.3283424 0.8945428 -2.455e-5 1 2.52277e-5 -0.3826607 0.9238891 2.84687e-5 -0.270581 0.923892 0.2705729 -0.2706425 0.9238731 0.2705759 -0.3827356 0.9238579 2.36779e-5 -0.707077 0.7071366 3.21195e-5 -0.2706416 0.9238653 0.2706031 -0.7070806 0.7071331 3.27751e-5 -0.4999839 0.7071465 0.4999598 -0.5000075 0.7071233 0.4999692 -0.70708 0.7071336 6.78003e-6 -0.7437992 0.652195 0.1463022 -0.5000178 0.7071102 0.4999774 -0.7438207 0.6521576 0.1463603 -0.8945255 0.328359 0.3033224 -0.8945579 0.3283283 0.3032602 -0.7438577 0.6521241 0.1463214 -0.9238799 0.3826826 2.32123e-5 -0.7071282 0.7070854 2.59836e-5 -0.9238592 0.3827326 7.15256e-6 -0.7438483 0.6521468 0.1462683 -0.6532927 0.3827281 0.6532442 -0.5000486 0.7070764 0.4999943 -0.8945444 0.3283391 0.3032886 -0.3826524 -0.9238924 6.95884e-6 -3.44887e-5 -1 1.21817e-6 -0.270602 -0.9238886 0.2705635 -0.2705736 -0.9238915 0.2705818 -2.59951e-5 -1 2.55589e-5 -2.91467e-5 -0.9238887 0.3826615 -0.270576 -0.92387 0.2706528 -4.85033e-5 -0.923868 0.3827115 -0.146309 -0.6521885 0.7438037 -0.1463422 -0.6521808 0.7438038 -5.27203e-5 -0.9238709 0.3827046 -3.23951e-5 -0.7071204 0.7070932 -0.1462614 -0.6521487 0.743848 -1.90775e-5 -0.7070868 0.7071268 8.41916e-7 -0.3827348 0.9238583 -0.1463029 -0.6521501 0.7438385 -4.81037e-5 -0.3826949 0.9238748 -0.3032715 -0.3283351 0.8945515 -0.3032316 -0.3283088 0.8945747 -1.74791e-5 -0.3826317 0.923901 -1.55754e-5 -6.43246e-5 1 -0.3032694 -0.3282971 0.8945663 -5.5603e-5 -1.96397e-5 1 -0.3826345 -3.23877e-5 0.9238999 -0.3033396 -0.3282957 0.8945429 -0.3827202 -3.87405e-5 0.9238643 -0.6532452 -0.3826715 0.6533248 -0.6532777 -0.3826338 0.6533144 -0.3827437 -2.03103e-5 0.9238546 -0.7070897 -6.13998e-5 0.7071239 -0.6533109 -0.3826223 0.653288 -0.7071471 -2.27839e-5 0.7070666 -0.9238571 -2.54703e-5 0.3827376 -0.6533182 -0.3826335 0.6532739 -0.9238708 -4.34089e-5 0.3827046 -0.8945441 -0.3283017 0.3033296 -0.8945757 -0.3282827 0.3032571 -0.9239041 -2.69562e-5 0.3826245 -1 -2.46912e-5 2.12677e-5 -0.8945819 -0.3282967 0.303224 -1 -3.33721e-5 3.22163e-5 -0.9238975 -0.3826403 4.51561e-5 -0.8945564 -0.32833 0.3032627 -0.9238725 -0.3827004 9.96143e-6 -0.7438628 -0.6521241 0.1462954 -0.7438482 -0.6521468 0.1462683 -0.9238592 -0.3827326 1.21242e-5 -0.7071282 -0.7070854 -1.26585e-5 -0.7438066 -0.652189 0.146292 -0.7070909 -0.7071227 2.26051e-5 -0.3827136 -0.9238671 4.29377e-5 -0.1463571 -0.6521321 0.7438437 -0.3033095 -0.328327 0.8945417 -0.4999723 -0.7070912 0.5000498 -0.4999992 -0.7070746 0.5000463 -0.303295 -0.3283379 0.8945426 -0.6532493 -0.3827256 0.6532891 -0.5000423 -0.707068 0.5000127 -0.6532939 -0.3826894 0.6532656 -0.7438064 -0.6521725 0.1463664 -0.7438287 -0.6521581 0.1463173 -0.6532995 -0.3827234 0.6532402 -0.8945283 -0.3283687 0.3033038 -0.3827264 -0.9238618 1.65179e-5 -0.2706422 -0.9238604 0.2706195 -0.5000386 -0.7071132 0.4999525 -0.4999593 -0.7071312 0.5000063 -0.2705989 -0.9238732 0.270619 -0.1463131 -0.6522013 0.7437916 -0.3827149 -0.9238665 1.17328e-5 -0.5000194 -0.7071356 0.4999398 -0.7438056 -0.6521863 0.1463089 0.9238987 -0.3826373 4.03821e-5 1 -4.95873e-5 7.87899e-6 0.8945819 -0.3282964 0.3032242 0.8945758 -0.3282832 0.3032563 1 -1.63317e-5 2.7037e-5 0.9238965 -5.54211e-5 0.3826426 0.8945458 -0.3282998 0.3033266 0.923869 -4.26257e-5 0.382709 0.65332 -0.3826436 0.6532663 0.6533144 -0.3826299 0.65328 0.9238662 -4.91589e-5 0.3827157 0.7071228 -5.70961e-5 0.7070908 0.6532858 -0.3826261 0.6533108 0.7070655 -2.7135e-5 0.7071481 0.382736 -2.85525e-5 0.9238578 0.6532523 -0.3826631 0.6533227 0.3827157 -4.12445e-5 0.9238662 0.3033418 -0.3282991 0.894541 0.3032701 -0.3282967 0.8945661 0.3826348 -3.29763e-5 0.9238998 4.98444e-5 -2.79397e-5 1 0.3032314 -0.3283091 0.8945747 3.99202e-5 -4.81519e-5 1 5.10477e-5 -0.3826523 0.9238925 0.3032189 -0.3283604 0.8945602 3.33637e-5 -0.3827155 0.9238663 0.1462754 -0.6521528 0.7438415 0.1462613 -0.6521488 0.7438479 -6.5699e-5 -0.3827348 0.9238583 -1.96025e-5 -0.7070869 0.7071268 0.1463333 -0.6521825 0.7438042 2.38568e-5 -0.7071257 0.7070879 4.44129e-5 -0.923868 0.3827114 2.39536e-6 -1 3.64482e-5 0.2705646 -0.9238877 0.2706037 7.93487e-6 -0.9238917 0.3826541 2.7813e-5 -0.9238595 0.3827317 0.2705913 -0.9238682 0.2706438 0.4999627 -0.7071056 0.5000391 6.89365e-6 -0.9238666 0.382715 0.4999759 -0.7071143 0.5000135 0.1463043 -0.6521861 0.7438067 0.1463364 -0.6521789 0.7438067 0.4999896 -0.7070816 0.5000461 0.6532436 -0.3827058 0.6533063 0.1463203 -0.6521667 0.7438206 0.6532317 -0.3826977 0.6533229 0.3032895 -0.3283424 0.8945428 2.455e-5 -1 2.52277e-5 0.3826607 -0.9238891 2.84687e-5 0.270581 -0.923892 0.2705729 0.2706639 -0.9238683 0.2705708 0.3827198 -0.9238646 4.25428e-5 0.7437793 -0.6522148 0.146316 0.270651 -0.9238654 0.2705936 0.7437819 -0.6522125 0.1463133 0.4999967 -0.7071388 0.4999581 0.5000178 -0.7071102 0.4999774 0.7438207 -0.6521576 0.1463603 0.8945255 -0.328359 0.3033224 0.5000478 -0.707078 0.499993 0.894544 -0.3283409 0.3032874 0.6532928 -0.3827301 0.6532428 0.3827288 -0.9238608 1.39475e-5 0.7070916 -0.707122 3.03239e-5 0.7438015 -0.652193 0.1463001 0.7438483 -0.6521468 0.1462683 0.7071282 -0.7070854 2.59836e-5 0.9238592 -0.3827326 7.15256e-6 0.7438549 -0.6521274 0.1463208 0.9238784 -0.3826862 2.30456e-5 0.8945567 -0.3283321 0.3032598 0.3826524 0.9238924 6.95884e-6 3.44887e-5 1 1.21817e-6 0.270602 0.9238886 0.2705635 0.2705736 0.9238915 0.2705818 2.59951e-5 1 2.55589e-5 2.91467e-5 0.9238887 0.3826615 0.2706218 0.9238603 0.2706398 4.68492e-5 0.9238713 0.3827032 6.49691e-5 0.7071125 0.7071011 3.12179e-6 0.3827349 0.9238584 0.1462656 0.6521486 0.7438473 2.30422e-5 0.7070866 0.707127 2.5481e-6 0.707126 0.7070876 0.1463465 0.6522087 0.7437785 0.4999665 0.7071176 0.5000184 3.45483e-5 0.7071279 0.7070857 0.4999627 0.7071408 0.4999893 0.270606 0.9238622 0.2706496 0.2706426 0.9238607 0.2706176 0.5000392 0.7071142 0.4999504 0.3827262 0.9238618 1.42083e-5 0.1463029 0.6521501 0.7438385 4.81037e-5 0.3826949 0.9238748 0.3032715 0.3283351 0.8945515 0.3032316 0.3283088 0.8945747 1.74791e-5 0.3826317 0.923901 1.55754e-5 6.43246e-5 1 0.3032694 0.3282971 0.8945663 5.5603e-5 1.96397e-5 1 0.3826345 3.23877e-5 0.9238999 0.3033396 0.3282957 0.8945429 0.3827202 3.87405e-5 0.9238643 0.6532452 0.3826715 0.6533248 0.6532777 0.3826338 0.6533144 0.3827437 2.03103e-5 0.9238546 0.7070897 6.13998e-5 0.7071239 0.6533109 0.3826223 0.653288 0.7071471 2.27839e-5 0.7070666 0.9238571 2.54703e-5 0.3827376 0.6533182 0.3826335 0.6532739 0.9238708 4.34089e-5 0.3827046 0.8945441 0.3283017 0.3033296 0.8945757 0.3282827 0.3032571 0.9239041 2.69562e-5 0.3826245 1 2.46912e-5 2.12677e-5 0.8945819 0.3282967 0.303224 1 3.33721e-5 3.22163e-5 0.9238975 0.3826403 4.51561e-5 0.8945564 0.32833 0.3032627 0.9238725 0.3827004 9.96143e-6 0.7438628 0.6521241 0.1462954 0.7438482 0.6521468 0.1462683 0.9238592 0.3827326 1.21242e-5 0.7071282 0.7070854 -1.26585e-5 0.7438066 0.652189 0.146292 0.7070909 0.7071227 2.26051e-5 0.3827136 0.9238671 4.29377e-5 0.1463571 0.6521321 0.7438437 0.3033095 0.328327 0.8945417 0.4999723 0.7070912 0.5000498 0.4999992 0.7070746 0.5000463 0.303295 0.3283379 0.8945426 0.6532493 0.3827256 0.6532891 0.5000423 0.707068 0.5000127 0.6532939 0.3826894 0.6532656 0.7438064 0.6521725 0.1463664 0.7438287 0.6521581 0.1463173 0.6532995 0.3827234 0.6532402 0.8945283 0.3283687 0.3033038 0.3827149 0.9238665 1.17328e-5 0.5000194 0.7071356 0.4999398 0.7438056 0.6521863 0.1463089 -1 4.20809e-5 -9.31773e-6 -0.9238955 0.3826448 6.12438e-6 -1 4.21852e-5 6.26943e-6 -1 3.9801e-5 -1.3344e-5 -0.9238964 0.3826428 -6.26942e-6 -0.9238964 0.3826428 1.42143e-5 -1 4.30643e-5 -1.42143e-5 -0.9238952 0.3826456 -5.80214e-6 -1 4.29898e-5 -9.58822e-6 -1 4.42299e-5 4.27105e-6 -0.9238948 0.3826469 2.96072e-7 -1 4.42266e-5 9.3619e-6 -0.9238647 0.3827194 9.3619e-6 -0.9238647 0.3827195 -1.97685e-5 -0.7071386 0.707075 4.24885e-6 -0.7071347 0.7070789 1.97685e-5 -0.9238625 0.3827247 -4.24885e-6 -0.7071346 0.7070791 -9.36191e-6 -0.7070777 0.7071359 9.3619e-6 -0.7070776 0.707136 -1.97836e-5 -0.3827229 0.9238632 4.24885e-6 -0.3827194 0.9238646 1.97836e-5 -0.7070749 0.7071386 -6.05179e-5 -0.3827193 0.9238647 -9.36191e-6 -0.3826451 0.9238954 1.28496e-5 -0.3826451 0.9238954 2.36109e-5 -4.2513e-5 1 3.62145e-6 -4.30644e-5 1 -2.36034e-5 -0.3826458 0.9238951 -1.87719e-6 -4.31091e-5 1 -9.36189e-6 -4.10378e-5 1 -1.28496e-5 -4.0997e-5 1 -1.61305e-6 -0.3826438 0.923896 1.05239e-6 -0.3826443 0.9238958 -5.17629e-6 -4.15742e-5 1 -3.68849e-6 -4.15742e-5 1 9.31772e-6 4.31091e-5 1 -9.31772e-6 0.3826458 0.9238951 6.27339e-6 4.30644e-5 1 6.17642e-6 4.23938e-5 1 -1.35005e-5 0.3826451 0.9238955 -6.17642e-6 0.3826451 0.9238955 1.42001e-5 4.10527e-5 1 -1.42001e-5 0.3826438 0.923896 -5.84125e-6 4.09931e-5 1 -9.56497e-6 4.1577e-5 1 4.30643e-6 0.3826444 0.9238958 2.96072e-7 4.15742e-5 1 9.3619e-6 0.3827193 0.9238647 9.36191e-6 0.3827194 0.9238646 -1.97836e-5 0.7070749 0.7071386 6.05179e-5 0.7070776 0.707136 1.97836e-5 0.3827229 0.9238632 -4.24885e-6 0.7070777 0.7071359 -9.3619e-6 0.7071346 0.7070791 9.36191e-6 0.7071347 0.7070789 -1.97685e-5 0.9238625 0.3827247 4.24885e-6 0.9238647 0.3827195 1.97685e-5 0.7071386 0.707075 -4.24885e-6 0.9238647 0.3827194 -9.3619e-6 0.9238951 0.3826457 1.28496e-5 0.9238952 0.3826457 2.3596e-5 1 4.30494e-5 3.74671e-6 1 4.21852e-5 -2.3596e-5 0.9238956 0.3826448 -2.1097e-6 1 4.20809e-5 -9.3619e-6 1 4.30643e-5 -1.28496e-5 1 4.29933e-5 -1.65403e-6 0.9238952 0.3826457 1.11293e-6 0.9238947 0.3826468 -5.09247e-6 1 4.42266e-5 -3.71174e-6 1 4.42266e-5 9.31772e-6 1 -7.70102e-6 0 -4.31091e-5 -1 -9.31772e-6 -0.3826458 -0.9238951 6.27339e-6 -4.30644e-5 -1 6.17642e-6 -4.23938e-5 -1 -1.35005e-5 -0.3826451 -0.9238955 -6.17642e-6 -0.3826451 -0.9238955 1.42001e-5 -4.10527e-5 -1 -1.42001e-5 -0.3826438 -0.923896 -5.84125e-6 -4.09931e-5 -1 -9.56497e-6 -4.1577e-5 -1 4.30643e-6 -0.3826444 -0.9238958 2.96072e-7 -4.15742e-5 -1 9.3619e-6 -0.3827193 -0.9238647 9.36191e-6 -0.3827194 -0.9238646 -1.97836e-5 -0.7070749 -0.7071386 6.05179e-5 -0.7070776 -0.707136 1.97836e-5 -0.3827229 -0.9238632 -4.24885e-6 -0.7070777 -0.7071359 -9.3619e-6 -0.7071346 -0.7070791 9.36191e-6 -0.7071347 -0.7070789 -1.97685e-5 -0.9238625 -0.3827247 4.24885e-6 -0.9238647 -0.3827195 1.97685e-5 -0.7071386 -0.707075 -4.24885e-6 -0.9238647 -0.3827194 -9.3619e-6 -0.9238951 -0.3826457 1.28496e-5 -0.9238952 -0.3826457 2.3596e-5 -1 -4.30494e-5 3.74671e-6 -1 -4.21852e-5 -2.3596e-5 -0.9238956 -0.3826448 -2.1097e-6 -1 -4.20809e-5 -9.3619e-6 -1 -4.30643e-5 -1.28496e-5 -1 -4.29933e-5 -1.65403e-6 -0.9238952 -0.3826457 1.11293e-6 -0.9238947 -0.3826468 -5.09247e-6 -1 -4.42266e-5 -3.71174e-6 -1 -4.42266e-5 9.31772e-6 1 -4.20809e-5 -9.31773e-6 0.9238955 -0.3826448 6.12438e-6 1 -4.21852e-5 6.26943e-6 1 -3.9801e-5 -1.3344e-5 0.9238964 -0.3826428 -6.26942e-6 0.9238964 -0.3826428 1.42143e-5 1 -4.30643e-5 -1.42143e-5 0.9238952 -0.3826456 -5.80214e-6 1 -4.29898e-5 -9.58822e-6 1 -4.42299e-5 4.27105e-6 0.9238948 -0.3826469 2.96072e-7 1 -4.42266e-5 9.3619e-6 0.9238647 -0.3827194 9.3619e-6 0.9238647 -0.3827195 -1.97685e-5 0.7071386 -0.707075 4.24885e-6 0.7071347 -0.7070789 1.97685e-5 0.9238625 -0.3827247 -4.24885e-6 0.7071346 -0.7070791 -9.36191e-6 0.7070777 -0.7071359 9.3619e-6 0.7070776 -0.707136 -1.97836e-5 0.3827229 -0.9238632 4.24885e-6 0.3827194 -0.9238646 1.97836e-5 0.7070749 -0.7071386 -6.05179e-5 0.3827193 -0.9238647 -9.36191e-6 0.3826451 -0.9238954 1.28496e-5 0.3826451 -0.9238954 2.36109e-5 4.2513e-5 -1 3.62145e-6 4.30644e-5 -1 -2.36034e-5 0.3826458 -0.9238951 -1.87719e-6 4.31091e-5 -1 -9.36189e-6 4.10378e-5 -1 -1.28496e-5 4.0997e-5 -1 -1.61305e-6 0.3826438 -0.923896 1.05239e-6 0.3826443 -0.9238958 -5.17629e-6 4.15742e-5 -1 -3.68849e-6 4.15742e-5 -1 9.31772e-6 -1.48048e-6 0 1 6.57166e-7 0 1 2.42138e-6 0 1 1.15371e-6 0 1 -6.52922e-6 0 1 4.61484e-6 0 1 1.74037e-6 0 1 -3.28583e-7 0 1 2.96095e-6 0 1 -1.30391e-6 0 1 -2.10822e-6 0 1 3.1888e-6 0 1 -1.5944e-6 0 1 -9.9856e-7 0 1 1.40548e-6 0 1 -0.9685879 0.2486715 -2.55927e-6 -1 1.55419e-5 -9.98064e-6 -1 1.55568e-5 0 -1 -1.55419e-5 9.98064e-6 -1 -1.55568e-5 0 -0.9685879 -0.2486715 2.55927e-6 -1 -1.55568e-5 -2.56114e-6 -0.9685879 -0.2486715 -9.98064e-6 -0.9685879 -0.2486715 0 -0.9685783 -0.248709 9.98064e-6 -0.9685783 -0.248709 0 -0.8763138 -0.4817407 2.56673e-6 -0.9685791 -0.2487062 -2.56486e-6 -0.8763153 -0.4817382 -9.98064e-6 -0.8763153 -0.4817382 0 -0.8762972 -0.4817709 9.98064e-6 -0.8762972 -0.4817709 0 -0.7289788 -0.6845363 2.56673e-6 -0.8762983 -0.4817691 -2.56859e-6 -0.7289803 -0.6845347 -9.98064e-6 -0.7289803 -0.6845348 0 -0.7289559 -0.6845607 9.98064e-6 -0.7289559 -0.6845607 0 -0.5358403 -0.8443195 2.56673e-6 -0.7289572 -0.6845593 -2.56673e-6 -0.5358418 -0.8443184 -9.98064e-6 -0.5358418 -0.8443184 0 -0.5358128 -0.8443368 1.00404e-5 -0.5358128 -0.8443368 0 -0.309034 -0.951051 2.563e-6 -0.5358126 -0.844337 -2.563e-6 -0.3090337 -0.9510511 -1.00404e-5 -0.3090337 -0.9510511 0 -0.3090004 -0.951062 9.98064e-6 -0.3090005 -0.951062 0 -0.06280755 -0.9980257 2.55927e-6 -0.3090005 -0.9510619 -2.55927e-6 -0.06280761 -0.9980257 -9.98064e-6 -0.06280767 -0.9980257 0 -0.0627734 -0.9980278 1.00404e-5 -0.0627734 -0.9980278 0 0.1873642 -0.9822905 2.56673e-6 -0.0627734 -0.9980278 -2.56673e-6 0.1873642 -0.9822905 -1.00404e-5 0.1873642 -0.9822905 0 0.1873988 -0.982284 9.98064e-6 0.1873988 -0.982284 0 0.4257642 -0.9048342 2.57418e-6 0.1873979 -0.9822841 -2.57231e-6 0.4257634 -0.9048346 -9.98064e-6 0.4257634 -0.9048346 0 0.4257951 -0.9048196 9.98064e-6 0.4257951 -0.9048196 0 0.6374109 -0.770524 2.56859e-6 0.4257954 -0.9048195 -2.56673e-6 0.6374112 -0.7705239 -9.98064e-6 0.6374112 -0.7705239 0 0.6374379 -0.7705017 9.98064e-6 0.6374379 -0.7705017 0 0.8090074 -0.5877985 2.55555e-6 0.6374365 -0.770503 -2.55741e-6 0.8090063 -0.5878002 -9.98064e-6 0.8090063 -0.5878002 0 0.8090281 -0.5877699 9.98064e-6 0.8090281 -0.58777 0 0.9297708 -0.3681391 2.56486e-6 0.8090266 -0.587772 -2.56673e-6 0.9297699 -0.3681414 -9.98064e-6 0.9297698 -0.3681414 0 0.9297831 -0.368108 9.98064e-6 0.9297831 -0.368108 0 0.9921126 -0.1253498 2.56114e-6 0.929782 -0.3681108 -2.56114e-6 0.9921122 -0.1253529 -9.98064e-6 0.9921122 -0.1253527 0 0.9921169 -0.1253161 9.98064e-6 0.9921169 -0.1253161 0 0.9921169 0.1253161 2.55927e-6 0.9921169 -0.1253161 -2.55927e-6 0.9921169 0.1253161 -9.98064e-6 0.9921169 0.1253161 0 0.9921123 0.1253527 9.98064e-6 0.9921123 0.1253526 0 0.929782 0.3681107 2.56114e-6 0.9921126 0.1253499 -2.55927e-6 0.9297831 0.3681082 -9.98064e-6 0.9297831 0.3681082 0 0.9297699 0.3681414 9.98064e-6 0.9297698 0.3681414 0 0.8090266 0.587772 2.56673e-6 0.9297708 0.3681391 -2.56486e-6 0.8090281 0.5877699 -9.98064e-6 0.8090281 0.58777 0 0.809006 0.5878003 9.98064e-6 0.8090061 0.5878003 0 0.6374363 0.7705032 2.55741e-6 0.8090075 0.5877984 -2.55741e-6 0.6374381 0.7705015 -9.98064e-6 0.6374381 0.7705016 0 0.6374109 0.770524 9.98064e-6 0.6374109 0.770524 0 0.4257951 0.9048196 2.56859e-6 0.6374112 0.7705239 -2.56673e-6 0.4257954 0.9048195 -9.98064e-6 0.4257954 0.9048195 0 0.4257634 0.9048346 9.98064e-6 0.4257634 0.9048346 0 0.1873979 0.9822841 2.57231e-6 0.4257642 0.9048342 -2.57418e-6 0.1873988 0.982284 -9.98064e-6 0.1873988 0.982284 0 0.1873643 0.9822905 1.00404e-5 0.1873643 0.9822905 0 -0.0627734 0.9980278 2.56673e-6 0.1873642 0.9822905 -2.56673e-6 -0.0627734 0.9980278 -1.00404e-5 -0.0627734 0.9980278 0 -0.06280755 0.9980257 9.98064e-6 -0.06280755 0.9980257 0 -0.3090004 0.9510619 2.55927e-6 -0.06280767 0.9980257 -2.55927e-6 -0.3090006 0.951062 -9.98064e-6 -0.3090006 0.951062 0 -0.3090341 0.9510511 1.00404e-5 -0.309034 0.951051 0 -0.5358128 0.8443368 2.563e-6 -0.3090337 0.9510511 -2.563e-6 -0.5358126 0.844337 -1.00404e-5 -0.5358126 0.844337 0 -0.5358418 0.8443184 9.98064e-6 -0.5358418 0.8443184 0 -0.7289572 0.6845593 2.56673e-6 -0.5358403 0.8443195 -2.56673e-6 -0.7289559 0.6845607 -9.98064e-6 -0.7289559 0.6845607 0 -0.7289804 0.6845346 9.98064e-6 -0.7289804 0.6845346 0 -0.8762983 0.4817689 2.56859e-6 -0.7289786 0.6845365 -2.56486e-6 -0.8762971 0.4817712 -9.98064e-6 -0.8762971 0.4817711 0 -0.8763151 0.4817383 9.98064e-6 -0.8763151 0.4817384 0 -0.9685789 0.2487064 2.56486e-6 -0.8763139 0.4817405 -2.56673e-6 -0.9685783 0.2487087 -9.98064e-6 -0.9685783 0.2487087 0 -0.9685879 0.2486715 9.98064e-6 -0.9685879 0.2486715 0 -1 1.55568e-5 2.56114e-6 0 -1 7.89248e-7 0 -1 -2.8473e-5 0 -1 2.8473e-5 5.02318e-5 1.24201e-5 -1 5.02914e-5 4.56721e-6 -1 0.4999467 -5.96173e-6 -0.8660563 0.4999898 -4.57466e-6 -0.8660314 5.21988e-5 6.02343e-6 -1 0.4999899 -1.24223e-5 -0.8660314 0.5000067 1.24223e-5 -0.8660216 0.5000068 4.5523e-6 -0.8660215 0.8659973 -5.71495e-6 -0.5000488 0.8660012 -4.55976e-6 -0.500042 0.5000552 5.71495e-6 -0.8659936 0.8660013 -1.24201e-5 -0.5000419 0.8660519 1.24201e-5 -0.4999543 0.866052 4.5076e-6 -0.4999541 1 -5.96173e-6 -5.9098e-5 1 -4.5076e-6 -5.35697e-5 0.8660547 5.96173e-6 -0.4999494 1 -1.24201e-5 -5.34803e-5 1 1.24201e-5 5.50896e-5 1 4.50015e-6 5.51045e-5 0.8660539 -5.96173e-6 0.4999508 0.8660537 -4.50015e-6 0.4999511 1 5.96174e-6 5.53429e-5 0.8660537 -1.24201e-5 0.4999511 0.8659974 1.24201e-5 0.5000487 0.8659973 4.5523e-6 0.5000486 0.5000481 -5.71496e-6 0.8659976 0.5000505 -4.55976e-6 0.8659964 0.8659986 5.71495e-6 0.5000466 0.5000505 -1.24201e-5 0.8659964 0.4999467 1.24201e-5 0.8660562 0.4999467 4.56721e-6 0.8660562 5.0202e-5 -5.96174e-6 1 5.21541e-5 -4.57466e-6 1 0.4999899 -7.54884e-5 0.8660313 5.2169e-5 -1.24201e-5 1 -5.02318e-5 1.24201e-5 1 -5.03063e-5 4.61191e-6 1 -0.4999882 -6.0245e-6 0.8660323 -0.4999483 -4.61936e-6 0.8660553 -5.21839e-5 6.02343e-6 1 -0.4999484 -1.24201e-5 0.8660553 -0.500046 1.24201e-5 0.8659989 -0.5000461 4.448e-6 0.8659988 -0.865996 -5.71494e-6 0.500051 -0.8659987 -4.448e-6 0.5000464 -0.5000506 -7.57833e-5 0.8659963 -0.8659987 -1.24201e-5 0.5000464 -0.8660527 1.24201e-5 0.4999527 -0.8660528 4.51505e-6 0.4999526 -1 -5.96173e-6 5.73248e-5 -1 -4.5225e-6 5.18113e-5 -0.8660557 -7.55981e-5 0.4999477 -1 -1.24201e-5 5.16027e-5 -1 1.24201e-5 -5.53429e-5 -1 4.51505e-6 -5.53429e-5 -0.8660537 -5.96173e-6 -0.499951 -0.8660537 -4.5225e-6 -0.4999512 -1 5.96173e-6 -5.54621e-5 -0.8660537 -1.24201e-5 -0.4999512 -0.8659986 1.24201e-5 -0.5000464 -0.8659986 4.4629e-6 -0.5000464 -0.5000506 -5.71496e-6 -0.8659963 -0.500009 -4.448e-6 -0.8660203 -0.8659987 5.71496e-6 -0.5000464 -0.500009 -1.24223e-5 -0.8660203 -0.4999882 1.24223e-5 -0.8660323 -0.4999882 4.61191e-6 -0.8660322 -5.01424e-5 -6.02343e-6 -1 -5.21541e-5 -4.61191e-6 -1 -0.4999483 6.02343e-6 -0.8660552 -5.2169e-5 -1.24201e-5 -1 0 -1 -2.84728e-5 0 -1 -1.42367e-5 0 -1 1.42364e-5 5.21392e-5 1.24201e-5 -1 5.21392e-5 4.68642e-6 -1 0.4999483 -6.08512e-6 -0.8660553 0.4999898 -4.68642e-6 -0.8660314 5.21392e-5 6.08512e-6 -1 0.4999898 -1.24223e-5 -0.8660314 0.5000046 1.24223e-5 -0.8660228 0.5000047 4.45545e-6 -0.8660227 0.865996 -5.52986e-6 -0.5000509 0.8659999 -4.45545e-6 -0.5000441 0.5000531 5.52986e-6 -0.8659948 0.866 -1.24201e-5 -0.500044 0.8660527 1.24201e-5 -0.4999527 0.8660528 4.51505e-6 -0.4999526 1 -5.96173e-6 -5.73248e-5 1 -4.5225e-6 -5.35995e-5 0.8660547 5.96173e-6 -0.4999495 1 -1.24201e-5 -5.35697e-5 1 1.24201e-5 5.34356e-5 1 4.52995e-6 5.35101e-5 0.8660547 -5.96173e-6 0.4999493 0.8660537 -4.5225e-6 0.4999512 1 5.96173e-6 5.54621e-5 0.8660537 -1.24201e-5 0.4999512 0.8659962 1.24201e-5 0.5000508 0.8659963 4.448e-6 0.5000507 0.500046 -5.52988e-6 0.865999 0.5000485 -4.45545e-6 0.8659975 0.8659973 5.52987e-6 0.5000486 0.5000483 -1.24201e-5 0.8659974 0.4999483 1.24201e-5 0.8660553 0.4999483 4.68642e-6 0.8660553 5.21392e-5 -6.08512e-6 1 5.21392e-5 -4.68642e-6 1 0.4999898 -7.54267e-5 0.8660314 5.21392e-5 -1.24201e-5 1 -0.5000482 1.24201e-5 0.8659976 -0.5000483 4.5225e-6 0.8659974 -0.8659973 -5.71495e-6 0.5000488 -0.8659987 -4.5225e-6 0.5000464 -0.5000505 5.71496e-6 0.8659964 -0.8659986 -1.24201e-5 0.5000464 -0.8660519 1.24201e-5 0.4999543 -0.866052 4.5076e-6 0.4999541 -1 -5.96173e-6 5.9098e-5 -1 -4.5076e-6 5.17517e-5 -0.8660557 -7.55981e-5 0.4999476 -1 -1.24201e-5 5.15431e-5 -1 1.24201e-5 -5.70268e-5 -1 4.50015e-6 -5.69671e-5 -0.8660528 -5.96174e-6 -0.4999526 -0.8660537 -4.50015e-6 -0.4999511 -1 5.96174e-6 -5.53429e-5 -0.8660537 -1.24201e-5 -0.4999511 -0.8659999 1.24201e-5 -0.5000441 -0.8659999 4.5374e-6 -0.5000442 -0.5000528 -5.71495e-6 -0.8659949 -0.500009 -4.5225e-6 -0.8660203 -0.8659986 5.71495e-6 -0.5000464 -0.500009 -1.24223e-5 -0.8660203 0 0.8206371 -0.5714499 0 0.8206849 -0.5713811 1.24201e-5 1 -5.1111e-5 3.72529e-7 1 -5.13345e-5 -1.74986e-5 0.8660559 -0.4999473 -3.8743e-7 0.866052 -0.4999539 -1.00152e-4 1 -5.89341e-5 -1.24201e-5 0.866052 -0.4999541 1.24201e-5 0.8660002 -0.5000438 3.65078e-7 0.8660001 -0.5000439 -1.73135e-5 0.5000532 -0.8659948 -3.65078e-7 0.5000485 -0.8659976 1.73135e-5 0.8659973 -0.5000486 -1.24201e-5 0.5000483 -0.8659976 1.24201e-5 0.4999476 -0.8660557 4.17232e-7 0.4999477 -0.8660557 -1.7622e-5 5.13345e-5 -1 -4.24683e-7 5.33462e-5 -1 1.7622e-5 0.4999494 -0.8660547 -1.24201e-5 5.34058e-5 -1 1.24201e-5 -5.34058e-5 -1 4.24683e-7 -5.33462e-5 -1 -1.7622e-5 -0.4999494 -0.8660547 -4.17232e-7 -0.4999477 -0.8660557 1.7622e-5 -5.13345e-5 -1 -1.24201e-5 -0.4999476 -0.8660557 1.24201e-5 -0.5000483 -0.8659976 3.65078e-7 -0.5000485 -0.8659976 -1.73135e-5 -0.8659973 -0.5000486 -3.65078e-7 -0.8660001 -0.5000439 1.73135e-5 -0.5000532 -0.8659948 -1.24201e-5 -0.8660002 -0.5000438 1.24201e-5 -0.866052 -0.4999541 3.8743e-7 -0.866052 -0.4999539 1.00152e-4 -1 -5.89341e-5 -3.72529e-7 -1 -5.13345e-5 1.74986e-5 -0.8660559 -0.4999473 -1.24201e-5 -1 -5.1111e-5 1.24201e-5 -1 5.1111e-5 3.72529e-7 -1 5.13345e-5 -1.74986e-5 -0.8660559 0.4999473 -3.8743e-7 -0.866052 0.4999539 -1.00152e-4 -1 5.89341e-5 -1.24201e-5 -0.866052 0.4999541 1.24201e-5 -0.8660002 0.5000438 3.65078e-7 -0.8660001 0.5000439 -1.73135e-5 -0.5000532 0.8659948 -3.65078e-7 -0.5000485 0.8659976 1.73135e-5 -0.8659973 0.5000486 -1.24201e-5 -0.5000483 0.8659976 1.24201e-5 -0.4999476 0.8660557 4.17232e-7 -0.4999477 0.8660557 -1.7622e-5 -5.13345e-5 1 -4.24683e-7 -5.33462e-5 1 1.7622e-5 -0.4999494 0.8660547 -1.24201e-5 -5.34058e-5 1 1.24201e-5 5.34058e-5 1 4.24683e-7 5.33462e-5 1 -1.7622e-5 0.4999494 0.8660547 -4.17232e-7 0.4999477 0.8660557 1.7622e-5 5.13345e-5 1 -1.24201e-5 0.4999476 0.8660557 1.24201e-5 0.5000483 0.8659976 3.65078e-7 0.5000485 0.8659976 -1.73135e-5 0.8659973 0.5000486 -3.65078e-7 0.8660001 0.5000439 1.73135e-5 0.5000532 0.8659948 -1.24201e-5 0.8660002 0.5000438 1.24201e-5 0.866052 0.4999541 3.8743e-7 0.866052 0.4999539 1.00152e-4 1 5.89341e-5 -3.72529e-7 1 5.13345e-5 1.74986e-5 0.8660559 0.4999473 -1.24201e-5 1 5.1111e-5 0 -0.8206369 -0.57145 0 -0.8206849 -0.5713811 0 -0.8208581 0.5711323 0 0.8208581 -0.5711323 0 -0.8206846 -0.5713815 0 0.8206534 0.5714262 0 0.8207125 0.5713416 0 0.8208892 -0.5710875 0 0.8208304 -0.5711721 -1 5.35103e-6 0</float_array>
          <technique_common>
            <accessor source="#EMROX_RPTU_V1_02_03_Caroline_simple_EMROX_RPTU_Aufbau_V1_02_03-mesh-normals-array" count="1821" stride="3">
              <param name="X" type="float"/>
              <param name="Y" type="float"/>
              <param name="Z" type="float"/>
            </accessor>
          </technique_common>
        </source>
        <source id="EMROX_RPTU_V1_02_03_Caroline_simple_EMROX_RPTU_Aufbau_V1_02_03-mesh-map-0">
          <float_array id="EMROX_RPTU_V1_02_03_Caroline_simple_EMROX_RPTU_Aufbau_V1_02_03-mesh-map-0-array" count="8376">-1 45.7 -1 -45.7 -0.966506 45.825 -0.966506 45.825 -1 -45.7 -0.966506 -45.825 -0.966506 45.825 -0.966506 -45.825 -0.875 45.91651 -0.875 45.91651 -0.966506 -45.825 -0.875 -45.91651 -0.875 45.91651 -0.875 -45.91651 -0.75 45.95 -0.75 45.95 -0.875 -45.91651 -0.75 -45.95 -0.75 45.95 -0.75 -45.95 0.75 -45.95 -0.75 45.95 0.75 -45.95 0.75 45.95 0.75 45.95 0.75 -45.95 0.875 -45.91651 0.75 45.95 0.875 -45.91651 0.875 45.91651 0.875 45.91651 0.875 -45.91651 0.966506 -45.825 0.875 45.91651 0.966506 -45.825 0.966506 45.825 0.966506 45.825 0.966506 -45.825 1 -45.7 0.966506 45.825 1 -45.7 1 45.7 29.8 0.392699 -29.8 0.392699 29.8 0.261799 29.8 0.261799 -29.8 0.392699 -29.8 0.261799 29.8 0.261799 -29.8 0.261799 29.8 0.1309 29.8 0.1309 -29.8 0.261799 -29.8 0.1309 29.8 0.1309 -29.8 0.1309 29.8 0 29.8 0 -29.8 0.1309 -29.8 0 1.5 29.8 0 29.8 1.5 -29.8 1.5 -29.8 0 29.8 0 -29.8 29.8 0.392699 -29.8 0.392699 29.8 0.261799 29.8 0.261799 -29.8 0.392699 -29.8 0.261799 29.8 0.261799 -29.8 0.261799 29.8 0.1309 29.8 0.1309 -29.8 0.261799 -29.8 0.1309 29.8 0.1309 -29.8 0.1309 29.8 0 29.8 0 -29.8 0.1309 -29.8 0 88.88924 -2.064126 91.4 -29.8 89.15 0 89.15 0 91.4 -29.8 91.4 29.8 89.15 0 91.4 29.8 88.88924 2.064126 88.88924 2.064126 91.4 29.8 88.12335 3.998555 88.12335 3.998555 91.4 29.8 86.90044 5.681741 86.90044 5.681741 91.4 29.8 85.29737 7.007922 85.29737 7.007922 91.4 29.8 83.41484 7.893769 83.41484 7.893769 91.4 29.8 81.37117 8.283622 81.37117 8.283622 91.4 29.8 79.29474 8.152985 79.29474 8.152985 91.4 29.8 77.31604 7.510065 77.31604 7.510065 91.4 29.8 0 29.8 77.31604 7.510065 0 29.8 75.55938 6.39526 75.55938 6.39526 0 29.8 74.13516 4.878618 74.13516 4.878618 0 29.8 73.13286 3.055434 73.13286 3.055434 0 29.8 72.61545 1.040266 72.61545 1.040266 0 29.8 0 -29.8 72.61545 1.040266 0 -29.8 72.61545 -1.040266 72.61545 -1.040266 0 -29.8 73.13286 -3.055434 73.13286 -3.055434 0 -29.8 74.13516 -4.878618 74.13516 -4.878618 0 -29.8 75.55938 -6.39526 75.55938 -6.39526 0 -29.8 77.31604 -7.510065 77.31604 -7.510065 0 -29.8 91.4 -29.8 77.31604 -7.510065 91.4 -29.8 79.29474 -8.152985 79.29474 -8.152985 91.4 -29.8 81.37117 -8.283622 81.37117 -8.283622 91.4 -29.8 83.41484 -7.893769 83.41484 -7.893769 91.4 -29.8 85.29737 -7.007922 85.29737 -7.007922 91.4 -29.8 86.90044 -5.681741 86.90044 -5.681741 91.4 -29.8 88.12335 -3.998555 88.12335 -3.998555 91.4 -29.8 88.88924 -2.064126 29.8 0.392699 -29.8 0.392699 29.8 0.261799 29.8 0.261799 -29.8 0.392699 -29.8 0.261799 29.8 0.261799 -29.8 0.261799 29.8 0.1309 29.8 0.1309 -29.8 0.261799 -29.8 0.1309 29.8 0.1309 -29.8 0.1309 29.8 0 29.8 0 -29.8 0.1309 -29.8 0 1.5 29.8 0 29.8 1.5 -29.8 1.5 -29.8 0 29.8 0 -29.8 29.8 0.392699 -29.8 0.392699 29.8 0.261799 29.8 0.261799 -29.8 0.392699 -29.8 0.261799 29.8 0.261799 -29.8 0.261799 29.8 0.1309 29.8 0.1309 -29.8 0.261799 -29.8 0.1309 29.8 0.1309 -29.8 0.1309 29.8 0 29.8 0 -29.8 0.1309 -29.8 0 1 45.7 0.966506 45.825 1 -45.7 1 -45.7 0.966506 45.825 0.966506 -45.825 0.966506 -45.825 0.966506 45.825 0.875 45.91651 0.966506 -45.825 0.875 45.91651 0.875 -45.91651 0.875 -45.91651 0.875 45.91651 0.75 45.95 0.875 -45.91651 0.75 45.95 0.75 -45.95 0.75 -45.95 0.75 45.95 -0.75 45.95 0.75 -45.95 -0.75 45.95 -0.75 -45.95 -0.75 -45.95 -0.75 45.95 -0.875 -45.91651 -0.875 -45.91651 -0.75 45.95 -0.875 45.91651 -0.875 -45.91651 -0.875 45.91651 -0.966506 -45.825 -0.966506 -45.825 -0.875 45.91651 -0.966506 45.825 -0.966506 -45.825 -0.966506 45.825 -1 -45.7 -1 -45.7 -0.966506 45.825 -1 45.7 91.4 29.8 90.95 -17 91.4 -29.8 91.4 -29.8 90.95 -17 90.95 -18 91.4 -29.8 90.95 -18 90.95 -29.4 0 29.8 52.55 29.4 91.4 29.8 91.4 29.8 52.55 29.4 53.55 29.4 91.4 29.8 53.55 29.4 78.55001 29.4 0 -29.8 0.15 17 0 29.8 0 29.8 0.15 17 0.15 18 0 29.8 0.15 18 0.15 29.4 91.4 -29.8 38.55 -29.4 0 -29.8 0 -29.8 38.55 -29.4 37.55 -29.4 0 -29.8 37.55 -29.4 12.55 -29.4 90.95 -29.4 38.55 -29.4 91.4 -29.8 12.55 -29.4 11.55 -29.4 0 -29.8 0 -29.8 11.55 -29.4 0.15 -29.4 0 -29.8 0.15 -29.4 0.15 17 0.15 29.4 52.55 29.4 0 29.8 78.55001 29.4 79.55001 29.4 91.4 29.8 91.4 29.8 79.55001 29.4 90.95 29.4 91.4 29.8 90.95 29.4 90.95 -17 0 1 -0.3 1 0 0 0 0 -0.3 1 -0.3 0 0 1 -0.299978 1 0 0 0 0 -0.299978 1 -0.299978 0 0 -6.283264 -1 -6.283264 0 -7.066165 0 -7.066165 -1 -6.283264 -1 -7.066165 0 -7.066165 -1 -7.066165 -1 -7.849067 0 -7.066165 -1 -7.849067 0 -7.849067 0 -7.849067 -1 -7.849067 -1 -8.631968 0 -7.849067 -1 -8.631968 0 -8.631968 0 -8.631968 -1 -8.631968 0 -9.414872 0 -9.414872 -1 -8.631968 -1 -9.414872 -1.145 -1.149989 -0.267904 -0.972052 -1.145 -0.850011 -1.145 -0.850011 -0.267904 -0.972052 -0.382708 -0.694903 -0.382708 -0.694903 -0.267904 -0.972052 0.474877 -0.472817 -0.382708 -0.694903 0.474877 -0.472817 0.262746 -0.260693 0.262746 -0.260693 0.474877 -0.472817 0.693715 0.386929 0.693715 0.386929 0.474877 -0.472817 0.970878 0.272127 0.693715 0.386929 0.970878 0.272127 0.845 1.149989 0.845 1.149989 0.970878 0.272127 1.145 1.149989 1.145 -1.149989 1.145 -0.850011 0.267904 -0.972052 0.267904 -0.972052 1.145 -0.850011 0.382708 -0.694903 0.267904 -0.972052 0.382708 -0.694903 -0.474877 -0.472817 -0.474877 -0.472817 0.382708 -0.694903 -0.262746 -0.260693 -0.474877 -0.472817 -0.262746 -0.260693 -0.693715 0.386929 -0.474877 -0.472817 -0.693715 0.386929 -0.970878 0.272127 -0.970878 0.272127 -0.693715 0.386929 -0.845 1.149989 -0.970878 0.272127 -0.845 1.149989 -1.145 1.149989 0 1 -0.3 1 0 0 0 0 -0.3 1 -0.3 0 0 1 -0.299978 1 0 0 0 0 -0.299978 1 -0.299978 0 0 -6.283264 -1 -6.283264 0 -7.066165 0 -7.066165 -1 -6.283264 -1 -7.066165 0 -7.066165 -1 -7.066165 -1 -7.849067 0 -7.066165 -1 -7.849067 0 -7.849067 0 -7.849067 -1 -7.849067 -1 -8.631968 0 -7.849067 -1 -8.631968 0 -8.631968 0 -8.631968 -1 -8.631968 0 -9.414872 0 -9.414872 -1 -8.631968 -1 -9.414872 1.145 1.149989 0.267904 0.972052 1.145 0.850011 1.145 0.850011 0.267904 0.972052 0.382708 0.694903 0.382708 0.694903 0.267904 0.972052 -0.474877 0.472817 0.382708 0.694903 -0.474877 0.472817 -0.262746 0.260693 -0.262746 0.260693 -0.474877 0.472817 -0.693715 -0.386929 -0.693715 -0.386929 -0.474877 0.472817 -0.970878 -0.272127 -0.693715 -0.386929 -0.970878 -0.272127 -0.845 -1.149989 -0.845 -1.149989 -0.970878 -0.272127 -1.145 -1.149989 -1.145 1.149989 -1.145 0.850011 -0.267904 0.972052 -0.267904 0.972052 -1.145 0.850011 -0.382708 0.694903 -0.267904 0.972052 -0.382708 0.694903 0.474877 0.472817 0.474877 0.472817 -0.382708 0.694903 0.262746 0.260693 0.474877 0.472817 0.262746 0.260693 0.693715 -0.386929 0.474877 0.472817 0.693715 -0.386929 0.970878 -0.272127 0.970878 -0.272127 0.693715 -0.386929 0.845 -1.149989 0.970878 -0.272127 0.845 -1.149989 1.145 -1.149989 -0.299978 0 0 0 -0.299978 1 -0.299978 1 0 0 0 1 1.145 -1.15 0.970878 -0.272138 0.845 -1.15 0.845 -1.15 0.970878 -0.272138 0.693715 -0.38694 0.693715 -0.38694 0.970878 -0.272138 0.474877 0.472806 0.693715 -0.38694 0.474877 0.472806 0.262746 0.260682 0.262746 0.260682 0.474877 0.472806 -0.382708 0.694892 -0.382708 0.694892 0.474877 0.472806 -0.267904 0.972041 -0.382708 0.694892 -0.267904 0.972041 -1.145 0.85 -1.145 0.85 -0.267904 0.972041 -1.145 1.149978 0 -6.283264 -1 -6.283264 0 -7.066165 0 -7.066165 -1 -6.283264 -1 -7.066165 0 -7.066165 -1 -7.066165 -1 -7.849067 0 -7.066165 -1 -7.849067 0 -7.849067 0 -7.849067 -1 -7.849067 -1 -8.631968 0 -7.849067 -1 -8.631968 0 -8.631968 0 -8.631968 -1 -8.631968 0 -9.414872 0 -9.414872 -1 -8.631968 -1 -9.414872 0 1 -0.3 1 0 0 0 0 -0.3 1 -0.3 0 1.145 1.149978 0.267904 0.972041 1.145 0.85 1.145 0.85 0.267904 0.972041 0.382708 0.694892 0.382708 0.694892 0.267904 0.972041 -0.474877 0.472806 0.382708 0.694892 -0.474877 0.472806 -0.262746 0.260682 -0.262746 0.260682 -0.474877 0.472806 -0.693715 -0.38694 -0.693715 -0.38694 -0.474877 0.472806 -0.970878 -0.272138 -0.693715 -0.38694 -0.970878 -0.272138 -0.845 -1.15 -0.845 -1.15 -0.970878 -0.272138 -1.145 -1.15 -29.7 0.895708 22.7 0.903208 -29.7 1.796416 -29.7 1.796416 22.7 0.903208 20.7 1.806416 -29.7 1.796416 20.7 1.806416 -29.7 1.806416 22.7 0.903208 -29.7 0.895708 22.7 0 22.7 0 -29.7 0.895708 -29.7 -0.004999995 22.7 0 -29.7 -0.004999995 22.7 -0.903208 22.7 -0.903208 -29.7 -0.004999995 -29.7 -0.905708 22.7 -0.903208 -29.7 -0.905708 22.7 -1.806416 22.7 -1.806416 -29.7 -0.905708 -29.7 -1.806416 22.7 0.903208 22.7 1.806416 20.7 1.806416 -29.7 1.806416 -30.7 1.806416 -29.7 1.796416 -29.7 1.796416 -30.7 1.806416 -30.7 1.796416 -30.7 1.796416 -30.7 1.806416 -55.7 1.806416 -30.7 1.796416 -55.7 1.806416 -55.7 1.796416 -55.7 1.796416 -55.7 1.806416 -56.7 1.806416 -55.7 1.796416 -56.7 1.806416 -56.7 1.796416 -56.7 1.796416 -56.7 1.806416 -66.1 1.806416 -56.7 1.796416 -66.1 1.806416 -68.1 1.806416 -68.1 1.806416 -68.1 0.903208 -56.7 1.796416 -56.7 1.796416 -68.1 0.903208 -56.7 0.895708 -56.7 0.895708 -68.1 0.903208 -68.1 0 -56.7 0.895708 -68.1 0 -56.7 -0.004999995 -56.7 -0.004999995 -68.1 0 -68.1 -0.903208 -56.7 -0.004999995 -68.1 -0.903208 -56.7 -0.905708 -56.7 -0.905708 -68.1 -0.903208 -68.1 -1.806416 -56.7 -0.905708 -68.1 -1.806416 -56.7 -1.806416 -30.7 1.796416 -55.7 1.796416 -30.7 0.895708 -30.7 0.895708 -55.7 1.796416 -55.7 0.895708 -30.7 0.895708 -55.7 0.895708 -30.7 -0.004999995 -30.7 -0.004999995 -55.7 0.895708 -55.7 -0.004999995 -30.7 -0.004999995 -55.7 -0.004999995 -30.7 -0.905708 -30.7 -0.905708 -55.7 -0.004999995 -55.7 -0.905708 -30.7 -0.905708 -55.7 -0.905708 -30.7 -1.806416 -30.7 -1.806416 -55.7 -0.905708 -55.7 -1.806416 -0.299978 0 0 0 -0.299978 1 -0.299978 1 0 0 0 1 1.145 -1.15 0.970878 -0.272138 0.845 -1.15 0.845 -1.15 0.970878 -0.272138 0.693715 -0.38694 0.693715 -0.38694 0.970878 -0.272138 0.474877 0.472806 0.693715 -0.38694 0.474877 0.472806 0.262746 0.260682 0.262746 0.260682 0.474877 0.472806 -0.382708 0.694892 -0.382708 0.694892 0.474877 0.472806 -0.267904 0.972041 -0.382708 0.694892 -0.267904 0.972041 -1.145 0.85 -1.145 0.85 -0.267904 0.972041 -1.145 1.149978 0 -6.283264 -1 -6.283264 0 -7.066165 0 -7.066165 -1 -6.283264 -1 -7.066165 0 -7.066165 -1 -7.066165 -1 -7.849067 0 -7.066165 -1 -7.849067 0 -7.849067 0 -7.849067 -1 -7.849067 -1 -8.631968 0 -7.849067 -1 -8.631968 0 -8.631968 0 -8.631968 -1 -8.631968 0 -9.414872 0 -9.414872 -1 -8.631968 -1 -9.414872 0 1 -0.3 1 0 0 0 0 -0.3 1 -0.3 0 1.145 1.149978 0.267904 0.972041 1.145 0.85 1.145 0.85 0.267904 0.972041 0.382708 0.694892 0.382708 0.694892 0.267904 0.972041 -0.474877 0.472806 0.382708 0.694892 -0.474877 0.472806 -0.262746 0.260682 -0.262746 0.260682 -0.474877 0.472806 -0.693715 -0.38694 -0.693715 -0.38694 -0.474877 0.472806 -0.970878 -0.272138 -0.693715 -0.38694 -0.970878 -0.272138 -0.845 -1.15 -0.845 -1.15 -0.970878 -0.272138 -1.145 -1.15 -32.7 -1.806416 -32.7 -0.905708 -44.1 -1.806416 -44.1 -1.806416 -32.7 -0.905708 -44.1 -0.903208 -44.1 -0.903208 -32.7 -0.905708 -32.7 -0.004999995 -44.1 -0.903208 -32.7 -0.004999995 -44.1 0 -44.1 0 -32.7 -0.004999995 -32.7 0.895708 -44.1 0 -32.7 0.895708 -44.1 0.903208 -44.1 0.903208 -32.7 0.895708 -32.7 1.796416 -44.1 0.903208 -32.7 1.796416 -44.1 1.806416 -44.1 1.806416 -32.7 1.796416 -42.1 1.806416 -42.1 1.806416 -32.7 1.796416 -32.7 1.806416 -32.7 1.806416 -32.7 1.796416 -31.7 1.796416 -32.7 1.806416 -31.7 1.796416 -31.7 1.806416 -31.7 1.806416 -31.7 1.796416 12.7 1.806416 12.7 1.806416 -31.7 1.796416 14.7 0.903208 12.7 1.806416 14.7 0.903208 14.7 1.806416 -31.7 1.796416 -31.7 0.895708 14.7 0.903208 14.7 0.903208 -31.7 0.895708 14.7 0 14.7 0 -31.7 0.895708 -31.7 -0.004999995 14.7 0 -31.7 -0.004999995 14.7 -0.903208 14.7 -0.903208 -31.7 -0.004999995 -31.7 -0.905708 14.7 -0.903208 -31.7 -0.905708 14.7 -1.806416 14.7 -1.806416 -31.7 -0.905708 -31.7 -1.806416 -0.299978 0 0 0 -0.299978 1 -0.299978 1 0 0 0 1 -1.145 1.15 -0.970878 0.272138 -0.845 1.15 -0.845 1.15 -0.970878 0.272138 -0.693715 0.38694 -0.693715 0.38694 -0.970878 0.272138 -0.474877 -0.472806 -0.693715 0.38694 -0.474877 -0.472806 -0.262746 -0.260682 -0.262746 -0.260682 -0.474877 -0.472806 0.382708 -0.694892 0.382708 -0.694892 -0.474877 -0.472806 0.267904 -0.972041 0.382708 -0.694892 0.267904 -0.972041 1.145 -0.85 1.145 -0.85 0.267904 -0.972041 1.145 -1.149978 0 -6.283264 -1 -6.283264 0 -7.066165 0 -7.066165 -1 -6.283264 -1 -7.066165 0 -7.066165 -1 -7.066165 -1 -7.849067 0 -7.066165 -1 -7.849067 0 -7.849067 0 -7.849067 -1 -7.849067 -1 -8.631968 0 -7.849067 -1 -8.631968 0 -8.631968 0 -8.631968 -1 -8.631968 0 -9.414872 0 -9.414872 -1 -8.631968 -1 -9.414872 0 1 -0.3 1 0 0 0 0 -0.3 1 -0.3 0 -1.145 -1.149978 -0.267904 -0.972041 -1.145 -0.85 -1.145 -0.85 -0.267904 -0.972041 -0.382708 -0.694892 -0.382708 -0.694892 -0.267904 -0.972041 0.474877 -0.472806 -0.382708 -0.694892 0.474877 -0.472806 0.262746 -0.260682 0.262746 -0.260682 0.474877 -0.472806 0.693715 0.38694 0.693715 0.38694 0.474877 -0.472806 0.970878 0.272138 0.693715 0.38694 0.970878 0.272138 0.845 1.15 0.845 1.15 0.970878 0.272138 1.145 1.15 -29.7 0.895708 22.7 0.903208 -29.7 1.796416 -29.7 1.796416 22.7 0.903208 20.7 1.806416 -29.7 1.796416 20.7 1.806416 -29.7 1.806416 22.7 0.903208 -29.7 0.895708 22.7 0 22.7 0 -29.7 0.895708 -29.7 -0.004999995 22.7 0 -29.7 -0.004999995 22.7 -0.903208 22.7 -0.903208 -29.7 -0.004999995 -29.7 -0.905708 22.7 -0.903208 -29.7 -0.905708 22.7 -1.806416 22.7 -1.806416 -29.7 -0.905708 -29.7 -1.806416 22.7 0.903208 22.7 1.806416 20.7 1.806416 -29.7 1.806416 -30.7 1.806416 -29.7 1.796416 -29.7 1.796416 -30.7 1.806416 -30.7 1.796416 -30.7 1.796416 -30.7 1.806416 -55.7 1.806416 -30.7 1.796416 -55.7 1.806416 -55.7 1.796416 -55.7 1.796416 -55.7 1.806416 -56.7 1.806416 -55.7 1.796416 -56.7 1.806416 -56.7 1.796416 -56.7 1.796416 -56.7 1.806416 -66.1 1.806416 -56.7 1.796416 -66.1 1.806416 -68.1 1.806416 -68.1 1.806416 -68.1 0.903208 -56.7 1.796416 -56.7 1.796416 -68.1 0.903208 -56.7 0.895708 -56.7 0.895708 -68.1 0.903208 -68.1 0 -56.7 0.895708 -68.1 0 -56.7 -0.004999995 -56.7 -0.004999995 -68.1 0 -68.1 -0.903208 -56.7 -0.004999995 -68.1 -0.903208 -56.7 -0.905708 -56.7 -0.905708 -68.1 -0.903208 -68.1 -1.806416 -56.7 -0.905708 -68.1 -1.806416 -56.7 -1.806416 -30.7 1.796416 -55.7 1.796416 -30.7 0.895708 -30.7 0.895708 -55.7 1.796416 -55.7 0.895708 -30.7 0.895708 -55.7 0.895708 -30.7 -0.004999995 -30.7 -0.004999995 -55.7 0.895708 -55.7 -0.004999995 -30.7 -0.004999995 -55.7 -0.004999995 -30.7 -0.905708 -30.7 -0.905708 -55.7 -0.004999995 -55.7 -0.905708 -30.7 -0.905708 -55.7 -0.905708 -30.7 -1.806416 -30.7 -1.806416 -55.7 -0.905708 -55.7 -1.806416 -0.299978 0 0 0 -0.299978 1 -0.299978 1 0 0 0 1 -1.145 1.15 -0.970878 0.272138 -0.845 1.15 -0.845 1.15 -0.970878 0.272138 -0.693715 0.38694 -0.693715 0.38694 -0.970878 0.272138 -0.474877 -0.472806 -0.693715 0.38694 -0.474877 -0.472806 -0.262746 -0.260682 -0.262746 -0.260682 -0.474877 -0.472806 0.382708 -0.694892 0.382708 -0.694892 -0.474877 -0.472806 0.267904 -0.972041 0.382708 -0.694892 0.267904 -0.972041 1.145 -0.85 1.145 -0.85 0.267904 -0.972041 1.145 -1.149978 0 -6.283264 -1 -6.283264 0 -7.066165 0 -7.066165 -1 -6.283264 -1 -7.066165 0 -7.066165 -1 -7.066165 -1 -7.849067 0 -7.066165 -1 -7.849067 0 -7.849067 0 -7.849067 -1 -7.849067 -1 -8.631968 0 -7.849067 -1 -8.631968 0 -8.631968 0 -8.631968 -1 -8.631968 0 -9.414872 0 -9.414872 -1 -8.631968 -1 -9.414872 0 1 -0.3 1 0 0 0 0 -0.3 1 -0.3 0 -1.145 -1.149978 -0.267904 -0.972041 -1.145 -0.85 -1.145 -0.85 -0.267904 -0.972041 -0.382708 -0.694892 -0.382708 -0.694892 -0.267904 -0.972041 0.474877 -0.472806 -0.382708 -0.694892 0.474877 -0.472806 0.262746 -0.260682 0.262746 -0.260682 0.474877 -0.472806 0.693715 0.38694 0.693715 0.38694 0.474877 -0.472806 0.970878 0.272138 0.693715 0.38694 0.970878 0.272138 0.845 1.15 0.845 1.15 0.970878 0.272138 1.145 1.15 -32.7 -1.806416 -32.7 -0.905708 -44.1 -1.806416 -44.1 -1.806416 -32.7 -0.905708 -44.1 -0.903208 -44.1 -0.903208 -32.7 -0.905708 -32.7 -0.004999995 -44.1 -0.903208 -32.7 -0.004999995 -44.1 0 -44.1 0 -32.7 -0.004999995 -32.7 0.895708 -44.1 0 -32.7 0.895708 -44.1 0.903208 -44.1 0.903208 -32.7 0.895708 -32.7 1.796416 -44.1 0.903208 -32.7 1.796416 -44.1 1.806416 -44.1 1.806416 -32.7 1.796416 -42.1 1.806416 -42.1 1.806416 -32.7 1.796416 -32.7 1.806416 -32.7 1.806416 -32.7 1.796416 -31.7 1.796416 -32.7 1.806416 -31.7 1.796416 -31.7 1.806416 -31.7 1.806416 -31.7 1.796416 12.7 1.806416 12.7 1.806416 -31.7 1.796416 14.7 0.903208 12.7 1.806416 14.7 0.903208 14.7 1.806416 -31.7 1.796416 -31.7 0.895708 14.7 0.903208 14.7 0.903208 -31.7 0.895708 14.7 0 14.7 0 -31.7 0.895708 -31.7 -0.004999995 14.7 0 -31.7 -0.004999995 14.7 -0.903208 14.7 -0.903208 -31.7 -0.004999995 -31.7 -0.905708 14.7 -0.903208 -31.7 -0.905708 14.7 -1.806416 14.7 -1.806416 -31.7 -0.905708 -31.7 -1.806416 0.00999999 0 0.00999999 53.9 0 0 0 0 0.00999999 53.9 0 53.91 0 53.91 0.00999999 53.9 0.31 53.91 0.31 53.91 0.00999999 53.9 0.31 53.9 0 53.9 1 53.9 0 53.91 0 53.91 1 53.9 1 53.91 0.3 0 0.31 0 0.3 53.9 0.3 53.9 0.31 0 0.31 53.91 0.3 53.9 0.31 53.91 0 53.91 0 53.91 0 53.9 0.3 53.9 0 0 1 0 0 53.91 0 53.91 1 0 1 53.91 -0.155 -0.5 0.155 -0.5 -0.155 0.5 -0.155 0.5 0.155 -0.5 0.155 0.5 0.00999999 0 0.00999999 53.9 0 0 0 0 0.00999999 53.9 0 53.91 0 53.91 0.00999999 53.9 0.31 53.91 0.31 53.91 0.00999999 53.9 0.31 53.9 0 53.9 1 53.9 0 53.91 0 53.91 1 53.9 1 53.91 0.3 0 0.31 0 0.3 53.9 0.3 53.9 0.31 0 0.31 53.91 0.3 53.9 0.31 53.91 0 53.91 0 53.91 0 53.9 0.3 53.9 0 0 1 0 0 53.91 0 53.91 1 0 1 53.91 0.5 0.155 -0.5 0.155 0.5 -0.155 0.5 -0.155 -0.5 0.155 -0.5 -0.155 0.3 34.3 0.31 34.3 0.3 53.9 0.3 53.9 0.31 34.3 0.31 53.91 0.3 53.9 0.31 53.91 0 53.91 0 53.91 0 53.9 0.3 53.9 0 53.9 1 53.9 0 53.91 0 53.91 1 53.9 1 53.91 -7.35 7 -21.08555 0.623123 -7.35 -0.8 -7.35 -0.8 -21.08555 0.623123 -20.96527 -0.213472 -7.35 -0.8 -20.96527 -0.213472 -7.35 -3 -7.35 -3 -20.96527 -0.213472 -21.31638 -0.982291 -7.35 -3 -21.31638 -0.982291 -7.35 -13.8 -7.35 -13.8 -21.31638 -0.982291 -22.0274 -1.43924 -7.35 -13.8 -22.0274 -1.43924 -22.8726 -1.43924 -21.08555 0.623123 -7.35 7 -21.63904 1.26188 -21.63904 1.26188 -7.35 7 -26.95 7 -21.63904 1.26188 -26.95 7 -22.45 1.5 -22.45 1.5 -26.95 7 -23.26096 1.26188 -23.26096 1.26188 -26.95 7 -23.81445 0.623123 -23.81445 0.623123 -26.95 7 -23.93473 -0.213472 -23.93473 -0.213472 -26.95 7 -26.95 -43.4 -23.93473 -0.213472 -26.95 -43.4 -23.58362 -0.982291 -23.58362 -0.982291 -26.95 -43.4 -22.8726 -1.43924 -22.8726 -1.43924 -26.95 -43.4 -7.24282 -14.2 -22.8726 -1.43924 -7.24282 -14.2 -7.35 -13.8 -26.79776 -44.16537 -24.95 -45.4 -26.95 -43.4 -26.95 -43.4 -24.95 -45.4 -6.95 -14.49282 -26.95 -43.4 -6.95 -14.49282 -7.24282 -14.2 -26.79776 -44.16537 -26.36421 -44.81421 -24.95 -45.4 -24.95 -45.4 -26.36421 -44.81421 -25.71537 -45.24776 26.85 -45.4 4.25 -14.6 -24.95 -45.4 -24.95 -45.4 4.25 -14.6 -6.55 -14.6 -24.95 -45.4 -6.55 -14.6 -6.95 -14.49282 26.9 -45.3866 26.9366 -45.35 26.85 -45.4 26.85 -45.4 26.9366 -45.35 26.95 -45.3 26.85 -45.4 26.95 -45.3 4.65 -14.49282 4.65 -14.49282 26.95 -45.3 4.942821 -14.2 4.942821 -14.2 26.95 -45.3 5.05 -13.8 5.05 -13.8 26.95 -45.3 26.95 7 5.05 -13.8 26.95 7 5.05 -3 5.05 -3 26.95 7 5.05 -0.8 5.05 -3 5.05 -0.8 4.942821 -2.6 4.942821 -2.6 5.05 -0.8 4.942821 -1.2 4.942821 -2.6 4.942821 -1.2 4.65 -1.49282 26.95 7 5.05 7 5.05 -0.8 4.942821 -2.6 4.65 -1.49282 4.65 -2.30718 4.65 -2.30718 4.65 -1.49282 4.25 -1.6 4.65 -2.30718 4.25 -1.6 4.25 -2.2 4.25 -2.2 4.25 -1.6 -6.55 -1.6 4.25 -2.2 -6.55 -1.6 -6.55 -2.2 -6.55 -2.2 -6.55 -1.6 -6.95 -2.30718 -6.95 -2.30718 -6.55 -1.6 -6.95 -1.49282 -6.95 -2.30718 -6.95 -1.49282 -7.24282 -2.6 -7.24282 -2.6 -6.95 -1.49282 -7.24282 -1.2 -7.24282 -2.6 -7.24282 -1.2 -7.35 -0.8 4.65 -14.49282 4.25 -14.6 26.85 -45.4 -7.35 -3 -7.24282 -2.6 -7.35 -0.8 0.31 21.9 0.3 21.9 0.31 0 0.31 0 0.3 21.9 0.3 0 -0.5 -0.155 0.5 -0.155 -0.5 0.155 -0.5 0.155 0.5 -0.155 0.5 0.155 0.00999999 0 0.00999999 53.9 0 0 0 0 0.00999999 53.9 0 53.91 0 53.91 0.00999999 53.9 0.31 53.91 0.31 53.91 0.00999999 53.9 0.31 53.9 0 53.9 1 53.9 0 53.91 0 53.91 1 53.9 1 53.91 0.3 0 0.31 0 0.3 53.9 0.3 53.9 0.31 0 0.31 53.91 0.3 53.9 0.31 53.91 0 53.91 0 53.91 0 53.9 0.3 53.9 0 0 1 0 0 53.91 0 53.91 1 0 1 53.91 -0.5 -0.155 0.5 -0.155 -0.5 0.155 -0.5 0.155 0.5 -0.155 0.5 0.155 0.00999999 0 0.00999999 53.9 0 0 0 0 0.00999999 53.9 0 53.91 0 53.91 0.00999999 53.9 0.31 53.91 0.31 53.91 0.00999999 53.9 0.31 53.9 0 53.9 1 53.9 0 53.91 0 53.91 1 53.9 1 53.91 0.3 0 0.31 0 0.3 53.9 0.3 53.9 0.31 0 0.31 53.91 0.3 53.9 0.31 53.91 0 53.91 0 53.91 0 53.9 0.3 53.9 0 0 1 0 0 53.91 0 53.91 1 0 1 53.91 0.155 0.5 -0.155 0.5 0.155 -0.5 0.155 -0.5 -0.155 0.5 -0.155 -0.5 0 53.9 0.3 53.9 0 53.91 0 53.91 0.3 53.9 0.31 53.91 0.31 53.91 0.3 53.9 0.31 0 0.31 0 0.3 53.9 0.3 0 0 53.9 1 53.9 0 53.91 0 53.91 1 53.9 1 53.91 0.31 53.9 0.31 53.91 0.00999999 53.9 0.00999999 53.9 0.31 53.91 0 53.91 0.00999999 53.9 0 53.91 0 0 0 0 0.00999999 0 0.00999999 53.9 0 0 1 0 0 53.91 0 53.91 1 0 1 53.91 0.5 0.155 -0.5 0.155 0.5 -0.155 0.5 -0.155 -0.5 0.155 -0.5 -0.155 6.4 6 24.95 29.4 -5.9 6 -5.9 6 24.95 29.4 -26.85 29.4 -5.9 6 -26.85 29.4 -6 5.973205 -6 5.973205 -26.85 29.4 -26.95 29.3 -6 5.973205 -26.95 29.3 -6.073205 5.9 -6.073205 5.9 -26.95 29.3 -6.1 5.8 -6.1 5.8 -26.95 29.3 -26.95 -17 -6.1 5.8 -26.95 -17 -6.1 -5.8 -6.1 -5.8 -26.95 -17 -6.073205 -5.9 -6.073205 -5.9 -26.95 -17 -6 -5.973205 -6 -5.973205 -26.95 -17 -5.9 -6 -5.9 -6 -26.95 -17 26.95 -17 -5.9 -6 26.95 -17 6.4 -6 6.4 -6 26.95 -17 6.5 -5.973205 6.5 -5.973205 26.95 -17 6.573205 -5.9 6.573205 -5.9 26.95 -17 6.6 -5.8 6.6 -5.8 26.95 -17 6.6 5.8 6.6 5.8 26.95 -17 26.95 27.4 6.6 5.8 26.95 27.4 6.573205 5.9 6.573205 5.9 26.95 27.4 6.5 5.973205 6.5 5.973205 26.95 27.4 24.95 29.4 6.5 5.973205 24.95 29.4 6.4 6 26.95 27.4 26.79776 28.16537 24.95 29.4 24.95 29.4 26.79776 28.16537 26.36421 28.81421 24.95 29.4 26.36421 28.81421 25.71537 29.24776 -26.9 29.3866 -26.9366 29.35 -26.85 29.4 -26.85 29.4 -26.9366 29.35 -26.95 29.3 26.95 -18 -26.95 -18 26.95 -27.4 26.95 -27.4 -26.95 -18 -26.95 -29.3 26.95 -27.4 -26.95 -29.3 24.95 -29.4 24.95 -29.4 -26.95 -29.3 -26.85 -29.4 -26.85 -29.4 -26.95 -29.3 -26.9366 -29.35 -26.85 -29.4 -26.9366 -29.35 -26.9 -29.3866 25.71537 -29.24776 26.36421 -28.81421 24.95 -29.4 24.95 -29.4 26.36421 -28.81421 26.79776 -28.16537 24.95 -29.4 26.79776 -28.16537 26.95 -27.4 44.4 -47.7 0 -47.7 44.4 -48 44.4 -48 0 -47.7 0 -48 -7.35 8 -7.35 10 -26.95 8 -26.95 8 -7.35 10 -7.24282 10.4 -26.95 8 -7.24282 10.4 -6.95 10.69282 -26.95 8 -6.95 10.69282 -26.95 33 -26.95 33 -6.95 10.69282 -6.55 10.8 -26.95 33 -6.55 10.8 4.25 10.8 -26.95 33 4.25 10.8 26.95 33 26.95 33 4.25 10.8 4.65 10.69282 26.95 33 4.65 10.69282 26.95 8 26.95 8 4.65 10.69282 4.942821 10.4 26.95 8 4.942821 10.4 5.05 10 5.05 10 5.05 8 26.95 8 -26.95 34 26.95 34 -26.95 43.4 -26.95 43.4 26.95 34 26.95 45.3 -26.95 43.4 26.95 45.3 -24.95 45.4 -24.95 45.4 26.95 45.3 26.85 45.4 26.85 45.4 26.95 45.3 26.9366 45.35 26.85 45.4 26.9366 45.35 26.9 45.3866 -25.71537 45.24776 -26.36421 44.81421 -24.95 45.4 -24.95 45.4 -26.36421 44.81421 -26.79776 44.16537 -24.95 45.4 -26.79776 44.16537 -26.95 43.4 51.4 -32 76.4 -32 51.4 -31.7 51.4 -31.7 76.4 -32 76.4 -31.7 77.4 -32 86.80001 -32 77.4 -31.7 77.4 -31.7 86.80001 -32 86.80001 -31.7 -26.95 17 -26.95 -27.4 26.95 17 26.95 17 -26.95 -27.4 26.95 -29.3 26.95 -29.3 -26.95 -27.4 -24.95 -29.4 26.95 -29.3 -24.95 -29.4 26.85 -29.4 -26.95 -27.4 -26.79776 -28.16537 -24.95 -29.4 -24.95 -29.4 -26.79776 -28.16537 -26.36421 -28.81421 -24.95 -29.4 -26.36421 -28.81421 -25.71537 -29.24776 26.9 -29.3866 26.9366 -29.35 26.85 -29.4 26.85 -29.4 26.9366 -29.35 26.95 -29.3 -26.95 18 26.95 18 -26.95 27.4 -26.95 27.4 26.95 18 26.95 29.3 -26.95 27.4 26.95 29.3 -24.95 29.4 -24.95 29.4 26.95 29.3 26.85 29.4 26.85 29.4 26.95 29.3 26.9366 29.35 26.85 29.4 26.9366 29.35 26.9 29.3866 -25.71537 29.24776 -26.36421 28.81421 -24.95 29.4 -24.95 29.4 -26.36421 28.81421 -26.79776 28.16537 -24.95 29.4 -26.79776 28.16537 -26.95 27.4 10.4 47.7 54.8 47.7 10.4 48 10.4 48 54.8 47.7 54.8 48 36.4 31.7 86.80001 31.7 36.4 32 36.4 32 86.80001 31.7 86.80001 32 10.4 31.7 35.4 31.7 10.4 32 10.4 32 35.4 31.7 35.4 32 21.63904 1.26188 22.45 1.5 26.95 43.4 26.95 43.4 22.45 1.5 23.26096 1.26188 26.95 43.4 23.26096 1.26188 23.81445 0.623123 26.95 43.4 23.81445 0.623123 26.95 -7 26.95 -7 23.81445 0.623123 23.93473 -0.213472 26.95 -7 23.93473 -0.213472 23.58362 -0.982291 23.58362 -0.982291 22.8726 -1.43924 26.95 -7 26.95 -7 22.8726 -1.43924 22.0274 -1.43924 26.95 -7 22.0274 -1.43924 21.31638 -0.982291 26.95 -7 21.31638 -0.982291 -26.95 -7 -26.95 -7 21.31638 -0.982291 20.96527 -0.213472 -26.95 -7 20.96527 -0.213472 21.08555 0.623123 -26.95 -7 21.08555 0.623123 -26.95 45.3 -26.95 45.3 21.08555 0.623123 21.63904 1.26188 -26.95 45.3 21.63904 1.26188 -26.85 45.4 -26.85 45.4 21.63904 1.26188 24.95 45.4 24.95 45.4 21.63904 1.26188 26.95 43.4 24.95 45.4 26.95 43.4 26.79776 44.16537 26.79776 44.16537 26.36421 44.81421 24.95 45.4 24.95 45.4 26.36421 44.81421 25.71537 45.24776 -26.9 45.3866 -26.9366 45.35 -26.85 45.4 -26.85 45.4 -26.9366 45.35 -26.95 45.3 -26.95 -33 26.95 -33 -26.95 -8 -26.95 -8 26.95 -33 26.95 -8 26.95 -34 -26.95 -34 26.95 -43.4 26.95 -43.4 -26.95 -34 -26.95 -45.3 26.95 -43.4 -26.95 -45.3 24.95 -45.4 24.95 -45.4 -26.95 -45.3 -26.85 -45.4 -26.85 -45.4 -26.95 -45.3 -26.9366 -45.35 -26.85 -45.4 -26.9366 -45.35 -26.9 -45.3866 25.71537 -45.24776 26.36421 -44.81421 24.95 -45.4 24.95 -45.4 26.36421 -44.81421 26.79776 -44.16537 24.95 -45.4 26.79776 -44.16537 26.95 -43.4 48 29.3 47.7 29.3 48 -17 48 -17 47.7 29.3 33 32 48 -17 33 32 8 32 47.7 29.4 45.3 31.7 47.7 29.3 47.7 29.3 45.3 31.7 34 32 47.7 29.3 34 32 33 32 33 32 34 32 33 32.01 33 32.01 34 32 34 32.01 47.7 29.4 47.52492 30.28017 45.3 31.7 45.3 31.7 47.52492 30.28017 47.02634 31.02635 45.3 31.7 47.02634 31.02635 46.28017 31.52492 46.28017 31.52492 45.4 31.7 45.3 31.7 45.3 31.7 45.3 32 34 32 8 32.01 7 32.01 8 32 8 32 7 32.01 7 32 8 32 7 32 48 -17 48 -17 7 32 -7 -32 48 -17 -7 -32 48 -18 48 -18 -7 -32 45.3 -31.7 48 -18 45.3 -31.7 47.7 -29.3 47.7 -29.3 45.3 -31.7 47.7 -29.4 47.7 -29.4 45.3 -31.7 47.52492 -30.28017 47.52492 -30.28017 45.3 -31.7 47.02634 -31.02635 47.02634 -31.02635 45.3 -31.7 46.28017 -31.52492 46.28017 -31.52492 45.3 -31.7 45.4 -31.7 -45.3 32 -45.3 31.7 7 32 7 32 -45.3 31.7 -48 18 7 32 -48 18 -48 17 -48 17 -48 18 -48.01 18 -48 17 -48.01 18 -48.01 17 -45.4 31.7 -46.28017 31.52492 -45.3 31.7 -45.3 31.7 -46.28017 31.52492 -47.02634 31.02635 -45.3 31.7 -47.02634 31.02635 -47.52492 30.28017 -47.52492 30.28017 -47.7 29.4 -45.3 31.7 -45.3 31.7 -47.7 29.4 -47.7 29.3 -45.3 31.7 -47.7 29.3 -48 18 -48 18 -47.7 29.3 -48 29.3 -48 -29.3 -47.7 -29.3 -48 17 -48 17 -47.7 -29.3 -33 -32 -48 17 -33 -32 -8 -32 -47.7 -29.4 -45.3 -31.7 -47.7 -29.3 -47.7 -29.3 -45.3 -31.7 -34 -32 -47.7 -29.3 -34 -32 -33 -32 -33 -32 -34 -32 -33 -32.01 -33 -32.01 -34 -32 -34 -32.01 -47.7 -29.4 -47.52492 -30.28017 -45.3 -31.7 -45.3 -31.7 -47.52492 -30.28017 -47.02634 -31.02635 -45.3 -31.7 -47.02634 -31.02635 -46.28017 -31.52492 -46.28017 -31.52492 -45.4 -31.7 -45.3 -31.7 -45.3 -31.7 -45.3 -32 -34 -32 -8 -32.01 -7 -32.01 -8 -32 -8 -32 -7 -32.01 -7 -32 -8 -32 -7 -32 -48 17 -48 17 -7 -32 7 32 -7 -32 45.3 -32 45.3 -31.7 47.7 -29.3 48 -29.3 48 -18 48 -18 48.01 -18 48 -17 48 -17 48.01 -18 48.01 -17 -34.5 -0.856798 -32 -0.428399 -34.5 0 -34.5 0 -32 -0.428399 -32 0.428399 -34.5 0 -32 0.428399 -34.5 0.856798 -34.5 0.856798 -32 0.428399 -32 1.285197 -34.5 0.856798 -32 1.285197 -34.5 1.713596 -34.5 1.713596 -32 1.285197 -32 2.141995 -34.5 1.713596 -32 2.141995 -34.5 2.570394 -34.5 2.570394 -32 2.141995 -32 2.998793 -34.5 2.570394 -32 2.998793 -34.5 3.427192 -34.5 3.427192 -32 2.998793 -32 3.855591 -34.5 3.427192 -32 3.855591 -34.5 4.28399 -34.5 4.28399 -32 3.855591 -32 4.712389 -34.5 4.28399 -32 4.712389 -34.5 5.140788 -34.5 -4.28399 -32 -4.712389 -32 -3.855591 -34.5 -4.28399 -32 -3.855591 -34.5 -3.427192 -34.5 -3.427192 -32 -3.855591 -32 -2.998793 -34.5 -3.427192 -32 -2.998793 -34.5 -2.570394 -34.5 -2.570394 -32 -2.998793 -32 -2.141995 -34.5 -2.570394 -32 -2.141995 -34.5 -1.713596 -34.5 -1.713596 -32 -2.141995 -32 -1.285197 -34.5 -1.713596 -32 -1.285197 -34.5 -0.856798 -34.5 -0.856798 -32 -1.285197 -32 -0.428399 34.5 0.856798 32 0.428399 34.5 0 34.5 0 32 0.428399 32 -0.428399 34.5 0 32 -0.428399 34.5 -0.856798 34.5 -0.856798 32 -0.428399 32 -1.285197 34.5 -0.856798 32 -1.285197 34.5 -1.713596 34.5 -1.713596 32 -1.285197 32 -2.141995 34.5 -1.713596 32 -2.141995 34.5 -2.570394 34.5 -2.570394 32 -2.141995 32 -2.998793 34.5 -2.570394 32 -2.998793 34.5 -3.427192 34.5 -3.427192 32 -2.998793 32 -3.855591 34.5 -3.427192 32 -3.855591 34.5 -4.28399 34.5 -4.28399 32 -3.855591 32 -4.712389 34.5 -4.28399 32 -4.712389 34.5 -5.140788 34.5 4.28399 32 4.712389 32 3.855591 34.5 4.28399 32 3.855591 34.5 3.427192 34.5 3.427192 32 3.855591 32 2.998793 34.5 3.427192 32 2.998793 34.5 2.570394 34.5 2.570394 32 2.998793 32 2.141995 34.5 2.570394 32 2.141995 34.5 1.713596 34.5 1.713596 32 2.141995 32 1.285197 34.5 1.713596 32 1.285197 34.5 0.856798 34.5 0.856798 32 1.285197 32 0.428399 0 -1.5 0.810961 -1.26188 -0.810961 -1.26188 -0.810961 -1.26188 0.810961 -1.26188 -1.364448 -0.623123 -1.364448 -0.623123 0.810961 -1.26188 1.364448 -0.623123 -1.364448 -0.623123 1.364448 -0.623123 -1.484732 0.213472 -1.484732 0.213472 1.364448 -0.623123 1.484732 0.213472 -1.484732 0.213472 1.484732 0.213472 -1.133624 0.982291 -1.133624 0.982291 1.484732 0.213472 1.133624 0.982291 -1.133624 0.982291 1.133624 0.982291 -0.422599 1.43924 -0.422599 1.43924 1.133624 0.982291 0.422599 1.43924 0 -1.5 0.810961 -1.26188 -0.810961 -1.26188 -0.810961 -1.26188 0.810961 -1.26188 -1.364448 -0.623123 -1.364448 -0.623123 0.810961 -1.26188 1.364448 -0.623123 -1.364448 -0.623123 1.364448 -0.623123 -1.484732 0.213472 -1.484732 0.213472 1.364448 -0.623123 1.484732 0.213472 -1.484732 0.213472 1.484732 0.213472 -1.133624 0.982291 -1.133624 0.982291 1.484732 0.213472 1.133624 0.982291 -1.133624 0.982291 1.133624 0.982291 -0.422599 1.43924 -0.422599 1.43924 1.133624 0.982291 0.422599 1.43924 31.7 0.1570799 31.7 0.11781 32 0.1570799 32 0.1570799 31.7 0.11781 32 0.1047199 32 0.1047199 31.7 0.11781 31.7 0.07853996 32 0.1047199 31.7 0.07853996 32 0.05235999 32 0.05235999 31.7 0.07853996 31.7 0.03926998 32 0.05235999 31.7 0.03926998 32 0 32 0 31.7 0.03926998 31.7 0 -31.7 0 -31.7 0.03926998 -32 0 -32 0 -31.7 0.03926998 -32 0.05235999 -32 0.05235999 -31.7 0.03926998 -31.7 0.07853996 -32 0.05235999 -31.7 0.07853996 -32 0.1047199 -32 0.1047199 -31.7 0.07853996 -31.7 0.11781 -32 0.1047199 -31.7 0.11781 -32 0.1570799 -32 0.1570799 -31.7 0.11781 -31.7 0.1570799 51.8 -31.7 0 -31.7 51.8 -32 51.8 -32 0 -31.7 0 -32 0 31.7 51.8 31.7 0 32 0 32 51.8 31.7 51.8 32 32 3.141593 31.7 3.141593 32 2.356194 32 2.356194 31.7 3.141593 31.7 2.356194 32 2.356194 31.7 2.356194 31.7 1.570796 32 2.356194 31.7 1.570796 32 1.570796 32 1.570796 31.7 1.570796 31.7 0.785398 32 1.570796 31.7 0.785398 32 0.785398 32 0.785398 31.7 0.785398 32 0 32 0 31.7 0.785398 31.7 0 -32 0 -31.7 0 -32 0.785398 -32 0.785398 -31.7 0 -31.7 0.785398 -32 0.785398 -31.7 0.785398 -31.7 1.570796 -32 0.785398 -31.7 1.570796 -32 1.570796 -32 1.570796 -31.7 1.570796 -31.7 2.356194 -32 1.570796 -31.7 2.356194 -32 2.356194 -32 2.356194 -31.7 2.356194 -32 3.141593 -32 3.141593 -31.7 2.356194 -31.7 3.141593 31.7 0.1570799 31.7 0.11781 32 0.1570799 32 0.1570799 31.7 0.11781 32 0.1047199 32 0.1047199 31.7 0.11781 31.7 0.07853996 32 0.1047199 31.7 0.07853996 32 0.05235999 32 0.05235999 31.7 0.07853996 31.7 0.03926998 32 0.05235999 31.7 0.03926998 32 0 32 0 31.7 0.03926998 31.7 0 50.4 -31.7 0 -31.7 50.4 -32 50.4 -32 0 -31.7 0 -32 51.8 -31.7 0 -31.7 51.8 -32 51.8 -32 0 -31.7 0 -32 32 3.141593 31.7 3.141593 32 2.356194 32 2.356194 31.7 3.141593 31.7 2.356194 32 2.356194 31.7 2.356194 31.7 1.570796 32 2.356194 31.7 1.570796 32 1.570796 32 1.570796 31.7 1.570796 31.7 0.785398 32 1.570796 31.7 0.785398 32 0.785398 32 0.785398 31.7 0.785398 32 0 32 0 31.7 0.785398 31.7 0 1 21.9 0 21.9 1 0 1 0 0 21.9 0 0 -32 0 -31.7 0 -32 0.785398 -32 0.785398 -31.7 0 -31.7 0.785398 -32 0.785398 -31.7 0.785398 -31.7 1.570796 -32 0.785398 -31.7 1.570796 -32 1.570796 -32 1.570796 -31.7 1.570796 -31.7 2.356194 -32 1.570796 -31.7 2.356194 -32 2.356194 -32 2.356194 -31.7 2.356194 -32 3.141593 -32 3.141593 -31.7 2.356194 -31.7 3.141593 0 31.7 51.8 31.7 0 32 0 32 51.8 31.7 51.8 32 -31.7 0 -31.7 0.03926998 -32 0 -32 0 -31.7 0.03926998 -32 0.05235999 -32 0.05235999 -31.7 0.03926998 -31.7 0.07853996 -32 0.05235999 -31.7 0.07853996 -32 0.1047199 -32 0.1047199 -31.7 0.07853996 -31.7 0.11781 -32 0.1047199 -31.7 0.11781 -32 0.1570799 -32 0.1570799 -31.7 0.11781 -31.7 0.1570799 9.4 32 0 32 9.4 31.7 9.4 31.7 0 32 0 31.7 90.80001 0.1 90.79239 0.06173199 90.80001 0 90.80001 0 90.79239 0.06173199 90.77072 0.02928894 90.80001 0 90.77072 0.02928894 90.73827 0.007611989 90.73827 0.007611989 90.7 0 90.80001 0 88.80001 53.9 89.56537 53.74776 90.80001 53.9 90.80001 53.9 89.56537 53.74776 90.21421 53.31421 90.80001 53.9 90.21421 53.31421 90.64776 52.66537 90.64776 52.66537 90.80001 51.9 90.80001 53.9 0.1 0 0.06173199 0.007611989 0 0 0 0 0.06173199 0.007611989 0.02928894 0.02928894 0 0 0.02928894 0.02928894 0.007611989 0.06173199 0.007611989 0.06173199 0 0.1 0 0 0.1 0 0.06173199 0.007611989 0 0 0 0 0.06173199 0.007611989 0.02928894 0.02928894 0 0 0.02928894 0.02928894 0.007611989 0.06173199 0.007611989 0.06173199 0 0.1 0 0 0 51.9 0.152241 52.66537 0 53.9 0 53.9 0.152241 52.66537 0.585786 53.31421 0 53.9 0.585786 53.31421 1.234633 53.74776 1.234633 53.74776 2 53.9 0 53.9 88.80001 53.9 89.56537 53.74776 90.80001 53.9 90.80001 53.9 89.56537 53.74776 90.21421 53.31421 90.80001 53.9 90.21421 53.31421 90.64776 52.66537 90.64776 52.66537 90.80001 51.9 90.80001 53.9 90.80001 0.1 90.79239 0.06173199 90.80001 0 90.80001 0 90.79239 0.06173199 90.77072 0.02928894 90.80001 0 90.77072 0.02928894 90.73827 0.007611989 90.73827 0.007611989 90.7 0 90.80001 0 47.7 0.1570799 47.7 0.11781 48 0.1570799 48 0.1570799 47.7 0.11781 48 0.1047199 48 0.1047199 47.7 0.11781 47.7 0.07853996 48 0.1047199 47.7 0.07853996 48 0.05235999 48 0.05235999 47.7 0.07853996 47.7 0.03926998 48 0.05235999 47.7 0.03926998 48 0 48 0 47.7 0.03926998 47.7 0 -47.7 0 -47.7 0.03926998 -48 0 -48 0 -47.7 0.03926998 -48 0.05235999 -48 0.05235999 -47.7 0.03926998 -47.7 0.07853996 -48 0.05235999 -47.7 0.07853996 -48 0.1047199 -48 0.1047199 -47.7 0.07853996 -47.7 0.11781 -48 0.1047199 -47.7 0.11781 -48 0.1570799 -48 0.1570799 -47.7 0.11781 -47.7 0.1570799 51.8 -47.7 0 -47.7 51.8 -48 51.8 -48 0 -47.7 0 -48 0 47.7 51.8 47.7 0 48 0 48 51.8 47.7 51.8 48 48 3.141593 47.7 3.141593 48 2.356194 48 2.356194 47.7 3.141593 47.7 2.356194 48 2.356194 47.7 2.356194 47.7 1.570796 48 2.356194 47.7 1.570796 48 1.570796 48 1.570796 47.7 1.570796 47.7 0.785398 48 1.570796 47.7 0.785398 48 0.785398 48 0.785398 47.7 0.785398 48 0 48 0 47.7 0.785398 47.7 0 -48 0 -47.7 0 -48 0.785398 -48 0.785398 -47.7 0 -47.7 0.785398 -48 0.785398 -47.7 0.785398 -47.7 1.570796 -48 0.785398 -47.7 1.570796 -48 1.570796 -48 1.570796 -47.7 1.570796 -47.7 2.356194 -48 1.570796 -47.7 2.356194 -48 2.356194 -48 2.356194 -47.7 2.356194 -48 3.141593 -48 3.141593 -47.7 2.356194 -47.7 3.141593 47.7 0.1570799 47.7 0.11781 48 0.1570799 48 0.1570799 47.7 0.11781 48 0.1047199 48 0.1047199 47.7 0.11781 47.7 0.07853996 48 0.1047199 47.7 0.07853996 48 0.05235999 48 0.05235999 47.7 0.07853996 47.7 0.03926998 48 0.05235999 47.7 0.03926998 48 0 48 0 47.7 0.03926998 47.7 0 45.4 -48 54.8 -48 45.4 -47.7 45.4 -47.7 54.8 -48 54.8 -47.7 51.8 -47.7 0 -47.7 51.8 -48 51.8 -48 0 -47.7 0 -48 48 3.141593 47.7 3.141593 48 2.356194 48 2.356194 47.7 3.141593 47.7 2.356194 48 2.356194 47.7 2.356194 47.7 1.570796 48 2.356194 47.7 1.570796 48 1.570796 48 1.570796 47.7 1.570796 47.7 0.785398 48 1.570796 47.7 0.785398 48 0.785398 48 0.785398 47.7 0.785398 48 0 48 0 47.7 0.785398 47.7 0 -48 0 -47.7 0 -48 0.785398 -48 0.785398 -47.7 0 -47.7 0.785398 -48 0.785398 -47.7 0.785398 -47.7 1.570796 -48 0.785398 -47.7 1.570796 -48 1.570796 -48 1.570796 -47.7 1.570796 -47.7 2.356194 -48 1.570796 -47.7 2.356194 -48 2.356194 -48 2.356194 -47.7 2.356194 -48 3.141593 -48 3.141593 -47.7 2.356194 -47.7 3.141593 0 47.7 51.8 47.7 0 48 0 48 51.8 47.7 51.8 48 -47.7 0 -47.7 0.03926998 -48 0 -48 0 -47.7 0.03926998 -48 0.05235999 -48 0.05235999 -47.7 0.03926998 -47.7 0.07853996 -48 0.05235999 -47.7 0.07853996 -48 0.1047199 -48 0.1047199 -47.7 0.07853996 -47.7 0.11781 -48 0.1047199 -47.7 0.11781 -48 0.1570799 -48 0.1570799 -47.7 0.11781 -47.7 0.1570799 9.4 48 0 48 9.4 47.7 9.4 47.7 0 48 0 47.7 58.8 0.1 58.79239 0.06173199 58.8 0 58.8 0 58.79239 0.06173199 58.77071 0.02928894 58.8 0 58.77071 0.02928894 58.73827 0.007611989 58.73827 0.007611989 58.7 0 58.8 0 56.8 53.9 57.56537 53.74776 58.8 53.9 58.8 53.9 57.56537 53.74776 58.21421 53.31421 58.8 53.9 58.21421 53.31421 58.64776 52.66537 58.64776 52.66537 58.8 51.9 58.8 53.9 0.1 0 0.06173199 0.007611989 0 0 0 0 0.06173199 0.007611989 0.02928894 0.02928894 0 0 0.02928894 0.02928894 0.007611989 0.06173199 0.007611989 0.06173199 0 0.1 0 0 0.1 0 0.06173199 0.007611989 0 0 0 0 0.06173199 0.007611989 0.02928894 0.02928894 0 0 0.02928894 0.02928894 0.007611989 0.06173199 0.007611989 0.06173199 0 0.1 0 0 0 51.9 0.152241 52.66537 0 53.9 0 53.9 0.152241 52.66537 0.585786 53.31421 0 53.9 0.585786 53.31421 1.234633 53.74776 1.234633 53.74776 2 53.9 0 53.9 56.8 53.9 57.56537 53.74776 58.8 53.9 58.8 53.9 57.56537 53.74776 58.21421 53.31421 58.8 53.9 58.21421 53.31421 58.64776 52.66537 58.64776 52.66537 58.8 51.9 58.8 53.9 58.8 0.1 58.79239 0.06173199 58.8 0 58.8 0 58.79239 0.06173199 58.77071 0.02928894 58.8 0 58.77071 0.02928894 58.73827 0.007611989 58.73827 0.007611989 58.7 0 58.8 0 -0.148943 1.617925 -0.967229 2.008628 -0.512395 1.004314 -0.512395 1.004314 -0.967229 2.008628 -1.29402 1.064243 -0.512395 1.004314 -1.29402 1.064243 -0.512395 0 -0.512395 0 -1.29402 1.064243 -1.415603 0 -0.512395 0 -1.415603 0 -1.29402 -1.064243 -0.512395 0 -1.29402 -1.064243 -0.512395 -1.004314 -0.512395 -1.004314 -1.29402 -1.064243 -0.967229 -2.008628 -0.512395 -1.004314 -0.967229 -2.008628 -0.148943 -1.617925 -0.512395 -1.004314 -0.148943 -1.617925 0.390812 -1.004314 0.390812 -1.004314 -0.148943 -1.617925 0.673538 -1.245575 0.390812 -1.004314 0.673538 -1.245575 1.474637 -0.780761 2.197228 0 1.29402 0 1.474637 -0.780761 1.474637 -0.780761 1.29402 0 0.390812 0 1.474637 -0.780761 0.390812 0 0.390812 -1.004314 0.390812 -1.004314 0.390812 0 -0.512395 0 0.390812 -1.004314 -0.512395 0 -0.512395 -1.004314 2.197228 0 1.474637 0.780761 1.29402 0 1.29402 0 1.474637 0.780761 0.673538 1.245575 1.29402 0 0.673538 1.245575 0.390812 0 0.390812 0 0.673538 1.245575 0.390812 1.004314 0.390812 0 0.390812 1.004314 -0.512395 1.004314 -0.512395 1.004314 0.390812 1.004314 -0.148943 1.617925 0.673538 1.245575 -0.148943 1.617925 0.390812 1.004314 -0.512395 0 0.390812 0 -0.512395 1.004314 -1.474637 0.780761 -2.197228 0 -1.29402 0 -1.29402 0 -2.197228 0 -1.474637 -0.780761 -1.29402 0 -1.474637 -0.780761 -0.390812 -1.004314 -0.390812 -1.004314 -1.474637 -0.780761 -0.673538 -1.245575 -0.390812 -1.004314 -0.673538 -1.245575 0.148943 -1.617925 -0.390812 -1.004314 0.148943 -1.617925 0.512395 -1.004314 0.512395 -1.004314 0.148943 -1.617925 0.967229 -2.008628 0.512395 -1.004314 0.967229 -2.008628 1.29402 -1.064243 0.512395 -1.004314 1.29402 -1.064243 0.512395 0 0.512395 0 1.29402 -1.064243 1.415603 0 0.512395 0 1.415603 0 1.29402 1.064243 0.512395 0 1.29402 1.064243 0.512395 1.004314 0.512395 1.004314 1.29402 1.064243 0.967229 2.008628 0.512395 1.004314 0.967229 2.008628 0.148943 1.617925 0.512395 1.004314 0.148943 1.617925 -0.390812 1.004314 -0.390812 1.004314 0.148943 1.617925 -0.673538 1.245575 -0.390812 1.004314 -0.673538 1.245575 -1.474637 0.780761 -0.390812 -1.004314 0.512395 -1.004314 -0.390812 0 -0.390812 0 0.512395 -1.004314 0.512395 0 -0.390812 0 0.512395 0 -0.390812 1.004314 -0.390812 1.004314 0.512395 0 0.512395 1.004314 -1.474637 0.780761 -1.29402 0 -0.390812 0 -0.390812 0 -1.29402 0 -0.390812 -1.004314 -1.474637 0.780761 -0.390812 0 -0.390812 1.004314 0.148943 -1.617925 0.967229 -2.008628 0.512395 -1.004314 0.512395 -1.004314 0.967229 -2.008628 1.29402 -1.064243 0.512395 -1.004314 1.29402 -1.064243 0.512395 0 0.512395 0 1.29402 -1.064243 1.415603 0 0.512395 0 1.415603 0 1.29402 1.064243 0.512395 0 1.29402 1.064243 0.512395 1.004314 0.512395 1.004314 1.29402 1.064243 0.967229 2.008628 0.512395 1.004314 0.967229 2.008628 0.148943 1.617925 0.512395 1.004314 0.148943 1.617925 -0.390812 1.004314 -0.390812 1.004314 0.148943 1.617925 -0.673538 1.245575 -0.390812 1.004314 -0.673538 1.245575 -1.474637 0.780761 -2.197228 0 -1.29402 0 -1.474637 0.780761 -1.474637 0.780761 -1.29402 0 -0.390812 0 -1.474637 0.780761 -0.390812 0 -0.390812 1.004314 -0.390812 1.004314 -0.390812 0 0.512395 0 -0.390812 1.004314 0.512395 0 0.512395 1.004314 -2.197228 0 -1.474637 -0.780761 -1.29402 0 -1.29402 0 -1.474637 -0.780761 -0.390812 -1.004314 -1.29402 0 -0.390812 -1.004314 -0.390812 0 -0.390812 0 -0.390812 -1.004314 0.512395 -1.004314 -0.390812 0 0.512395 -1.004314 0.512395 0 -1.474637 -0.780761 -0.673538 -1.245575 -0.390812 -1.004314 -0.390812 -1.004314 -0.673538 -1.245575 0.148943 -1.617925 -0.390812 -1.004314 0.148943 -1.617925 0.512395 -1.004314 1.474637 -0.780761 2.197228 0 1.29402 0 1.29402 0 2.197228 0 1.474637 0.780761 1.29402 0 1.474637 0.780761 0.673538 1.245575 -0.148943 1.617925 0.390812 1.004314 0.673538 1.245575 0.673538 1.245575 0.390812 1.004314 0.390812 0 0.673538 1.245575 0.390812 0 1.29402 0 1.29402 0 0.390812 0 1.474637 -0.780761 0.390812 1.004314 -0.148943 1.617925 -0.512395 1.004314 -0.512395 1.004314 -0.148943 1.617925 -0.967229 2.008628 -0.512395 1.004314 -0.967229 2.008628 -1.29402 1.064243 -0.512395 1.004314 -1.29402 1.064243 -0.512395 0 -0.512395 0 -1.29402 1.064243 -1.415603 0 -0.512395 0 -1.415603 0 -1.29402 -1.064243 -0.512395 0 -1.29402 -1.064243 -0.512395 -1.004314 -0.512395 -1.004314 -1.29402 -1.064243 -0.967229 -2.008628 -0.512395 -1.004314 -0.967229 -2.008628 -0.148943 -1.617925 -0.512395 -1.004314 -0.148943 -1.617925 0.390812 -1.004314 0.390812 -1.004314 -0.148943 -1.617925 0.673538 -1.245575 0.390812 -1.004314 0.673538 -1.245575 1.474637 -0.780761 0.390812 1.004314 -0.512395 1.004314 0.390812 0 0.390812 0 -0.512395 1.004314 -0.512395 0 0.390812 0 -0.512395 0 0.390812 -1.004314 0.390812 -1.004314 -0.512395 0 -0.512395 -1.004314 1.474637 -0.780761 0.390812 0 0.390812 -1.004314 -53.9 3.612832 -53.9 2.709624 -51.9 3.612832 -51.9 3.612832 -53.9 2.709624 0 2.709624 -51.9 3.612832 0 2.709624 -0.1 3.612832 -0.1 3.612832 0 2.709624 0 3.612832 0 2.709624 -53.9 2.709624 0 1.806416 0 1.806416 -53.9 2.709624 -53.9 1.806416 0 1.806416 -53.9 1.806416 0 0.903208 0 0.903208 -53.9 1.806416 -53.9 0.903208 0 0.903208 -53.9 0.903208 -51.9 0 -51.9 0 -53.9 0.903208 -53.9 0 -51.9 0 -0.1 0 0 0.903208 0 0.903208 -0.1 0 0 0 0 51.9 0.152241 52.66537 0 53.9 0 53.9 0.152241 52.66537 0.585786 53.31421 0 53.9 0.585786 53.31421 1.234633 53.74776 1.234633 53.74776 2 53.9 0 53.9 -53.9 3.612832 -53.9 2.709624 -51.9 3.612832 -51.9 3.612832 -53.9 2.709624 0 2.709624 -51.9 3.612832 0 2.709624 -0.1 3.612832 -0.1 3.612832 0 2.709624 0 3.612832 0 2.709624 -53.9 2.709624 0 1.806416 0 1.806416 -53.9 2.709624 -53.9 1.806416 0 1.806416 -53.9 1.806416 0 0.903208 0 0.903208 -53.9 1.806416 -53.9 0.903208 0 0.903208 -53.9 0.903208 -51.9 0 -51.9 0 -53.9 0.903208 -53.9 0 -51.9 0 -0.1 0 0 0.903208 0 0.903208 -0.1 0 0 0 0 51.9 0.152241 52.66537 0 53.9 0 53.9 0.152241 52.66537 0.585786 53.31421 0 53.9 0.585786 53.31421 1.234633 53.74776 1.234633 53.74776 2 53.9 0 53.9 -53.9 3.612832 -53.9 2.709624 -51.9 3.612832 -51.9 3.612832 -53.9 2.709624 0 2.709624 -51.9 3.612832 0 2.709624 -0.1 3.612832 -0.1 3.612832 0 2.709624 0 3.612832 0 2.709624 -53.9 2.709624 0 1.806416 0 1.806416 -53.9 2.709624 -53.9 1.806416 0 1.806416 -53.9 1.806416 0 0.903208 0 0.903208 -53.9 1.806416 -53.9 0.903208 0 0.903208 -53.9 0.903208 -51.9 0 -51.9 0 -53.9 0.903208 -53.9 0 -51.9 0 -0.1 0 0 0.903208 0 0.903208 -0.1 0 0 0 -53.9 3.612832 -53.9 2.709624 -51.9 3.612832 -51.9 3.612832 -53.9 2.709624 0 2.709624 -51.9 3.612832 0 2.709624 -0.1 3.612832 -0.1 3.612832 0 2.709624 0 3.612832 0 2.709624 -53.9 2.709624 0 1.806416 0 1.806416 -53.9 2.709624 -53.9 1.806416 0 1.806416 -53.9 1.806416 0 0.903208 0 0.903208 -53.9 1.806416 -53.9 0.903208 0 0.903208 -53.9 0.903208 -51.9 0 -51.9 0 -53.9 0.903208 -53.9 0 -51.9 0 -0.1 0 0 0.903208 0 0.903208 -0.1 0 0 0 8.03924 -2.064126 8.300001 0 -3.533968 -7.510065 -3.533968 -7.510065 8.300001 0 8.03924 2.064126 -3.533968 -7.510065 8.03924 2.064126 7.273345 3.998555 7.273345 3.998555 6.05044 5.681741 -3.533968 -7.510065 -3.533968 -7.510065 6.05044 5.681741 4.447362 7.007922 -3.533968 -7.510065 4.447362 7.007922 2.564841 7.893769 2.564841 7.893769 0.521161 8.283622 -3.533968 -7.510065 -3.533968 -7.510065 0.521161 8.283622 -1.555265 8.152985 -3.533968 -7.510065 -1.555265 8.152985 -3.533968 7.510065 -3.533968 -7.510065 -3.533968 7.510065 -5.290619 -6.39526 -5.290619 -6.39526 -3.533968 7.510065 -5.290619 6.39526 -5.290619 -6.39526 -5.290619 6.39526 -6.714841 -4.878618 -6.714841 -4.878618 -5.290619 6.39526 -6.714841 4.878618 -6.714841 -4.878618 -6.714841 4.878618 -7.717145 -3.055434 -7.717145 -3.055434 -6.714841 4.878618 -7.717145 3.055434 -7.717145 -3.055434 -7.717145 3.055434 -8.234553 -1.040266 -8.234553 -1.040266 -7.717145 3.055434 -8.234553 1.040266 -1.555265 -8.152985 2.564841 -7.893769 -3.533968 -7.510065 -3.533968 -7.510065 2.564841 -7.893769 4.447362 -7.007922 -3.533968 -7.510065 4.447362 -7.007922 6.05044 -5.681741 -1.555265 -8.152985 0.521161 -8.283622 2.564841 -7.893769 6.05044 -5.681741 7.273345 -3.998555 -3.533968 -7.510065 -3.533968 -7.510065 7.273345 -3.998555 8.03924 -2.064126 12.5 2.086018 0 0 12.5 0 12.5 0 0 0 0 -2.086018 12.5 0 0 -2.086018 12.5 -2.086018 12.5 -2.086018 0 -2.086018 0 -4.172035 12.5 -2.086018 0 -4.172035 12.5 -4.172035 12.5 -4.172035 0 -4.172035 0 -6.258053 12.5 -4.172035 0 -6.258053 12.5 -6.258053 12.5 -6.258053 0 -6.258053 0 -8.344071 12.5 -6.258053 0 -8.344071 12.5 -8.344071 12.5 -8.344071 0 -8.344071 0 -10.43009 12.5 -8.344071 0 -10.43009 12.5 -10.43009 12.5 -10.43009 0 -10.43009 0 -12.51611 12.5 -10.43009 0 -12.51611 12.5 -12.51611 12.5 -12.51611 0 -12.51611 0 -14.60212 12.5 -12.51611 0 -14.60212 12.5 -14.60212 12.5 -14.60212 0 -14.60212 0 -16.68814 12.5 -14.60212 0 -16.68814 12.5 -16.68814 12.5 -16.68814 0 -16.68814 0 -18.77416 12.5 -16.68814 0 -18.77416 12.5 -18.77416 12.5 -18.77416 0 -18.77416 0 -20.86018 12.5 -18.77416 0 -20.86018 12.5 -20.86018 12.5 -20.86018 0 -20.86018 0 -22.94619 12.5 -20.86018 0 -22.94619 12.5 -22.94619 12.5 -22.94619 0 -22.94619 0 -25.03221 12.5 -22.94619 0 -25.03221 12.5 -25.03221 12.5 27.11823 0 27.11823 0 25.03221 12.5 27.11823 0 25.03221 12.5 25.03221 12.5 25.03221 0 25.03221 0 22.94619 12.5 25.03221 0 22.94619 12.5 22.94619 12.5 22.94619 0 22.94619 0 20.86018 12.5 22.94619 0 20.86018 12.5 20.86018 12.5 20.86018 0 20.86018 0 18.77416 12.5 20.86018 0 18.77416 12.5 18.77416 12.5 18.77416 0 18.77416 0 16.68814 12.5 18.77416 0 16.68814 12.5 16.68814 12.5 16.68814 0 16.68814 0 14.60212 12.5 16.68814 0 14.60212 12.5 14.60212 12.5 14.60212 0 14.60212 0 12.51611 12.5 14.60212 0 12.51611 12.5 12.51611 12.5 12.51611 0 12.51611 0 10.43009 12.5 12.51611 0 10.43009 12.5 10.43009 12.5 10.43009 0 10.43009 0 8.344071 12.5 10.43009 0 8.344071 12.5 8.344071 12.5 8.344071 0 8.344071 0 6.258053 12.5 8.344071 0 6.258053 12.5 6.258053 12.5 6.258053 0 6.258053 0 4.172035 12.5 6.258053 0 4.172035 12.5 4.172035 12.5 4.172035 0 4.172035 0 2.086018 12.5 4.172035 0 2.086018 12.5 2.086018 12.5 2.086018 0 2.086018 0 0 6.2 5.4 -5.4 6.2 6.2 -5.4 6.2 -5.4 -5.4 6.2 -6.2 5.4 6.2 -5.4 -6.2 5.4 5.4 -6.2 5.4 -6.2 -6.2 5.4 -6.2 -5.4 5.4 -6.2 -6.2 -5.4 -5.4 -6.2 -5.4 -6.2 -6.2 -5.4 -5.8 -6.09282 -5.8 -6.09282 -6.2 -5.4 -6.09282 -5.8 -5.4 6.2 6.2 5.4 5.4 6.2 5.4 6.2 6.2 5.4 6.09282 5.8 5.4 6.2 6.09282 5.8 5.8 6.09282 -5.8 6.09282 -6.09282 5.8 -5.4 6.2 -5.4 6.2 -6.09282 5.8 -6.2 5.4 5.4 -6.2 5.8 -6.09282 6.2 -5.4 6.2 -5.4 5.8 -6.09282 6.09282 -5.8 0 0 10.8 0 0 0.86 0 0.86 10.8 0 10.8 0.86 -0.86 0 0 0 -0.86 0.418879 -0.86 0.418879 0 0 0 0.418879 -0.86 0.418879 0 0.418879 -0.86 0.837758 -0.86 0.837758 0 0.418879 0 0.837758 -0.86 0.837758 0 0.837758 -0.86 1.256637 -0.86 1.256637 0 0.837758 0 1.256637 0 0 10.8 0 0 0.86 0 0.86 10.8 0 10.8 0.86 -0.86 0 0 0 -0.86 0.418879 -0.86 0.418879 0 0 0 0.418879 -0.86 0.418879 0 0.418879 -0.86 0.837758 -0.86 0.837758 0 0.418879 0 0.837758 -0.86 0.837758 0 0.837758 -0.86 1.256637 -0.86 1.256637 0 0.837758 0 1.256637 0 0 10.8 0 0 0.86 0 0.86 10.8 0 10.8 0.86 -0.86 0 0 0 -0.86 0.418879 -0.86 0.418879 0 0 0 0.418879 -0.86 0.418879 0 0.418879 -0.86 0.837758 -0.86 0.837758 0 0.418879 0 0.837758 -0.86 0.837758 0 0.837758 -0.86 1.256637 -0.86 1.256637 0 0.837758 0 1.256637 0 0 10.8 0 0 0.86 0 0.86 10.8 0 10.8 0.86 -0.86 0 0 0 -0.86 0.418879 -0.86 0.418879 0 0 0 0.418879 -0.86 0.418879 0 0.418879 -0.86 0.837758 -0.86 0.837758 0 0.418879 0 0.837758 -0.86 0.837758 0 0.837758 -0.86 1.256637 -0.86 1.256637 0 0.837758 0 1.256637 6.2 5.4 -5.4 6.2 6.2 -5.4 6.2 -5.4 -5.4 6.2 -6.2 5.4 6.2 -5.4 -6.2 5.4 5.4 -6.2 5.4 -6.2 -6.2 5.4 -6.2 -5.4 5.4 -6.2 -6.2 -5.4 -5.4 -6.2 -5.4 -6.2 -6.2 -5.4 -5.8 -6.09282 -5.8 -6.09282 -6.2 -5.4 -6.09282 -5.8 -5.4 6.2 6.2 5.4 5.4 6.2 5.4 6.2 6.2 5.4 6.09282 5.8 5.4 6.2 6.09282 5.8 5.8 6.09282 -5.8 6.09282 -6.09282 5.8 -5.4 6.2 -5.4 6.2 -6.09282 5.8 -6.2 5.4 5.4 -6.2 5.8 -6.09282 6.2 -5.4 6.2 -5.4 5.8 -6.09282 6.09282 -5.8 -0.86 0 0 0 -0.86 0.418879 -0.86 0.418879 0 0 0 0.418879 -0.86 0.418879 0 0.418879 -0.86 0.837758 -0.86 0.837758 0 0.418879 0 0.837758 -0.86 0.837758 0 0.837758 -0.86 1.256637 -0.86 1.256637 0 0.837758 0 1.256637 0 0 10.8 0 0 0.86 0 0.86 10.8 0 10.8 0.86 -0.86 0 0 0 -0.86 0.418879 -0.86 0.418879 0 0 0 0.418879 -0.86 0.418879 0 0.418879 -0.86 0.837758 -0.86 0.837758 0 0.418879 0 0.837758 -0.86 0.837758 0 0.837758 -0.86 1.256637 -0.86 1.256637 0 0.837758 0 1.256637 3 0 10.8 0 3 0.00999999 3 0.00999999 10.8 0 10.8 0.86 3 0.00999999 10.8 0.86 0 0.86 3 0.00999999 0 0.86 2 0.00999999 2 0.00999999 0 0.86 0 0 2 0.00999999 0 0 2 0 -0.86 0 0 0 -0.86 0.418879 -0.86 0.418879 0 0 0 0.418879 -0.86 0.418879 0 0.418879 -0.86 0.837758 -0.86 0.837758 0 0.418879 0 0.837758 -0.86 0.837758 0 0.837758 -0.86 1.256637 -0.86 1.256637 0 0.837758 0 1.256637 0 0 10.8 0 0 0.86 0 0.86 10.8 0 10.8 0.86 -0.86 0 0 0 -0.86 0.418879 -0.86 0.418879 0 0 0 0.418879 -0.86 0.418879 0 0.418879 -0.86 0.837758 -0.86 0.837758 0 0.418879 0 0.837758 -0.86 0.837758 0 0.837758 -0.86 1.256637 -0.86 1.256637 0 0.837758 0 1.256637 7.8 0 7.8 0.00999999 0 0 0 0 7.8 0.00999999 0 0.86 0 0.86 7.8 0.00999999 10.8 0.86 10.8 0.86 7.8 0.00999999 8.800001 0.00999999 10.8 0.86 8.800001 0.00999999 10.8 0 10.8 0 8.800001 0.00999999 8.800001 0 0.00999999 34.3 0.00999999 53.9 0 34.3 0 34.3 0.00999999 53.9 0 53.91 0 53.91 0.00999999 53.9 0.31 53.91 0.31 53.91 0.00999999 53.9 0.31 53.9 0.00999999 21.9 0 21.9 0.00999999 0 0.00999999 0 0 21.9 0 0 0 34.3 1 34.3 0 53.91 0 53.91 1 34.3 1 53.91 -2.66 0 0 0 -2.66 0.04999995 -2.66 0.04999995 0 0 0 0.04999995 -0.4 0 0 0 -0.4 0.1047199 -0.4 0.1047199 0 0 0 0.1047199 -0.4 0.1047199 0 0.1047199 -0.4 0.2094399 -0.4 0.2094399 0 0.1047199 0 0.2094399 -0.4 0.2094399 0 0.2094399 -0.4 0.314159 -0.4 0.314159 0 0.2094399 0 0.314159 0 0 11.6 0 0 0.4 0 0.4 11.6 0 11.6 0.4 -0.4 0 0 0 -0.4 0.1047199 -0.4 0.1047199 0 0 0 0.1047199 -0.4 0.1047199 0 0.1047199 -0.4 0.2094399 -0.4 0.2094399 0 0.1047199 0 0.2094399 -0.4 0.2094399 0 0.2094399 -0.4 0.314159 -0.4 0.314159 0 0.2094399 0 0.314159 0 0 12.3 0 0 0.4 0 0.4 12.3 0 12.3 0.4 -0.4 0 0 0 -0.4 0.1047199 -0.4 0.1047199 0 0 0 0.1047199 -0.4 0.1047199 0 0.1047199 -0.4 0.2094399 -0.4 0.2094399 0 0.1047199 0 0.2094399 -0.4 0.2094399 0 0.2094399 -0.4 0.314159 -0.4 0.314159 0 0.2094399 0 0.314159 0 0 11.6 0 0 0.4 0 0.4 11.6 0 11.6 0.4 -0.4 0 0 0 -0.4 0.1047199 -0.4 0.1047199 0 0 0 0.1047199 -0.4 0.1047199 0 0.1047199 -0.4 0.2094399 -0.4 0.2094399 0 0.1047199 0 0.2094399 -0.4 0.2094399 0 0.2094399 -0.4 0.314159 -0.4 0.314159 0 0.2094399 0 0.314159 0 0 12.3 0 0 0.4 0 0.4 12.3 0 12.3 0.4 -2.66 0 0 0 -2.66 0.04999995 -2.66 0.04999995 0 0 0 0.04999995 -3.04 0 0 0 -3.04 0.04999995 -3.04 0.04999995 0 0 0 0.04999995 1.367066 -1.68 3.55 -3.2 3.55 -0.16 -8.649486 0 0 0 -8.649486 0.04999995 -8.649486 0.04999995 0 0 0 0.04999995 -1.46 0 0 0 -1.46 0.04999995 -1.46 0.04999995 0 0 0 0.04999995 -3.045594 0 0 0 -3.045594 0.04999995 -3.045594 0.04999995 0 0 0 0.04999995 -3.046237 0 0 0 -3.046237 0.04999995 -3.046237 0.04999995 0 0 0 0.04999995 -5.15 -4.8 -3.55 1.74 -5.15 4.8 -5.15 4.8 -3.55 1.74 -3.55 3.2 -5.15 4.8 -3.55 3.2 3.55 3.2 3.55 3.2 -3.55 3.2 -0.001148998 0.7292 5.15 -4.8 -3.55 -3.2 -5.15 -4.8 -5.15 -4.8 -3.55 -3.2 -3.55 -1.74 -5.15 -4.8 -3.55 -1.74 -3.55 1.74 -3.55 1.74 -3.55 -1.74 -1.05 -5.63e-4 5.15 4.8 3.55 -0.16 5.15 -4.8 5.15 -4.8 3.55 -0.16 3.55 -3.2 5.15 -4.8 3.55 -3.2 -3.55 -3.2 -3.55 -3.2 3.55 -3.2 1.367066 -1.68 -3.55 -3.2 1.367066 -1.68 3.55 1.74 3.55 1.74 1.367066 -1.68 3.55 -0.16 3.55 1.74 3.55 -0.16 5.15 4.8 3.55 1.74 5.15 4.8 3.55 3.2 3.55 3.2 5.15 4.8 -5.15 4.8 -1.46 0 0 0 -1.46 0.04999995 -1.46 0.04999995 0 0 0 0.04999995 -4.324256 0 0 0 -4.324256 0.04999995 -4.324256 0.04999995 0 0 0 0.04999995 -4.326143 0 0 0 -4.326143 0.04999995 -4.326143 0.04999995 0 0 0 0.04999995 -1.46 0 0 0 -1.46 0.04999995 -1.46 0.04999995 0 0 0 0.04999995 -10.3 0 0 0 -10.3 0.04999995 -10.3 0.04999995 0 0 0 0.04999995 -9.600001 0 0 0 -9.600001 0.04999995 -9.600001 0.04999995 0 0 0 0.04999995 -9.600001 0 0 0 -9.600001 0.04999995 -9.600001 0.04999995 0 0 0 0.04999995 -10.3 0 0 0 -10.3 0.04999995 -10.3 0.04999995 0 0 0 0.04999995 -3.55 -1.74 -3.55 -3.2 -1.05 -5.63e-4 -1.05 -5.63e-4 -3.55 -3.2 3.55 1.74 -1.05 -5.63e-4 3.55 1.74 -0.001148998 0.7292 -0.001148998 0.7292 3.55 1.74 3.55 3.2 -3.55 3.2 -3.55 1.74 -0.001148998 0.7292 -0.001148998 0.7292 -3.55 1.74 -1.05 -5.63e-4 -5.15 -4.8 6.15 -6 5.15 -4.8 5.15 -4.8 6.15 -6 6.35 -5.8 5.15 -4.8 6.35 -5.8 5.15 4.8 5.15 4.8 6.35 -5.8 6.35 5.8 5.15 4.8 6.35 5.8 6.15 6 6.15 6 6.35 5.8 6.323205 5.9 6.15 6 6.323205 5.9 6.25 5.973205 -5.15 4.8 -6.35 -5.8 -5.15 -4.8 -5.15 -4.8 -6.35 -5.8 -6.15 -6 -5.15 -4.8 -6.15 -6 6.15 -6 5.15 4.8 -6.15 6 -5.15 4.8 -5.15 4.8 -6.15 6 -6.35 5.8 -5.15 4.8 -6.35 5.8 -6.35 -5.8 -6.25 5.973205 -6.323205 5.9 -6.15 6 -6.15 6 -6.323205 5.9 -6.35 5.8 -6.35 -5.8 -6.323205 -5.9 -6.15 -6 -6.15 -6 -6.323205 -5.9 -6.25 -5.973205 6.25 -5.973205 6.323205 -5.9 6.15 -6 6.15 -6 6.323205 -5.9 6.35 -5.8 6.15 6 -6.15 6 5.15 4.8</float_array>
          <technique_common>
            <accessor source="#EMROX_RPTU_V1_02_03_Caroline_simple_EMROX_RPTU_Aufbau_V1_02_03-mesh-map-0-array" count="4188" stride="2">
              <param name="S" type="float"/>
              <param name="T" type="float"/>
            </accessor>
          </technique_common>
        </source>
        <vertices id="EMROX_RPTU_V1_02_03_Caroline_simple_EMROX_RPTU_Aufbau_V1_02_03-mesh-vertices">
          <input semantic="POSITION" source="#EMROX_RPTU_V1_02_03_Caroline_simple_EMROX_RPTU_Aufbau_V1_02_03-mesh-positions"/>
        </vertices>
        <triangles material="_44_244_244-material" count="178">
          <input semantic="VERTEX" source="#EMROX_RPTU_V1_02_03_Caroline_simple_EMROX_RPTU_Aufbau_V1_02_03-mesh-vertices" offset="0"/>
          <input semantic="NORMAL" source="#EMROX_RPTU_V1_02_03_Caroline_simple_EMROX_RPTU_Aufbau_V1_02_03-mesh-normals" offset="1"/>
          <input semantic="TEXCOORD" source="#EMROX_RPTU_V1_02_03_Caroline_simple_EMROX_RPTU_Aufbau_V1_02_03-mesh-map-0" offset="2" set="0"/>
          <p>574 0 0 174 0 1 578 0 2 578 0 3 174 0 4 170 0 5 578 0 6 170 0 7 584 0 8 584 1 9 170 1 10 164 1 11 584 0 12 164 0 13 588 0 14 588 2 15 164 2 16 158 2 17 588 0 18 158 0 19 159 0 20 588 0 21 159 0 22 589 0 23 589 3 24 159 3 25 165 3 26 589 0 27 165 0 28 585 0 29 585 4 30 165 4 31 171 4 32 585 0 33 171 0 34 579 0 35 579 0 36 171 0 37 175 0 38 579 0 39 175 0 40 575 0 41 156 5 42 158 6 43 162 7 44 162 8 45 158 9 46 164 10 47 162 11 48 164 12 49 168 13 50 168 14 51 164 15 52 170 16 53 168 17 54 170 18 55 172 19 56 172 20 57 170 21 58 174 22 59 159 23 60 158 23 61 157 23 62 157 23 63 158 23 64 156 23 65 173 24 66 175 25 67 169 26 68 169 27 69 175 28 70 171 29 71 169 30 72 171 31 73 163 32 74 163 33 75 171 34 76 165 35 77 163 36 78 165 37 79 157 38 80 157 39 81 165 40 82 159 41 83 513 42 84 573 42 85 517 42 86 517 42 87 573 42 88 575 42 89 517 42 90 575 42 91 515 42 92 515 43 93 575 43 94 511 43 95 511 42 96 575 42 97 507 42 98 507 44 99 575 44 100 503 44 101 503 42 102 575 42 103 499 42 104 499 42 105 575 42 106 495 42 107 495 42 108 575 42 109 476 42 110 476 42 111 575 42 112 457 42 113 457 42 114 575 42 115 175 42 116 457 42 117 175 42 118 453 42 119 453 42 120 175 42 121 449 42 122 449 42 123 175 42 124 445 42 125 445 45 126 175 45 127 441 45 128 441 42 129 175 42 130 173 42 131 441 46 132 173 46 133 439 46 134 439 45 135 173 45 136 443 45 137 443 42 138 173 42 139 447 42 140 447 42 141 173 42 142 451 42 143 451 42 144 173 42 145 455 42 146 455 42 147 173 42 148 573 42 149 455 47 150 573 47 151 474 47 152 474 42 153 573 42 154 493 42 155 493 42 156 573 42 157 497 42 158 497 42 159 573 42 160 501 42 161 501 48 162 573 48 163 505 48 164 505 42 165 573 42 166 509 42 167 509 42 168 573 42 169 513 42 170 587 49 171 589 50 172 583 51 173 583 52 174 589 53 175 585 54 176 583 55 177 585 56 178 577 57 179 577 58 180 585 59 181 579 60 182 577 61 183 579 62 184 573 63 185 573 64 186 579 65 187 575 66 188 588 67 189 589 67 190 586 67 191 586 67 192 589 67 193 587 67 194 572 68 195 574 69 196 576 70 197 576 71 198 574 72 199 578 73 200 576 74 201 578 75 202 582 76 203 582 77 204 578 78 205 584 79 206 582 80 207 584 81 208 586 82 209 586 83 210 584 84 211 588 85 212 572 86 213 576 86 214 172 86 215 172 86 216 576 86 217 168 86 218 168 87 219 576 87 220 582 87 221 168 86 222 582 86 223 162 86 224 162 88 225 582 88 226 586 88 227 162 86 228 586 86 229 156 86 230 156 86 231 586 86 232 587 86 233 156 86 234 587 86 235 157 86 236 157 86 237 587 86 238 163 86 239 163 89 240 587 89 241 583 89 242 163 86 243 583 86 244 169 86 245 169 90 246 583 90 247 577 90 248 169 86 249 577 86 250 173 86 251 173 86 252 577 86 253 573 86 254 174 91 255 191 91 256 172 91 257 172 91 258 191 91 259 189 91 260 172 91 261 189 91 262 187 91 263 574 91 264 294 91 265 174 91 266 174 91 267 294 91 268 279 91 269 174 91 270 279 91 271 248 91 272 572 91 273 559 91 274 574 91 275 574 91 276 559 91 277 561 91 278 574 91 279 561 91 280 562 91 281 172 91 282 402 91 283 572 91 284 572 91 285 402 91 286 421 91 287 572 91 288 421 91 289 472 91 290 187 91 291 402 91 292 172 91 293 472 91 294 491 91 295 572 91 296 572 91 297 491 91 298 557 91 299 572 91 300 557 91 301 559 91 302 562 91 303 294 91 304 574 91 305 248 91 306 233 91 307 174 91 308 174 91 309 233 91 310 192 91 311 174 91 312 192 91 313 191 91 314 512 42 3327 516 42 3328 454 42 3329 454 1434 3330 516 1434 3331 514 1434 3332 454 1435 3333 514 1435 3334 510 1435 3335 510 1436 3336 506 1436 3337 454 1436 3338 454 1437 3339 506 1437 3340 502 1437 3341 454 1438 3342 502 1438 3343 498 1438 3344 498 1439 3345 494 1439 3346 454 1439 3347 454 1440 3348 494 1440 3349 475 1440 3350 454 1441 3351 475 1441 3352 456 1441 3353 454 1442 3354 456 1442 3355 450 1442 3356 450 1443 3357 456 1443 3358 452 1443 3359 450 42 3360 452 42 3361 446 42 3362 446 1444 3363 452 1444 3364 448 1444 3365 446 42 3366 448 42 3367 442 42 3368 442 1445 3369 448 1445 3370 444 1445 3371 442 42 3372 444 42 3373 438 42 3374 438 42 3375 444 42 3376 440 42 3377 473 42 3378 496 42 3379 454 42 3380 454 1446 3381 496 1446 3382 500 1446 3383 454 1447 3384 500 1447 3385 504 1447 3386 473 42 3387 492 42 3388 496 42 3389 504 1448 3390 508 1448 3391 454 1448 3392 454 42 3393 508 42 3394 512 42 3395 512 1449 3396 517 1450 3397 516 1451 3398 516 1452 3399 517 1453 3400 515 1454 3401 516 1455 3402 515 1456 3403 514 1457 3404 514 1458 3405 515 1459 3406 511 1460 3407 514 1461 3408 511 1462 3409 510 1463 3410 510 1464 3411 511 1465 3412 507 1466 3413 510 1467 3414 507 1468 3415 506 1469 3416 506 1470 3417 507 1471 3418 503 1472 3419 506 1473 3420 503 1474 3421 502 1475 3422 502 1476 3423 503 1477 3424 499 1478 3425 502 1479 3426 499 1480 3427 498 1481 3428 498 1482 3429 499 1483 3430 495 1484 3431 498 1485 3432 495 1486 3433 494 1487 3434 494 1488 3435 495 1489 3436 476 1490 3437 494 1491 3438 476 1492 3439 475 1493 3440 475 1494 3441 476 1495 3442 457 1496 3443 475 1497 3444 457 1498 3445 456 1499 3446 456 1500 3447 457 1501 3448 453 1502 3449 456 1503 3450 453 1504 3451 452 1505 3452 452 1506 3453 453 1507 3454 449 1508 3455 452 1509 3456 449 1510 3457 448 1511 3458 448 1512 3459 449 1513 3460 445 1514 3461 448 1515 3462 445 1516 3463 444 1517 3464 444 1518 3465 445 1519 3466 441 1520 3467 444 1521 3468 441 1522 3469 440 1523 3470 440 1524 3471 441 1525 3472 439 1526 3473 440 1527 3474 439 1528 3475 438 1529 3476 438 1530 3477 439 1531 3478 443 1532 3479 438 1533 3480 443 1534 3481 442 1535 3482 442 1536 3483 443 1537 3484 447 1538 3485 442 1539 3486 447 1540 3487 446 1541 3488 446 1542 3489 447 1543 3490 451 1544 3491 446 1545 3492 451 1546 3493 450 1547 3494 450 1548 3495 451 1549 3496 455 1550 3497 450 1551 3498 455 1552 3499 454 1553 3500 454 1554 3501 455 1555 3502 474 1556 3503 454 1557 3504 474 1558 3505 473 1559 3506 473 1560 3507 474 1561 3508 493 1562 3509 473 1563 3510 493 1564 3511 492 1565 3512 492 1566 3513 493 1567 3514 497 1568 3515 492 1569 3516 497 1570 3517 496 1571 3518 496 1572 3519 497 1573 3520 501 1574 3521 496 1575 3522 501 1576 3523 500 1577 3524 500 1578 3525 501 1579 3526 505 1580 3527 500 1581 3528 505 1582 3529 504 1583 3530 504 1584 3531 505 1585 3532 509 1586 3533 504 1587 3534 509 1588 3535 508 1589 3536 508 1590 3537 509 1591 3538 513 1592 3539 508 1593 3540 513 1594 3541 512 1595 3542 512 1596 3543 513 1597 3544 517 1598 3545</p>
        </triangles>
        <triangles material="_91_191_191-material" count="77">
          <input semantic="VERTEX" source="#EMROX_RPTU_V1_02_03_Caroline_simple_EMROX_RPTU_Aufbau_V1_02_03-mesh-vertices" offset="0"/>
          <input semantic="NORMAL" source="#EMROX_RPTU_V1_02_03_Caroline_simple_EMROX_RPTU_Aufbau_V1_02_03-mesh-normals" offset="1"/>
          <input semantic="TEXCOORD" source="#EMROX_RPTU_V1_02_03_Caroline_simple_EMROX_RPTU_Aufbau_V1_02_03-mesh-map-0" offset="2" set="0"/>
          <p>402 86 315 401 86 316 421 86 317 421 86 318 401 86 319 420 86 320 412 23 351 413 23 352 414 23 353 414 23 354 413 23 355 415 23 356 415 23 357 413 23 358 416 23 359 415 23 360 416 23 361 417 23 362 417 23 363 416 23 364 419 23 365 419 23 366 416 23 367 418 23 368 419 23 369 418 23 370 420 23 371 420 23 372 418 23 373 421 23 374 393 67 375 395 67 376 394 67 377 394 67 378 395 67 379 396 67 380 394 67 381 396 67 382 397 67 383 397 67 384 396 67 385 398 67 386 397 67 387 398 67 388 400 67 389 397 67 390 400 67 391 399 67 392 399 67 393 400 67 394 401 67 395 399 67 396 401 67 397 402 67 398 294 0 399 293 0 400 279 0 401 279 0 402 293 0 403 278 0 404 288 67 435 286 67 436 285 67 437 285 67 438 286 67 439 284 67 440 284 67 441 286 67 442 283 67 443 284 67 444 283 67 445 282 67 446 282 67 447 283 67 448 280 67 449 280 67 450 283 67 451 281 67 452 280 67 453 281 67 454 278 67 455 278 67 456 281 67 457 279 67 458 303 23 459 300 23 460 301 23 461 301 23 462 300 23 463 299 23 464 301 23 465 299 23 466 298 23 467 298 23 468 299 23 469 297 23 470 298 23 471 297 23 472 295 23 473 298 23 474 295 23 475 296 23 476 296 23 477 295 23 478 293 23 479 296 23 480 293 23 481 294 23 482 18 1813 3987 10 1813 3988 41 1813 3989 41 1813 3990 10 1813 3991 33 1813 3992 10 91 3993 12 91 3994 33 91 3995 33 91 3996 12 91 3997 35 91 3998 12 1814 3999 15 1814 4000 35 1814 4001 35 1814 4002 15 1814 4003 38 1814 4004 15 1815 4005 17 1815 4006 38 1815 4007 38 1815 4008 17 1815 4009 40 1815 4010 31 23 4011 40 23 4012 44 23 4013 44 23 4014 40 23 4015 42 23 4016 44 23 4017 42 23 4018 43 23 4019 43 23 4020 42 23 4021 39 23 4022 32 23 4023 33 23 4024 31 23 4025 31 23 4026 33 23 4027 35 23 4028 31 23 4029 35 23 4030 40 23 4031 40 23 4032 35 23 4033 38 23 4034 45 23 4035 37 23 4036 32 23 4037 32 23 4038 37 23 4039 34 23 4040 32 23 4041 34 23 4042 33 23 4043 33 23 4044 34 23 4045 36 23 4046 33 23 4047 36 23 4048 41 23 4049 41 23 4050 36 23 4051 37 23 4052 41 23 4053 37 23 4054 45 23 4055 41 23 4056 45 23 4057 43 23 4058 43 23 4059 45 23 4060 44 23 4061 17 91 4062 19 91 4063 40 91 4064 40 91 4065 19 91 4066 42 91 4067 19 1816 4068 16 1816 4069 42 1816 4070 42 1817 4071 16 1817 4072 39 1817 4073 16 1818 4074 20 1818 4075 39 1818 4076 39 1819 4077 20 1819 4078 43 1819 4079 20 42 4080 18 42 4081 43 42 4082 43 42 4083 18 42 4084 41 42 4085 8 0 4086 9 0 4087 31 0 4088 31 0 4089 9 0 4090 32 0 4091 21 42 4092 8 42 4093 44 42 4094 44 42 4095 8 42 4096 31 42 4097 9 91 4098 22 91 4099 32 91 4100 32 91 4101 22 91 4102 45 91 4103 22 86 4104 21 86 4105 45 86 4106 45 86 4107 21 86 4108 44 86 4109</p>
        </triangles>
        <triangles material="_4_48_102_1-material" count="208">
          <input semantic="VERTEX" source="#EMROX_RPTU_V1_02_03_Caroline_simple_EMROX_RPTU_Aufbau_V1_02_03-mesh-vertices" offset="0"/>
          <input semantic="NORMAL" source="#EMROX_RPTU_V1_02_03_Caroline_simple_EMROX_RPTU_Aufbau_V1_02_03-mesh-normals" offset="1"/>
          <input semantic="TEXCOORD" source="#EMROX_RPTU_V1_02_03_Caroline_simple_EMROX_RPTU_Aufbau_V1_02_03-mesh-map-0" offset="2" set="0"/>
          <p>395 42 321 393 42 322 414 42 323 414 42 324 393 42 325 412 42 326 420 92 327 401 93 328 419 94 329 419 95 330 401 96 331 400 97 332 419 98 333 400 99 334 398 100 335 419 101 336 398 102 337 417 103 338 417 104 339 398 105 340 396 106 341 417 107 342 396 108 343 415 109 344 415 110 345 396 111 346 414 112 347 414 113 348 396 114 349 395 115 350 300 42 405 303 42 406 285 42 407 285 116 408 303 116 409 288 116 410 278 117 411 293 118 412 280 119 413 280 120 414 293 121 415 295 122 416 280 123 417 295 124 418 297 125 419 280 126 420 297 127 421 282 128 422 282 129 423 297 130 424 299 131 425 282 132 426 299 133 427 284 134 428 284 135 429 299 136 430 285 137 431 285 138 432 299 139 433 300 140 434 242 42 483 239 42 484 257 42 485 257 42 486 239 42 487 254 42 488 232 117 513 247 118 514 234 119 515 234 120 516 247 121 517 249 122 518 234 123 519 249 124 520 251 125 521 234 126 522 251 127 523 236 128 524 236 142 525 251 143 526 253 144 527 236 145 528 253 146 529 238 147 530 238 148 531 253 149 532 239 150 533 239 151 534 253 152 535 254 153 536 649 42 669 623 42 670 647 42 671 647 42 672 623 42 673 622 42 674 560 253 699 558 254 700 595 255 701 595 256 702 558 257 703 594 258 704 595 259 705 594 260 706 606 261 707 595 262 708 606 263 709 607 264 710 607 265 711 606 266 712 620 267 713 607 268 714 620 269 715 621 270 716 621 271 717 620 272 718 623 273 719 623 274 720 620 275 721 622 276 722 482 42 819 484 42 820 463 42 821 463 42 822 484 42 823 465 42 824 490 92 849 471 93 850 489 94 851 489 95 852 471 96 853 470 97 854 489 98 855 470 99 856 468 100 857 489 101 858 468 102 859 487 103 860 487 335 861 468 336 862 466 337 863 487 338 864 466 339 865 485 340 866 485 341 867 466 342 868 484 343 869 484 344 870 466 345 871 465 346 872 101 42 1005 126 42 1006 103 42 1007 103 42 1008 126 42 1009 127 42 1010 188 440 1035 190 441 1036 154 442 1037 154 443 1038 190 444 1039 155 445 1040 154 446 1041 155 447 1042 143 448 1043 154 449 1044 143 450 1045 142 451 1046 142 452 1047 143 453 1048 129 454 1049 142 455 1050 129 456 1051 128 457 1052 128 458 1053 129 459 1054 126 460 1055 126 461 1056 129 462 1057 127 463 1058 59 86 1155 60 86 1156 46 86 1157 46 86 1158 60 86 1159 47 86 1160 47 86 1161 60 86 1162 101 86 1163 101 86 1164 60 86 1165 100 86 1166 100 530 1167 102 531 1168 101 532 1169 101 533 1170 102 534 1171 103 535 1172 61 0 1173 48 0 1174 62 0 1175 62 0 1176 48 0 1177 49 0 1178 62 0 1179 49 0 1180 103 0 1181 103 0 1182 102 0 1183 62 0 1184 48 23 1185 46 23 1186 49 23 1187 49 23 1188 46 23 1189 47 23 1190 47 42 1191 101 42 1192 49 42 1193 49 42 1194 101 42 1195 103 42 1196 243 23 1197 244 23 1198 245 23 1199 245 536 1200 244 537 1201 246 538 1202 246 23 1203 244 23 1204 242 23 1205 242 23 1206 244 23 1207 241 23 1208 241 539 1209 256 540 1210 242 541 1211 242 542 1212 256 542 1213 257 542 1214 258 67 1215 260 67 1216 259 67 1217 259 67 1218 260 67 1219 261 67 1220 259 67 1221 261 67 1222 257 67 1223 257 67 1224 256 67 1225 259 67 1226 260 0 1227 245 0 1228 261 0 1229 261 0 1230 245 0 1231 246 0 1232 261 42 1233 246 42 1234 257 42 1235 257 42 1236 246 42 1237 242 42 1238 390 23 1239 386 23 1240 391 23 1241 391 23 1242 386 23 1243 387 23 1244 391 23 1245 387 23 1246 393 23 1247 393 23 1248 392 23 1249 391 23 1250 411 0 1251 392 0 1252 412 0 1253 412 0 1254 392 0 1255 393 0 1256 385 23 1407 389 23 1408 384 23 1409 384 23 1410 389 23 1411 388 23 1412 387 42 1413 406 42 1414 393 42 1415 393 42 1416 406 42 1417 412 42 1418 479 67 1419 480 67 1420 477 67 1421 477 554 1422 480 555 1423 478 556 1424 478 67 1425 480 67 1426 482 67 1427 482 67 1428 480 67 1429 481 67 1430 481 557 1431 462 558 1432 482 559 1433 482 560 1434 462 560 1435 463 560 1436 460 23 1437 458 23 1438 461 23 1439 461 23 1440 458 23 1441 459 23 1442 461 23 1443 459 23 1444 463 23 1445 463 23 1446 462 23 1447 461 23 1448 458 86 1449 477 86 1450 459 86 1451 459 86 1452 477 86 1453 478 86 1454 459 42 1455 478 42 1456 463 42 1457 463 42 1458 478 42 1459 482 42 1460 673 0 1461 674 0 1462 686 0 1463 686 0 1464 674 0 1465 687 0 1466 687 0 1467 674 0 1468 649 0 1469 649 0 1470 674 0 1471 648 0 1472 648 23 1473 646 23 1474 649 23 1475 649 23 1476 646 23 1477 647 23 1478 671 86 1479 684 86 1480 672 86 1481 672 86 1482 684 86 1483 685 86 1484 672 86 1485 685 86 1486 647 86 1487 647 86 1488 646 86 1489 672 86 1490 684 67 1491 686 67 1492 685 67 1493 685 67 1494 686 67 1495 687 67 1496 687 42 1497 649 42 1498 685 42 1499 685 42 1500 649 42 1501 647 42 1502 302 67 1503 305 67 1504 303 67 1505 303 67 1506 305 67 1507 307 67 1508 307 67 1509 305 67 1510 306 67 1511 306 67 1512 305 67 1513 304 67 1514 287 86 1515 302 86 1516 288 86 1517 288 561 1518 302 562 1519 303 563 1520 287 23 1521 288 23 1522 290 23 1523 290 23 1524 288 23 1525 292 23 1526 290 23 1527 292 23 1528 291 23 1529 291 23 1530 289 23 1531 290 23 1532 306 0 1533 291 0 1534 307 0 1535 307 0 1536 291 0 1537 292 0 1538 307 42 1539 292 42 1540 303 42 1541 303 42 1542 292 42 1543 288 42 1544 404 86 2424 385 86 2425 403 86 2426 403 86 2427 385 86 2428 384 86 2429 409 67 3846 410 67 3847 405 67 3848 405 67 3849 410 67 3850 406 67 3851 406 67 3852 410 67 3853 412 67 3854 412 67 3855 410 67 3856 411 67 3857 408 67 3858 404 67 3859 407 67 3860 407 67 3861 404 67 3862 403 67 3863 386 86 3864 405 86 3865 387 86 3866 387 86 3867 405 86 3868 406 86 3869 29 1739 3876 77 1740 3877 27 1741 3878 27 1742 3879 77 1743 3880 75 1744 3881 27 1745 3882 75 1746 3883 25 1747 3884 25 1748 3885 75 1749 3886 73 1750 3887 25 1751 3888 73 1752 3889 23 1753 3890 23 1754 3891 73 1755 3892 71 1756 3893 71 91 3894 69 91 3895 23 91 3896 23 91 3897 69 91 3898 6 91 3899 6 1757 3900 69 1758 3901 4 1759 3902 4 1760 3903 69 1761 3904 67 1762 3905 4 1763 3906 67 1764 3907 2 1765 3908 2 1766 3909 67 1767 3910 65 1768 3911 2 1769 3912 65 1770 3913 0 1771 3914 0 1772 3915 65 1773 3916 63 1774 3917 63 86 3918 64 86 3919 0 86 3920 0 86 3921 64 86 3922 1 86 3923 1 1775 3924 64 1776 3925 3 1777 3926 3 1778 3927 64 1779 3928 66 1780 3929 3 1781 3930 66 1782 3931 5 1783 3932 5 1784 3933 66 1785 3934 68 1786 3935 5 1787 3936 68 1788 3937 7 1789 3938 7 1790 3939 68 1791 3940 70 1792 3941 70 42 3942 72 42 3943 7 42 3944 7 42 3945 72 42 3946 24 42 3947 24 1793 3948 72 1794 3949 26 1795 3950 26 1796 3951 72 1797 3952 74 1798 3953 26 1799 3954 74 1800 3955 28 1801 3956 28 1802 3957 74 1803 3958 76 1804 3959 28 1805 3960 76 1806 3961 30 1807 3962 30 1808 3963 76 1809 3964 78 1810 3965 78 0 3966 77 0 3967 30 0 3968 30 0 3969 77 0 3970 29 0 3971 12 23 4110 10 23 4111 15 23 4112 15 23 4113 10 23 4114 18 23 4115 15 23 4116 18 23 4117 16 23 4118 16 23 4119 18 23 4120 20 23 4121 19 23 4122 17 23 4123 16 23 4124 16 1820 4125 17 1820 4126 15 1820 4127 8 23 4128 1 23 4129 9 23 4130 9 23 4131 1 23 4132 7 23 4133 9 23 4134 7 23 4135 22 23 4136 22 23 4137 7 23 4138 24 23 4139 22 23 4140 24 23 4141 30 23 4142 30 23 4143 24 23 4144 26 23 4145 30 23 4146 26 23 4147 28 23 4148 21 23 4149 6 23 4150 8 23 4151 8 23 4152 6 23 4153 0 23 4154 8 23 4155 0 23 4156 1 23 4157 22 23 4158 29 23 4159 21 23 4160 21 23 4161 29 23 4162 23 23 4163 21 23 4164 23 23 4165 6 23 4166 27 23 4167 25 23 4168 29 23 4169 29 23 4170 25 23 4171 23 23 4172 6 23 4173 4 23 4174 0 23 4175 0 23 4176 4 23 4177 2 23 4178 3 23 4179 5 23 4180 1 23 4181 1 23 4182 5 23 4183 7 23 4184 30 23 4185 29 23 4186 22 23 4187</p>
        </triangles>
        <triangles material="_45_245_245-material" count="764">
          <input semantic="VERTEX" source="#EMROX_RPTU_V1_02_03_Caroline_simple_EMROX_RPTU_Aufbau_V1_02_03-mesh-vertices" offset="0"/>
          <input semantic="NORMAL" source="#EMROX_RPTU_V1_02_03_Caroline_simple_EMROX_RPTU_Aufbau_V1_02_03-mesh-normals" offset="1"/>
          <input semantic="TEXCOORD" source="#EMROX_RPTU_V1_02_03_Caroline_simple_EMROX_RPTU_Aufbau_V1_02_03-mesh-map-0" offset="2" set="0"/>
          <p>248 23 489 250 23 490 247 23 491 247 23 492 250 23 493 249 23 494 249 23 495 250 23 496 252 23 497 249 23 498 252 23 499 251 23 500 251 23 501 252 23 502 253 23 503 253 141 504 252 141 505 255 141 506 253 23 507 255 23 508 254 23 509 254 23 510 255 23 511 257 23 512 248 0 537 247 0 538 233 0 539 233 0 540 247 0 541 232 0 542 242 67 543 240 67 544 239 67 545 239 67 546 240 67 547 238 67 548 238 67 549 240 67 550 237 67 551 238 67 552 237 67 553 236 67 554 236 67 555 237 67 556 234 67 557 234 67 558 237 67 559 235 67 560 234 67 561 235 67 562 232 67 563 232 67 564 235 67 565 233 67 566 301 154 567 565 155 568 303 156 569 303 157 570 565 158 571 520 159 572 303 160 573 520 161 574 302 162 575 565 163 576 301 164 577 564 165 578 564 166 579 301 167 580 298 168 581 564 169 582 298 170 583 563 171 584 563 172 585 298 173 586 296 174 587 563 175 588 296 176 589 562 177 590 562 178 591 296 179 592 294 180 593 565 181 594 569 182 595 520 183 596 302 184 597 287 185 598 303 186 599 303 187 600 287 188 601 288 189 602 288 190 603 287 0 604 256 0 605 288 191 606 256 0 607 257 192 608 257 193 609 256 0 610 241 0 611 257 194 612 241 195 613 242 196 614 242 197 615 241 198 616 230 199 617 242 200 618 230 201 619 199 202 620 199 203 621 195 204 622 242 205 623 242 206 624 195 207 625 240 208 626 240 209 627 195 210 628 194 211 629 240 212 630 194 213 631 237 214 632 237 215 633 194 216 634 193 217 635 237 218 636 193 219 637 235 220 638 235 221 639 193 222 640 192 223 641 235 224 642 192 225 643 233 226 644 288 227 645 257 228 646 286 229 647 286 230 648 257 231 649 255 232 650 286 233 651 255 234 652 283 235 653 283 236 654 255 237 655 252 238 656 283 239 657 252 240 658 281 241 659 281 242 660 252 243 661 250 244 662 281 245 663 250 246 664 279 247 665 279 248 666 250 249 667 248 250 668 559 0 675 596 0 676 558 0 677 558 251 678 596 251 679 594 251 680 594 0 681 596 0 682 610 0 683 594 252 684 610 252 685 606 252 686 606 0 687 610 0 688 620 0 689 620 0 690 610 0 691 626 0 692 620 0 693 626 0 694 622 0 695 622 0 696 626 0 697 647 0 698 559 67 723 558 67 724 561 67 725 561 67 726 558 67 727 560 67 728 649 86 729 627 86 730 623 86 731 623 86 732 627 86 733 621 86 734 621 86 735 627 86 736 611 86 737 621 86 738 611 86 739 607 86 740 607 86 741 611 86 742 595 86 743 595 86 744 611 86 745 597 86 746 595 86 747 597 86 748 560 86 749 560 86 750 597 86 751 561 86 752 561 277 753 597 278 754 562 279 755 562 280 756 597 281 757 601 282 758 601 283 759 597 284 760 611 285 761 601 286 762 611 287 763 615 288 764 615 289 765 611 290 766 627 291 767 615 292 768 627 293 769 631 294 770 631 295 771 627 296 772 649 297 773 631 298 774 649 299 775 661 300 776 661 67 777 649 301 778 650 67 779 650 67 780 649 302 781 648 67 782 648 67 783 649 303 784 647 304 785 648 67 786 647 305 787 646 67 788 646 67 789 647 306 790 645 67 791 645 307 792 647 308 793 630 309 794 645 310 795 630 311 796 637 312 797 647 313 798 626 314 799 630 315 800 630 316 801 626 317 802 614 318 803 614 319 804 626 320 805 610 321 806 614 322 807 610 323 808 600 324 809 600 325 810 610 326 811 596 327 812 600 328 813 596 329 814 557 330 815 557 331 816 596 332 817 559 333 818 472 67 825 469 67 826 471 67 827 471 67 828 469 67 829 470 67 830 470 67 831 469 67 832 467 67 833 470 67 834 467 67 835 468 67 836 468 67 837 467 67 838 466 67 839 466 334 840 467 334 841 464 334 842 466 67 843 464 67 844 465 67 845 465 67 846 464 67 847 463 67 848 472 86 873 471 86 874 491 86 875 491 86 876 471 86 877 490 86 878 482 23 879 483 23 880 484 23 881 484 23 882 483 23 883 485 23 884 485 23 885 483 23 886 486 23 887 485 23 888 486 23 889 487 23 890 487 23 891 486 23 892 489 23 893 489 23 894 486 23 895 488 23 896 489 23 897 488 23 898 490 23 899 490 23 900 488 23 901 491 23 902 394 347 903 184 348 904 393 349 905 393 350 906 184 351 907 229 352 908 393 353 909 229 86 910 392 86 911 184 354 912 394 355 913 185 356 914 185 357 915 394 358 916 397 359 917 185 360 918 397 361 919 186 362 920 186 363 921 397 364 922 399 365 923 186 366 924 399 367 925 187 368 926 187 369 927 399 370 928 402 371 929 184 372 930 183 373 931 229 374 932 392 86 933 411 86 934 393 375 935 393 376 936 411 86 937 412 377 938 412 378 939 411 86 940 462 86 941 412 379 942 462 86 943 463 380 944 463 375 945 462 86 946 481 86 947 463 381 948 481 382 949 482 383 950 482 384 951 481 385 952 519 386 953 482 387 954 519 388 955 553 389 956 553 390 957 554 391 958 482 392 959 482 393 960 554 394 961 483 395 962 483 396 963 554 397 964 555 398 965 483 399 966 555 400 967 486 401 968 486 402 969 555 403 970 556 404 971 486 405 972 556 406 973 488 407 974 488 408 975 556 409 976 557 410 977 488 411 978 557 412 979 491 413 980 412 414 981 463 415 982 413 416 983 413 417 984 463 418 985 464 419 986 413 420 987 464 421 988 416 422 989 416 423 990 464 424 991 467 425 992 416 426 993 467 427 994 418 428 995 418 429 996 467 430 997 469 431 998 418 432 999 469 433 1000 421 434 1001 421 435 1002 469 436 1003 472 437 1004 191 86 1011 153 86 1012 190 86 1013 190 438 1014 153 438 1015 155 438 1016 155 86 1017 153 86 1018 139 86 1019 155 439 1020 139 439 1021 143 439 1022 143 86 1023 139 86 1024 129 86 1025 129 86 1026 139 86 1027 123 86 1028 129 86 1029 123 86 1030 127 86 1031 127 86 1032 123 86 1033 103 86 1034 191 23 1059 190 23 1060 189 23 1061 189 23 1062 190 23 1063 188 23 1064 101 0 1065 122 0 1066 126 0 1067 126 0 1068 122 0 1069 128 0 1070 128 0 1071 122 0 1072 138 0 1073 128 0 1074 138 0 1075 142 0 1076 142 0 1077 138 0 1078 154 0 1079 154 0 1080 138 0 1081 152 0 1082 154 0 1083 152 0 1084 188 0 1085 188 0 1086 152 0 1087 189 0 1088 189 464 1089 152 465 1090 187 466 1091 187 467 1092 152 468 1093 148 469 1094 148 470 1095 152 471 1096 138 472 1097 148 473 1098 138 474 1099 134 475 1100 134 476 1101 138 477 1102 122 478 1103 134 479 1104 122 480 1105 118 481 1106 118 482 1107 122 483 1108 101 484 1109 118 485 1110 101 486 1111 91 487 1112 91 488 1113 101 489 1114 99 490 1115 99 491 1116 101 492 1117 100 493 1118 100 494 1119 101 495 1120 103 496 1121 100 497 1122 103 498 1123 102 499 1124 102 500 1125 103 501 1126 104 502 1127 104 503 1128 103 504 1129 119 505 1130 104 506 1131 119 507 1132 115 508 1133 103 509 1134 123 510 1135 119 511 1136 119 512 1137 123 513 1138 135 514 1139 135 515 1140 123 516 1141 139 517 1142 135 518 1143 139 519 1144 149 520 1145 149 521 1146 139 522 1147 153 523 1148 149 524 1149 153 525 1150 192 526 1151 192 527 1152 153 528 1153 191 529 1154 390 86 1257 366 86 1258 353 86 1259 353 543 1260 366 543 1261 358 543 1262 353 86 1263 358 86 1264 311 86 1265 311 544 1266 358 544 1267 346 544 1268 311 545 1269 346 545 1270 277 545 1271 277 546 1272 346 546 1273 334 546 1274 277 86 1275 334 86 1276 335 86 1277 366 86 1278 390 86 1279 374 86 1280 374 86 1281 390 86 1282 391 86 1283 374 86 1284 391 86 1285 382 86 1286 382 86 1287 391 86 1288 375 86 1289 375 86 1290 391 86 1291 367 86 1292 367 547 1293 391 547 1294 359 547 1295 359 86 1296 391 86 1297 228 86 1298 359 86 1299 228 86 1300 347 86 1301 347 86 1302 228 86 1303 335 86 1304 335 86 1305 228 86 1306 273 86 1307 335 86 1308 273 86 1309 277 86 1310 224 86 1311 179 86 1312 228 86 1313 228 86 1314 179 86 1315 269 86 1316 228 548 1317 269 548 1318 273 548 1319 224 86 1320 220 86 1321 179 86 1322 179 86 1323 220 86 1324 216 86 1325 178 86 1326 264 86 1327 179 86 1328 179 86 1329 264 86 1330 265 86 1331 179 549 1332 265 549 1333 269 549 1334 204 86 1335 208 86 1336 178 86 1337 178 86 1338 208 86 1339 212 86 1340 178 86 1341 212 86 1342 268 86 1343 268 550 1344 212 550 1345 272 550 1346 272 86 1347 212 86 1348 276 86 1349 276 86 1350 212 86 1351 388 86 1352 276 86 1353 388 86 1354 310 86 1355 310 86 1356 388 86 1357 352 86 1358 310 86 1359 352 86 1360 314 86 1361 314 86 1362 352 86 1363 344 86 1364 314 551 1365 344 551 1366 332 551 1367 388 86 1368 389 86 1369 352 86 1370 314 86 1371 332 86 1372 318 86 1373 318 86 1374 332 86 1375 326 86 1376 318 86 1377 326 86 1378 322 86 1379 322 86 1380 326 86 1381 327 86 1382 322 86 1383 327 86 1384 323 86 1385 323 86 1386 327 86 1387 319 86 1388 319 86 1389 327 86 1390 333 86 1391 319 86 1392 333 86 1393 315 86 1394 315 552 1395 333 552 1396 345 552 1397 315 86 1398 345 86 1399 353 86 1400 268 553 1401 264 553 1402 178 553 1403 311 86 1404 315 86 1405 353 86 1406 78 23 1545 87 23 1546 77 23 1547 77 23 1548 87 23 1549 86 23 1550 77 23 1551 86 23 1552 75 23 1553 75 23 1554 86 23 1555 83 23 1556 75 23 1557 83 23 1558 73 23 1559 73 23 1560 83 23 1561 71 23 1562 71 23 1563 83 23 1564 61 23 1565 71 23 1566 61 23 1567 69 23 1568 69 23 1569 61 23 1570 67 23 1571 67 23 1572 61 23 1573 65 23 1574 65 23 1575 61 23 1576 63 23 1577 63 23 1578 61 23 1579 62 23 1580 63 23 1581 62 23 1582 64 23 1583 64 23 1584 62 23 1585 66 23 1586 66 23 1587 62 23 1588 68 23 1589 68 23 1590 62 23 1591 70 23 1592 70 23 1593 62 23 1594 72 23 1595 72 23 1596 62 23 1597 79 23 1598 72 23 1599 79 23 1600 74 23 1601 74 23 1602 79 23 1603 76 23 1604 76 23 1605 79 23 1606 87 23 1607 76 23 1608 87 23 1609 78 23 1610 79 23 1611 80 23 1612 87 23 1613 87 23 1614 80 23 1615 81 23 1616 87 23 1617 81 23 1618 82 23 1619 85 23 1620 84 23 1621 86 23 1622 86 23 1623 84 23 1624 83 23 1625 60 23 1626 59 23 1627 58 23 1628 58 23 1629 59 23 1630 54 23 1631 58 23 1632 54 23 1633 51 23 1634 51 23 1635 54 23 1636 50 23 1637 50 23 1638 54 23 1639 53 23 1640 50 23 1641 53 23 1642 52 23 1643 55 23 1644 56 23 1645 51 23 1646 51 23 1647 56 23 1648 57 23 1649 51 23 1650 57 23 1651 58 23 1652 102 42 1653 104 42 1654 62 42 1655 62 42 1656 104 42 1657 79 42 1658 409 86 1659 425 86 1660 410 86 1661 410 86 1662 425 86 1663 429 86 1664 410 86 1665 429 86 1666 433 86 1667 410 86 1668 433 86 1669 461 86 1670 461 564 1671 433 564 1672 437 564 1673 461 86 1674 437 86 1675 436 86 1676 461 86 1677 436 86 1678 460 86 1679 460 565 1680 436 565 1681 432 565 1682 460 566 1683 432 566 1684 407 566 1685 407 86 1686 432 86 1687 428 86 1688 407 86 1689 428 86 1690 424 86 1691 424 86 1692 408 86 1693 407 86 1694 480 86 1695 479 86 1696 518 86 1697 518 86 1698 479 86 1699 534 86 1700 518 86 1701 534 86 1702 549 86 1703 549 86 1704 534 86 1705 548 86 1706 548 86 1707 534 86 1708 540 86 1709 548 86 1710 540 86 1711 544 86 1712 530 86 1713 526 86 1714 549 86 1715 549 86 1716 526 86 1717 522 86 1718 549 86 1719 522 86 1720 518 86 1721 410 42 1722 461 42 1723 411 42 1724 411 42 1725 461 42 1726 462 42 1727 480 42 1728 518 42 1729 481 42 1730 481 42 1731 518 42 1732 519 42 1733 672 67 1734 670 67 1735 671 67 1736 671 67 1737 670 67 1738 666 67 1739 666 67 1740 670 67 1741 663 67 1742 666 67 1743 663 67 1744 662 67 1745 670 67 1746 669 67 1747 663 67 1748 663 67 1749 669 67 1750 668 67 1751 663 67 1752 668 67 1753 667 67 1754 664 67 1755 665 67 1756 662 67 1757 662 67 1758 665 67 1759 666 67 1760 674 67 1761 673 67 1762 675 67 1763 675 67 1764 673 67 1765 679 67 1766 675 67 1767 679 67 1768 683 67 1769 683 67 1770 679 67 1771 682 67 1772 682 67 1773 679 67 1774 680 67 1775 682 67 1776 680 67 1777 681 67 1778 678 67 1779 677 67 1780 683 67 1781 683 67 1782 677 67 1783 676 67 1784 683 67 1785 676 67 1786 675 67 1787 646 42 1788 645 42 1789 672 42 1790 672 42 1791 645 42 1792 670 42 1793 302 42 1794 520 42 1795 305 42 1796 305 42 1797 520 42 1798 521 42 1799 256 42 1800 287 42 1801 259 42 1802 259 42 1803 287 42 1804 290 42 1805 376 0 1806 383 0 1807 521 0 1808 521 567 1809 383 567 1810 377 567 1811 521 568 1812 377 568 1813 369 568 1814 521 569 1815 369 569 1816 305 569 1817 305 570 1818 369 570 1819 361 570 1820 305 571 1821 361 571 1822 349 571 1823 349 0 1824 337 0 1825 305 0 1826 305 0 1827 337 0 1828 336 0 1829 305 572 1830 336 572 1831 348 572 1832 305 0 1833 348 0 1834 304 0 1835 304 573 1836 348 573 1837 360 573 1838 304 574 1839 360 574 1840 368 574 1841 304 0 1842 368 0 1843 537 0 1844 537 575 1845 368 575 1846 376 575 1847 537 0 1848 376 0 1849 570 0 1850 570 0 1851 376 0 1852 571 0 1853 571 0 1854 376 0 1855 521 0 1856 571 0 1857 521 0 1858 525 0 1859 525 0 1860 529 0 1861 571 0 1862 571 0 1863 529 0 1864 533 0 1865 545 0 1866 541 0 1867 570 0 1868 570 0 1869 541 0 1870 537 0 1871 258 0 1872 259 0 1873 289 0 1874 289 0 1875 259 0 1876 290 0 1877 244 0 1878 243 0 1879 231 0 1880 231 0 1881 243 0 1882 215 0 1883 231 0 1884 215 0 1885 201 0 1886 201 0 1887 215 0 1888 200 0 1889 200 0 1890 215 0 1891 209 0 1892 200 0 1893 209 0 1894 205 0 1895 219 0 1896 223 0 1897 201 0 1898 201 0 1899 223 0 1900 227 0 1901 201 0 1902 227 0 1903 231 0 1904 83 91 1905 108 91 1906 61 91 1907 61 91 1908 108 91 1909 258 91 1910 61 91 1911 258 91 1912 289 91 1913 112 91 1914 214 91 1915 108 91 1916 108 91 1917 214 91 1918 243 91 1919 108 91 1920 243 91 1921 258 91 1922 258 91 1923 243 91 1924 260 91 1925 260 91 1926 243 91 1927 245 91 1928 112 91 1929 120 91 1930 214 91 1931 214 91 1932 120 91 1933 136 91 1934 214 91 1935 136 91 1936 150 91 1937 150 91 1938 196 91 1939 214 91 1940 214 91 1941 215 91 1942 243 91 1943 291 91 1944 306 91 1945 289 91 1946 289 91 1947 306 91 1948 304 91 1949 289 91 1950 304 91 1951 61 91 1952 61 91 1953 304 91 1954 388 91 1955 61 91 1956 388 91 1957 59 91 1958 59 91 1959 388 91 1960 213 91 1961 59 91 1962 213 91 1963 95 91 1964 95 91 1965 213 91 1966 88 91 1967 88 91 1968 213 91 1969 116 91 1970 116 91 1971 213 91 1972 132 91 1973 132 91 1974 213 91 1975 146 91 1976 146 91 1977 213 91 1978 180 91 1979 537 91 1980 536 91 1981 304 91 1982 304 91 1983 536 91 1984 673 91 1985 304 91 1986 673 91 1987 671 91 1988 671 91 1989 673 91 1990 686 91 1991 671 91 1992 686 91 1993 684 91 1994 566 91 1995 602 91 1996 536 91 1997 536 91 1998 602 91 1999 616 91 2000 536 91 2001 616 91 2002 632 91 2003 632 91 2004 658 91 2005 536 91 2006 536 91 2007 658 91 2008 654 91 2009 536 91 2010 654 91 2011 673 91 2012 673 91 2013 654 91 2014 679 91 2015 666 91 2016 641 91 2017 671 91 2018 671 91 2019 641 91 2020 460 91 2021 671 91 2022 460 91 2023 407 91 2024 634 91 2025 535 91 2026 641 91 2027 641 91 2028 535 91 2029 479 91 2030 641 91 2031 479 91 2032 460 91 2033 460 91 2034 479 91 2035 458 91 2036 458 91 2037 479 91 2038 477 91 2039 634 91 2040 628 91 2041 535 91 2042 535 91 2043 628 91 2044 612 91 2045 535 91 2046 612 91 2047 598 91 2048 598 91 2049 550 91 2050 535 91 2051 535 91 2052 534 91 2053 479 91 2054 403 91 2055 384 91 2056 407 91 2057 407 91 2058 384 91 2059 388 91 2060 407 91 2061 388 91 2062 671 91 2063 671 91 2064 388 91 2065 304 91 2066 388 91 2067 212 91 2068 213 91 2069 95 91 2070 54 91 2071 59 91 2072 59 91 2073 46 91 2074 61 91 2075 61 91 2076 46 91 2077 48 91 2078 535 708 2265 538 709 2266 534 710 2267 534 711 2268 538 712 2269 540 713 2270 540 714 2271 538 715 2272 542 716 2273 540 717 2274 542 718 2275 544 719 2276 544 720 2277 542 721 2278 546 722 2279 544 723 2280 546 724 2281 548 725 2282 548 726 2283 546 727 2284 551 728 2285 567 729 2286 547 730 2287 570 731 2288 570 732 2289 547 733 2290 545 734 2291 545 735 2292 547 736 2293 543 737 2294 545 738 2295 543 739 2296 541 740 2297 541 741 2298 543 742 2299 539 743 2300 541 744 2301 539 745 2302 537 746 2303 537 747 2304 539 748 2305 536 749 2306 551 67 2307 552 67 2308 548 67 2309 548 67 2310 552 67 2311 549 67 2312 568 67 2313 567 67 2314 571 67 2315 571 67 2316 567 67 2317 570 67 2318 549 750 2319 552 751 2320 530 752 2321 530 753 2322 552 754 2323 531 755 2324 530 756 2325 531 757 2326 527 758 2327 530 759 2328 527 760 2329 526 761 2330 526 762 2331 527 763 2332 523 764 2333 526 765 2334 523 766 2335 522 767 2336 522 768 2337 523 769 2338 518 770 2339 518 771 2340 523 772 2341 519 773 2342 521 773 2343 520 771 2344 525 772 2345 525 769 2346 520 770 2347 524 768 2348 525 766 2349 524 767 2350 528 765 2351 525 764 2352 528 762 2353 529 763 2354 529 774 2355 528 775 2356 532 776 2357 529 777 2358 532 778 2359 533 779 2360 533 755 2361 532 753 2362 571 754 2363 571 751 2364 532 752 2365 568 750 2366 181 780 2367 202 781 2368 178 782 2369 178 783 2370 202 784 2371 204 785 2372 204 786 2373 202 787 2374 206 788 2375 204 789 2376 206 790 2377 208 791 2378 208 792 2379 206 793 2380 210 794 2381 208 795 2382 210 796 2383 212 797 2384 212 798 2385 210 799 2386 213 800 2387 392 42 2388 229 42 2389 391 42 2390 391 42 2391 229 42 2392 228 42 2393 182 23 2394 181 23 2395 179 23 2396 179 23 2397 181 23 2398 178 23 2399 228 801 2400 229 802 2401 224 803 2402 224 804 2403 229 805 2404 225 806 2405 224 807 2406 225 808 2407 221 809 2408 224 810 2409 221 811 2410 220 812 2411 220 813 2412 221 814 2413 217 815 2414 220 816 2415 217 817 2416 216 818 2417 216 819 2418 217 820 2419 179 821 2420 179 822 2421 217 823 2422 182 824 2423 201 824 2430 198 822 2431 219 823 2432 219 820 2433 198 821 2434 218 819 2435 219 825 2436 218 826 2437 222 827 2438 219 828 2439 222 829 2440 223 830 2441 223 811 2442 222 812 2443 226 810 2444 223 809 2445 226 807 2446 227 808 2447 227 806 2448 226 804 2449 231 805 2450 231 802 2451 226 803 2452 230 801 2453 197 23 2454 198 23 2455 200 23 2456 200 23 2457 198 23 2458 201 23 2459 214 831 2460 211 832 2461 215 833 2462 215 834 2463 211 835 2464 209 836 2465 209 837 2466 211 838 2467 207 839 2468 209 840 2469 207 841 2470 205 842 2471 205 843 2472 207 844 2473 203 845 2474 205 846 2475 203 847 2476 200 848 2477 200 849 2478 203 850 2479 197 851 2480 244 42 2481 231 42 2482 241 42 2483 241 42 2484 231 42 2485 230 42 2486 197 0 2487 203 0 2488 196 0 2489 196 0 2490 203 0 2491 207 0 2492 196 0 2493 207 0 2494 211 0 2495 211 0 2496 214 0 2497 196 0 2498 230 0 2499 226 0 2500 199 0 2501 199 0 2502 226 0 2503 222 0 2504 199 852 2505 222 852 2506 218 852 2507 218 0 2508 198 0 2509 199 0 2510 536 0 2511 539 0 2512 566 0 2513 566 0 2514 539 0 2515 543 0 2516 566 0 2517 543 0 2518 547 0 2519 547 0 2520 567 0 2521 566 0 2522 213 86 2523 210 86 2524 180 86 2525 180 86 2526 210 86 2527 206 86 2528 180 86 2529 206 86 2530 202 86 2531 202 86 2532 181 86 2533 180 86 2534 182 86 2535 217 86 2536 183 86 2537 183 853 2538 217 853 2539 221 853 2540 183 86 2541 221 86 2542 225 86 2543 225 86 2544 229 86 2545 183 86 2546 519 86 2547 523 86 2548 553 86 2549 553 86 2550 523 86 2551 527 86 2552 553 853 2553 527 853 2554 531 853 2555 531 86 2556 552 86 2557 553 86 2558 551 86 2559 546 86 2560 550 86 2561 550 86 2562 546 86 2563 542 86 2564 550 86 2565 542 86 2566 538 86 2567 538 86 2568 535 86 2569 550 86 2570 95 854 2571 94 855 2572 54 856 2573 54 857 2574 94 858 2575 53 859 2576 53 860 2577 94 861 2578 93 862 2579 53 863 2580 93 864 2581 52 865 2582 52 866 2583 93 867 2584 92 868 2585 52 869 2586 92 870 2587 50 871 2588 50 872 2589 92 873 2590 89 874 2591 635 875 2592 638 876 2593 662 877 2594 662 878 2595 638 879 2596 664 880 2597 664 881 2598 638 882 2599 639 883 2600 664 884 2601 639 885 2602 665 886 2603 665 887 2604 639 888 2605 640 889 2606 665 890 2607 640 891 2608 666 892 2609 666 893 2610 640 894 2611 641 895 2612 89 86 2613 90 86 2614 50 86 2615 50 86 2616 90 86 2617 51 86 2618 636 86 2619 635 86 2620 663 86 2621 663 86 2622 635 86 2623 662 86 2624 51 896 2625 90 897 2626 55 898 2627 55 899 2628 90 900 2629 96 901 2630 55 902 2631 96 903 2632 97 904 2633 55 905 2634 97 906 2635 56 907 2636 56 908 2637 97 909 2638 98 910 2639 56 911 2640 98 912 2641 57 913 2642 57 914 2643 98 915 2644 58 916 2645 58 917 2646 98 918 2647 99 919 2648 670 920 2649 645 921 2650 669 922 2651 669 923 2652 645 924 2653 644 925 2654 669 912 2655 644 913 2656 643 911 2657 669 910 2658 643 908 2659 668 909 2660 668 906 2661 643 907 2662 642 905 2663 668 904 2664 642 902 2665 667 903 2666 667 901 2667 642 899 2668 663 900 2669 663 897 2670 642 898 2671 636 896 2672 113 926 2673 111 927 2674 86 928 2675 86 929 2676 111 930 2677 85 931 2678 85 932 2679 111 933 2680 110 934 2681 85 935 2682 110 936 2683 84 937 2684 84 938 2685 110 939 2686 109 940 2687 84 941 2688 109 942 2689 83 943 2690 83 944 2691 109 945 2692 108 946 2693 60 42 2694 58 42 2695 100 42 2696 100 42 2697 58 42 2698 99 42 2699 114 0 2700 113 0 2701 87 0 2702 87 0 2703 113 0 2704 86 0 2705 79 947 2706 104 948 2707 80 949 2708 80 950 2709 104 951 2710 105 952 2711 80 953 2712 105 954 2713 106 955 2714 80 956 2715 106 957 2716 81 958 2717 81 959 2718 106 960 2719 107 961 2720 81 962 2721 107 963 2722 82 964 2723 82 965 2724 107 966 2725 87 967 2726 87 968 2727 107 969 2728 114 970 2729 683 970 2730 660 968 2731 678 969 2732 678 966 2733 660 967 2734 653 965 2735 678 963 2736 653 964 2737 652 962 2738 678 961 2739 652 959 2740 677 960 2741 677 957 2742 652 958 2743 651 956 2744 677 955 2745 651 953 2746 676 954 2747 676 971 2748 651 972 2749 675 973 2750 675 974 2751 651 975 2752 650 976 2753 659 0 2754 660 0 2755 682 0 2756 682 0 2757 660 0 2758 683 0 2759 654 977 2760 655 978 2761 679 979 2762 679 980 2763 655 981 2764 680 982 2765 680 983 2766 655 984 2767 656 985 2768 680 986 2769 656 987 2770 681 988 2771 681 989 2772 656 990 2773 657 991 2774 681 992 2775 657 993 2776 682 994 2777 682 995 2778 657 996 2779 659 997 2780 674 42 2781 675 42 2782 648 42 2783 648 42 2784 675 42 2785 650 42 2786 659 67 2787 657 67 2788 658 67 2789 658 67 2790 657 67 2791 656 67 2792 658 67 2793 656 67 2794 655 67 2795 655 67 2796 654 67 2797 658 67 2798 650 67 2799 651 67 2800 661 67 2801 661 67 2802 651 67 2803 652 67 2804 661 998 2805 652 998 2806 653 998 2807 653 67 2808 660 67 2809 661 67 2810 641 67 2811 640 67 2812 634 67 2813 634 67 2814 640 67 2815 639 67 2816 634 67 2817 639 67 2818 638 67 2819 638 67 2820 635 67 2821 634 67 2822 108 23 2823 109 23 2824 112 23 2825 112 23 2826 109 23 2827 110 23 2828 112 23 2829 110 23 2830 111 23 2831 111 23 2832 113 23 2833 112 23 2834 114 23 2835 107 23 2836 115 23 2837 115 999 2838 107 999 2839 106 999 2840 115 23 2841 106 23 2842 105 23 2843 105 23 2844 104 23 2845 115 23 2846 99 23 2847 98 23 2848 91 23 2849 91 23 2850 98 23 2851 97 23 2852 91 1000 2853 97 1000 2854 96 1000 2855 96 23 2856 90 23 2857 91 23 2858 89 23 2859 92 23 2860 88 23 2861 88 23 2862 92 23 2863 93 23 2864 88 23 2865 93 23 2866 94 23 2867 94 23 2868 95 23 2869 88 23 2870 121 1001 2871 115 1002 2872 125 1003 2873 125 1004 2874 115 1005 2875 119 1006 2876 125 1007 2877 119 1008 2878 141 1009 2879 141 1010 2880 119 1011 2881 135 1012 2882 141 1013 2883 135 1014 2884 149 1015 2885 141 1016 2886 149 1017 2887 161 1018 2888 161 1019 2889 149 1020 2890 192 1021 2891 161 1022 2892 192 1023 2893 193 1024 2894 161 1025 2895 193 1026 2896 177 1027 2897 177 1028 2898 193 1029 2899 194 1030 2900 177 1031 2901 194 1032 2902 195 1033 2903 199 1034 2904 167 1035 2905 195 1036 2906 195 1037 2907 167 1038 2908 145 1039 2909 195 1040 2910 145 1041 2911 177 1042 2912 177 1043 2913 145 1044 2914 141 1045 2915 177 1046 2916 141 1047 2917 161 1048 2918 199 1049 2919 151 1050 2920 167 1051 2921 167 1052 2922 151 1053 2923 137 1054 2924 167 1055 2925 137 1056 2926 145 1057 2927 145 1058 2928 137 1059 2929 131 1060 2930 145 1061 2931 131 1062 2932 125 1063 2933 125 1064 2934 131 1065 2935 121 1066 2936 137 1067 2937 121 1068 2938 131 1069 2939 141 1070 2940 145 1071 2941 125 1072 2942 147 1073 2943 183 1074 2944 166 1075 2945 166 1076 2946 183 1077 2947 184 1078 2948 166 1079 2949 184 1080 2950 176 1081 2951 176 1082 2952 184 1083 2953 185 1084 2954 176 1085 2955 185 1086 2956 186 1087 2957 176 1088 2958 186 1089 2959 160 1090 2960 160 1091 2961 186 1092 2962 187 1093 2963 160 1094 2964 187 1095 2965 148 1096 2966 160 1097 2967 148 1098 2968 140 1099 2969 140 1100 2970 148 1101 2971 134 1102 2972 140 1103 2973 134 1104 2974 118 1105 2975 140 1106 2976 118 1107 2977 124 1108 2978 124 1109 2979 118 1110 2980 91 1111 2981 124 1112 2982 91 1113 2983 117 1114 2984 124 1115 2985 117 1116 2986 130 1117 2987 130 1118 2988 117 1119 2989 133 1120 2990 130 1121 2991 133 1122 2992 147 1123 2993 176 1124 2994 160 1125 2995 144 1126 2996 144 1127 2997 160 1128 2998 140 1129 2999 144 1130 3000 140 1131 3001 130 1132 3002 130 1133 3003 140 1134 3004 124 1135 3005 147 1136 3006 166 1137 3007 144 1138 3008 144 1139 3009 166 1140 3010 176 1141 3011 147 1142 3012 144 1143 3013 130 1144 3014 629 1145 3015 637 1146 3016 624 1147 3017 624 1148 3018 637 1149 3019 630 1150 3020 624 1151 3021 630 1152 3022 608 1153 3023 608 1154 3024 630 1155 3025 614 1156 3026 608 1157 3027 614 1158 3028 600 1159 3029 608 1160 3030 600 1161 3031 592 1162 3032 592 1163 3033 600 1164 3034 557 1165 3035 592 1166 3036 557 1167 3037 556 1168 3038 592 1169 3039 556 1170 3040 580 1171 3041 580 1172 3042 556 1173 3043 555 1174 3044 580 1175 3045 555 1176 3046 554 1177 3047 553 1178 3048 590 1179 3049 554 1180 3050 554 1181 3051 590 1182 3052 604 1183 3053 554 1184 3054 604 1185 3055 580 1186 3056 580 1187 3057 604 1188 3058 608 1189 3059 580 1190 3060 608 1191 3061 592 1192 3062 553 1193 3063 599 1194 3064 590 1195 3065 590 1196 3066 599 1197 3067 618 1198 3068 590 1199 3069 618 1200 3070 604 1201 3071 604 1202 3072 618 1203 3073 624 1204 3074 604 1205 3075 624 1206 3076 608 1207 3077 599 1208 3078 613 1209 3079 618 1210 3080 618 1211 3081 613 1212 3082 629 1213 3083 618 1214 3084 629 1215 3085 624 1216 3086 603 1217 3087 569 1218 3088 591 1219 3089 591 1220 3090 569 1221 3091 565 1222 3092 591 1223 3093 565 1224 3094 564 1225 3095 563 1226 3096 581 1227 3097 564 1228 3098 564 1229 3099 581 1230 3100 605 1231 3101 564 1232 3102 605 1233 3103 591 1234 3104 591 1235 3105 605 1236 3106 603 1237 3107 581 1238 3108 563 1239 3109 593 1240 3110 593 1241 3111 563 1242 3112 562 1243 3113 593 1244 3114 562 1245 3115 601 1246 3116 593 1247 3117 601 1248 3118 609 1249 3119 609 1250 3120 601 1251 3121 615 1252 3122 609 1253 3123 615 1254 3124 631 1255 3125 609 1256 3126 631 1257 3127 625 1258 3128 625 1259 3129 631 1260 3130 661 1261 3131 625 1262 3132 661 1263 3133 633 1264 3134 625 1265 3135 633 1266 3136 619 1267 3137 619 1268 3138 633 1269 3139 617 1270 3140 619 1271 3141 617 1272 3142 603 1273 3143 581 1274 3144 593 1275 3145 605 1276 3146 605 1277 3147 593 1278 3148 609 1279 3149 605 1280 3150 609 1281 3151 619 1282 3152 619 1283 3153 609 1284 3154 625 1285 3155 603 1286 3156 605 1287 3157 619 1288 3158 115 1289 3159 121 1290 3160 114 1291 3161 114 1292 3162 121 1293 3163 120 1294 3164 114 1295 3165 120 1296 3166 113 1297 3167 113 1298 3168 120 1299 3169 112 1300 3170 120 1301 3171 121 1302 3172 136 1303 3173 136 1304 3174 121 1305 3175 137 1306 3176 136 1307 3177 137 1308 3178 150 1309 3179 150 1310 3180 137 1311 3181 151 1312 3182 150 1313 3183 151 1314 3184 198 1315 3185 198 1316 3186 151 1317 3187 199 1318 3188 198 1319 3189 197 1320 3190 150 1321 3191 150 1322 3192 197 1323 3193 196 1324 3194 568 0 3195 532 0 3196 569 0 3197 569 852 3198 532 852 3199 528 852 3200 569 0 3201 528 0 3202 524 0 3203 524 0 3204 520 0 3205 569 0 3206 569 1325 3207 603 1326 3208 568 1327 3209 568 1328 3210 603 1329 3211 602 1330 3212 568 1331 3213 602 1332 3214 567 1333 3215 567 1334 3216 602 1335 3217 566 1336 3218 602 1337 3219 603 1338 3220 616 1339 3221 616 1340 3222 603 1341 3223 617 1342 3224 616 1343 3225 617 1344 3226 632 1345 3227 632 1346 3228 617 1347 3229 633 1348 3230 632 1349 3231 633 1350 3232 660 1351 3233 660 1352 3234 633 1353 3235 661 1354 3236 660 1355 3237 659 1356 3238 632 1357 3239 632 1358 3240 659 1359 3241 658 1360 3242 636 67 3243 642 67 3244 637 67 3245 637 1361 3246 642 1361 3247 643 1361 3248 637 67 3249 643 67 3250 644 67 3251 644 67 3252 645 67 3253 637 67 3254 183 1362 3255 147 1363 3256 182 1364 3257 182 1365 3258 147 1366 3259 146 1367 3260 182 1368 3261 146 1369 3262 181 1370 3263 181 1371 3264 146 1372 3265 180 1373 3266 146 1374 3267 147 1375 3268 132 1376 3269 132 1377 3270 147 1378 3271 133 1379 3272 132 1380 3273 133 1381 3274 116 1382 3275 116 1383 3276 133 1384 3277 117 1385 3278 116 1386 3279 117 1387 3280 90 1388 3281 90 1389 3282 117 1390 3283 91 1391 3284 90 1392 3285 89 1393 3286 116 1394 3287 116 1395 3288 89 1396 3289 88 1397 3290 637 1398 3291 629 1399 3292 636 1400 3293 636 1401 3294 629 1402 3295 628 1403 3296 636 1404 3297 628 1405 3298 635 1406 3299 635 1407 3300 628 1408 3301 634 1409 3302 628 1410 3303 629 1411 3304 612 1412 3305 612 1413 3306 629 1414 3307 613 1415 3308 612 1416 3309 613 1417 3310 598 1418 3311 598 1419 3312 613 1420 3313 599 1421 3314 598 1422 3315 599 1423 3316 552 1424 3317 552 1425 3318 599 1426 3319 553 1427 3320 552 1428 3321 551 1429 3322 598 1430 3323 598 1431 3324 551 1432 3325 550 1433 3326</p>
        </triangles>
        <triangles material="_78_0_0-material" count="62">
          <input semantic="VERTEX" source="#EMROX_RPTU_V1_02_03_Caroline_simple_EMROX_RPTU_Aufbau_V1_02_03-mesh-vertices" offset="0"/>
          <input semantic="NORMAL" source="#EMROX_RPTU_V1_02_03_Caroline_simple_EMROX_RPTU_Aufbau_V1_02_03-mesh-normals" offset="1"/>
          <input semantic="TEXCOORD" source="#EMROX_RPTU_V1_02_03_Caroline_simple_EMROX_RPTU_Aufbau_V1_02_03-mesh-map-0" offset="2" set="0"/>
          <p>340 576 2079 336 577 2080 329 578 2081 329 579 2082 336 580 2083 337 581 2084 329 582 2085 337 583 2086 341 584 2087 341 585 2088 337 586 2089 349 587 2090 341 588 2091 349 589 2092 357 590 2093 357 591 2094 349 592 2095 361 593 2096 357 594 2097 361 595 2098 365 596 2099 365 597 2100 361 598 2101 369 599 2102 365 600 2103 369 601 2104 373 602 2105 373 603 2106 369 604 2107 377 605 2108 373 606 2109 377 607 2110 381 608 2111 381 609 2112 377 610 2113 383 611 2114 381 612 2115 383 613 2116 380 614 2117 380 615 2118 383 616 2119 376 617 2120 380 618 2121 376 619 2122 372 620 2123 372 621 2124 376 622 2125 368 623 2126 372 624 2127 368 625 2128 364 626 2129 364 627 2130 368 628 2131 360 629 2132 364 630 2133 360 631 2134 356 632 2135 356 633 2136 360 634 2137 348 635 2138 356 636 2139 348 637 2140 340 638 2141 340 639 2142 348 640 2143 336 641 2144 339 642 2145 335 643 2146 328 644 2147 328 645 2148 335 646 2149 334 647 2150 328 648 2151 334 649 2152 338 650 2153 338 651 2154 334 652 2155 346 653 2156 338 654 2157 346 655 2158 354 656 2159 354 657 2160 346 658 2161 358 659 2162 354 660 2163 358 661 2164 362 662 2165 362 663 2166 358 664 2167 366 665 2168 362 666 2169 366 667 2170 370 668 2171 370 669 2172 366 670 2173 374 671 2174 370 672 2175 374 673 2176 378 674 2177 378 675 2178 374 676 2179 382 677 2180 378 678 2181 382 679 2182 379 680 2183 379 681 2184 382 682 2185 375 683 2186 379 684 2187 375 685 2188 371 686 2189 371 687 2190 375 688 2191 367 689 2192 371 690 2193 367 691 2194 363 692 2195 363 693 2196 367 694 2197 359 695 2198 363 696 2199 359 697 2200 355 698 2201 355 699 2202 359 700 2203 347 701 2204 355 702 2205 347 703 2206 339 704 2207 339 705 2208 347 706 2209 335 707 2210 328 86 2211 338 86 2212 339 86 2213 339 86 2214 338 86 2215 355 86 2216 355 86 2217 338 86 2218 354 86 2219 355 86 2220 354 86 2221 363 86 2222 363 86 2223 354 86 2224 362 86 2225 363 86 2226 362 86 2227 371 86 2228 371 86 2229 362 86 2230 370 86 2231 371 86 2232 370 86 2233 379 86 2234 379 86 2235 370 86 2236 378 86 2237 329 0 2238 341 0 2239 340 0 2240 340 0 2241 341 0 2242 356 0 2243 356 0 2244 341 0 2245 357 0 2246 356 0 2247 357 0 2248 364 0 2249 364 0 2250 357 0 2251 365 0 2252 364 0 2253 365 0 2254 372 0 2255 372 0 2256 365 0 2257 373 0 2258 372 0 2259 373 0 2260 380 0 2261 380 0 2262 373 0 2263 381 0 2264</p>
        </triangles>
        <triangles material="__0_0-material" count="100">
          <input semantic="VERTEX" source="#EMROX_RPTU_V1_02_03_Caroline_simple_EMROX_RPTU_Aufbau_V1_02_03-mesh-vertices" offset="0"/>
          <input semantic="NORMAL" source="#EMROX_RPTU_V1_02_03_Caroline_simple_EMROX_RPTU_Aufbau_V1_02_03-mesh-normals" offset="1"/>
          <input semantic="TEXCOORD" source="#EMROX_RPTU_V1_02_03_Caroline_simple_EMROX_RPTU_Aufbau_V1_02_03-mesh-map-0" offset="2" set="0"/>
          <p>308 86 3546 321 86 3547 274 86 3548 274 1599 3549 321 1599 3550 309 1599 3551 274 86 3552 309 86 3553 262 86 3554 262 86 3555 309 86 3556 275 86 3557 262 86 3558 275 86 3559 263 86 3560 263 86 3561 275 86 3562 267 86 3563 267 1600 3564 275 1600 3565 271 1600 3566 321 86 3567 308 86 3568 320 86 3569 320 86 3570 308 86 3571 312 86 3572 320 86 3573 312 86 3574 316 86 3575 317 86 3576 313 86 3577 321 86 3578 321 86 3579 313 86 3580 309 86 3581 262 86 3582 266 86 3583 274 86 3584 274 1601 3585 266 1601 3586 270 1601 3587 276 91 3588 310 91 3589 274 91 3590 274 91 3591 310 91 3592 308 91 3593 308 1602 3594 310 1603 3595 312 1604 3596 312 1605 3597 310 1606 3598 314 1607 3599 312 1608 3600 314 1609 3601 316 1610 3602 316 1611 3603 314 1612 3604 318 1613 3605 316 1614 3606 318 1615 3607 320 1616 3608 320 1617 3609 318 1618 3610 322 1619 3611 322 67 3612 323 67 3613 320 67 3614 320 67 3615 323 67 3616 321 67 3617 321 1620 3618 323 1621 3619 317 1622 3620 317 1623 3621 323 1624 3622 319 1625 3623 317 1626 3624 319 1627 3625 313 1628 3626 313 1629 3627 319 1630 3628 315 1631 3629 313 1632 3630 315 1633 3631 309 1634 3632 309 1635 3633 315 1636 3634 311 1637 3635 311 42 3636 277 42 3637 309 42 3638 309 42 3639 277 42 3640 275 42 3641 275 1638 3642 277 1639 3643 271 1640 3644 271 1641 3645 277 1642 3646 273 1643 3647 271 1644 3648 273 1645 3649 267 1646 3650 267 1647 3651 273 1648 3652 269 1649 3653 267 1650 3654 269 1651 3655 263 1652 3656 263 1653 3657 269 1654 3658 265 1655 3659 265 23 3660 264 23 3661 263 23 3662 263 23 3663 264 23 3664 262 23 3665 262 1656 3666 264 1657 3667 266 1658 3668 266 1659 3669 264 1660 3670 268 1661 3671 266 1662 3672 268 1663 3673 270 1664 3674 270 1665 3675 268 1666 3676 272 1667 3677 270 1668 3678 272 1669 3679 274 1670 3680 274 1671 3681 272 1672 3682 276 1673 3683 422 86 3684 435 86 3685 350 86 3686 350 1599 3687 435 1599 3688 423 1599 3689 350 86 3690 423 86 3691 324 86 3692 324 86 3693 423 86 3694 351 86 3695 324 86 3696 351 86 3697 325 86 3698 325 86 3699 351 86 3700 331 86 3701 331 1674 3702 351 1674 3703 343 1674 3704 435 86 3705 422 86 3706 434 86 3707 434 86 3708 422 86 3709 426 86 3710 434 1675 3711 426 1675 3712 430 1675 3713 431 86 3714 427 86 3715 435 86 3716 435 86 3717 427 86 3718 423 86 3719 324 86 3720 330 86 3721 350 86 3722 350 1676 3723 330 1676 3724 342 1676 3725 422 1677 3726 424 1678 3727 426 1679 3728 426 1680 3729 424 1681 3730 428 1682 3731 426 1683 3732 428 1684 3733 430 1685 3734 430 1686 3735 428 1687 3736 432 1688 3737 430 1689 3738 432 1690 3739 434 1691 3740 434 1692 3741 432 1693 3742 436 1694 3743 436 67 3744 437 67 3745 434 67 3746 434 67 3747 437 67 3748 435 67 3749 435 1695 3750 437 1696 3751 431 1697 3752 431 1698 3753 437 1699 3754 433 1700 3755 431 1701 3756 433 1702 3757 427 1703 3758 427 1704 3759 433 1705 3760 429 1706 3761 427 1707 3762 429 1708 3763 423 1709 3764 423 1710 3765 429 1711 3766 425 1712 3767 390 42 3768 353 42 3769 386 42 3770 386 42 3771 353 42 3772 351 42 3773 386 42 3774 351 42 3775 423 42 3776 386 42 3777 423 42 3778 405 42 3779 405 42 3780 423 42 3781 425 42 3782 405 42 3783 425 42 3784 409 42 3785 351 1638 3786 353 1639 3787 343 1640 3788 343 1641 3789 353 1642 3790 345 1643 3791 343 1713 3792 345 1714 3793 331 1715 3794 331 1716 3795 345 1717 3796 333 1718 3797 331 1719 3798 333 1720 3799 325 1721 3800 325 1722 3801 333 1723 3802 327 1724 3803 327 23 3804 326 23 3805 325 23 3806 325 23 3807 326 23 3808 324 23 3809 324 1725 3810 326 1726 3811 330 1727 3812 330 1728 3813 326 1729 3814 332 1730 3815 330 1731 3816 332 1732 3817 342 1733 3818 342 1734 3819 332 1735 3820 344 1736 3821 342 1668 3822 344 1669 3823 350 1670 3824 350 1671 3825 344 1672 3826 352 1673 3827 389 91 3828 385 91 3829 352 91 3830 352 91 3831 385 91 3832 350 91 3833 350 91 3834 385 91 3835 422 91 3836 422 91 3837 385 91 3838 404 91 3839 422 91 3840 404 91 3841 424 91 3842 424 91 3843 404 91 3844 408 91 3845</p>
        </triangles>
        <triangles material="_21_124_15-material" count="7">
          <input semantic="VERTEX" source="#EMROX_RPTU_V1_02_03_Caroline_simple_EMROX_RPTU_Aufbau_V1_02_03-mesh-vertices" offset="0"/>
          <input semantic="NORMAL" source="#EMROX_RPTU_V1_02_03_Caroline_simple_EMROX_RPTU_Aufbau_V1_02_03-mesh-normals" offset="1"/>
          <input semantic="TEXCOORD" source="#EMROX_RPTU_V1_02_03_Caroline_simple_EMROX_RPTU_Aufbau_V1_02_03-mesh-map-0" offset="2" set="0"/>
          <p>13 1737 3870 14 1737 3871 36 1737 3872 36 1738 3873 14 1738 3874 37 1738 3875 11 1811 3972 13 1811 3973 34 1811 3974 34 1812 3975 13 1812 3976 36 1812 3977 14 42 3978 11 42 3979 37 42 3980 37 42 3981 11 42 3982 34 42 3983 13 23 3984 11 23 3985 14 23 3986</p>
        </triangles>
      </mesh>
    </geometry>
  </library_geometries>
  <library_visual_scenes>
    <visual_scene id="Scene" name="Scene">
      <node id="EMROX_RPTU_V1_02_03_Caroline_simple_EMROX_RPTU_Aufbau_V1_02_03" name="EMROX RPTU V1.02.03 Caroline simple_EMROX RPTU Aufbau V1.02.03" type="NODE">
        <matrix sid="transform">0.01 0 0 0 0 0.01 0 0 0 0 0.01 -2.38419e-7 0 0 0 1</matrix>
        <instance_geometry url="#EMROX_RPTU_V1_02_03_Caroline_simple_EMROX_RPTU_Aufbau_V1_02_03-mesh" name="EMROX RPTU V1.02.03 Caroline simple_EMROX RPTU Aufbau V1.02.03">
          <bind_material>
            <technique_common>
              <instance_material symbol="_44_244_244-material" target="#_44_244_244-material">
                <bind_vertex_input semantic="UVMap" input_semantic="TEXCOORD" input_set="0"/>
              </instance_material>
              <instance_material symbol="_91_191_191-material" target="#_91_191_191-material">
                <bind_vertex_input semantic="UVMap" input_semantic="TEXCOORD" input_set="0"/>
              </instance_material>
              <instance_material symbol="_4_48_102_1-material" target="#_4_48_102_1-material">
                <bind_vertex_input semantic="UVMap" input_semantic="TEXCOORD" input_set="0"/>
              </instance_material>
              <instance_material symbol="_45_245_245-material" target="#_45_245_245-material">
                <bind_vertex_input semantic="UVMap" input_semantic="TEXCOORD" input_set="0"/>
              </instance_material>
              <instance_material symbol="_78_0_0-material" target="#_78_0_0-material">
                <bind_vertex_input semantic="UVMap" input_semantic="TEXCOORD" input_set="0"/>
              </instance_material>
              <instance_material symbol="__0_0-material" target="#__0_0-material">
                <bind_vertex_input semantic="UVMap" input_semantic="TEXCOORD" input_set="0"/>
              </instance_material>
              <instance_material symbol="_21_124_15-material" target="#_21_124_15-material">
                <bind_vertex_input semantic="UVMap" input_semantic="TEXCOORD" input_set="0"/>
              </instance_material>
            </technique_common>
          </bind_material>
        </instance_geometry>
      </node>
    </visual_scene>
  </library_visual_scenes>
  <scene>
    <instance_visual_scene url="#Scene"/>
  </scene>
</COLLADA>