<?xml version="1.0" encoding="utf-8"?>
<COLLADA xmlns="http://www.collada.org/2005/11/COLLADASchema" version="1.4.1" xmlns:xsi="http://www.w3.org/2001/XMLSchema-instance">
  <asset>
    <contributor>
      <author>Blender User</author>
      <authoring_tool>Blender 4.2.18 LTS commit date:2026-02-16, commit time:13:37, hash:d71e3422e438</authoring_tool>
    </contributor>
    <created>2026-02-25T22:38:57</created>
    <modified>2026-02-25T22:38:57</modified>
    <unit name="meter" meter="1"/>
    <up_axis>Z_UP</up_axis>
  </asset>
  <library_effects>
    <effect id="_91_191_191-effect">
      <profile_COMMON>
        <technique sid="common">
          <lambert>
            <emission>
              <color sid="emission">0 0 0 1</color>
            </emission>
            <diffuse>
              <color sid="diffuse">0.74902 0.74902 0.74902 1</color>
            </diffuse>
            <index_of_refraction>
              <float sid="ior">1.5</float>
            </index_of_refraction>
          </lambert>
        </technique>
      </profile_COMMON>
    </effect>
    <effect id="_45_245_245_001-effect">
      <profile_COMMON>
        <technique sid="common">
          <lambert>
            <emission>
              <color sid="emission">0 0 0 1</color>
            </emission>
            <diffuse>
              <color sid="diffuse">0.960784 0.960784 0.960784 1</color>
            </diffuse>
            <index_of_refraction>
              <float sid="ior">1.5</float>
            </index_of_refraction>
          </lambert>
        </technique>
      </profile_COMMON>
    </effect>
    <effect id="_4_48_102-effect">
      <profile_COMMON>
        <technique sid="common">
          <lambert>
            <emission>
              <color sid="emission">0 0 0 1</color>
            </emission>
            <diffuse>
              <color sid="diffuse">0.133333 0.188235 0.4 1</color>
            </diffuse>
            <index_of_refraction>
              <float sid="ior">1.5</float>
            </index_of_refraction>
          </lambert>
        </technique>
      </profile_COMMON>
    </effect>
    <effect id="__0_0_002-effect">
      <profile_COMMON>
        <technique sid="common">
          <lambert>
            <emission>
              <color sid="emission">0 0 0 1</color>
            </emission>
            <diffuse>
              <color sid="diffuse">0 0 0 1</color>
            </diffuse>
            <index_of_refraction>
              <float sid="ior">1.5</float>
            </index_of_refraction>
          </lambert>
        </technique>
      </profile_COMMON>
    </effect>
    <effect id="_4_64_64-effect">
      <profile_COMMON>
        <technique sid="common">
          <lambert>
            <emission>
              <color sid="emission">0 0 0 1</color>
            </emission>
            <diffuse>
              <color sid="diffuse">0.25098 0.25098 0.25098 1</color>
            </diffuse>
            <index_of_refraction>
              <float sid="ior">1.5</float>
            </index_of_refraction>
          </lambert>
        </technique>
      </profile_COMMON>
    </effect>
    <effect id="__5_5-effect">
      <profile_COMMON>
        <technique sid="common">
          <lambert>
            <emission>
              <color sid="emission">0 0 0 1</color>
            </emission>
            <diffuse>
              <color sid="diffuse">0.019608 0.019608 0.019608 1</color>
            </diffuse>
            <index_of_refraction>
              <float sid="ior">1.5</float>
            </index_of_refraction>
          </lambert>
        </technique>
      </profile_COMMON>
    </effect>
    <effect id="_78_0_0_001-effect">
      <profile_COMMON>
        <technique sid="common">
          <lambert>
            <emission>
              <color sid="emission">0 0 0 1</color>
            </emission>
            <diffuse>
              <color sid="diffuse">0.698039 0 0 1</color>
            </diffuse>
            <index_of_refraction>
              <float sid="ior">1.5</float>
            </index_of_refraction>
          </lambert>
        </technique>
      </profile_COMMON>
    </effect>
  </library_effects>
  <library_images/>
  <library_materials>
    <material id="_91_191_191-material" name="191,191,191">
      <instance_effect url="#_91_191_191-effect"/>
    </material>
    <material id="_45_245_245_001-material" name="245,245,245.001">
      <instance_effect url="#_45_245_245_001-effect"/>
    </material>
    <material id="_4_48_102-material" name="34,48,102">
      <instance_effect url="#_4_48_102-effect"/>
    </material>
    <material id="__0_0_002-material" name="0,0,0.002">
      <instance_effect url="#__0_0_002-effect"/>
    </material>
    <material id="_4_64_64-material" name="64,64,64">
      <instance_effect url="#_4_64_64-effect"/>
    </material>
    <material id="__5_5-material" name="5,5,5">
      <instance_effect url="#__5_5-effect"/>
    </material>
    <material id="_78_0_0_001-material" name="178,0,0.001">
      <instance_effect url="#_78_0_0_001-effect"/>
    </material>
  </library_materials>
  <library_geometries>
    <geometry id="EMROX-Argo_IPA-HN_V1_02_03_Simu_EMROX_IPA-HN_Plattform_V1_02_03-mesh" name="EMROX-Argo IPA-HN V1.02.03 Simu_EMROX IPA-HN Plattform V1.02.03">
      <mesh>
        <source id="EMROX-Argo_IPA-HN_V1_02_03_Simu_EMROX_IPA-HN_Plattform_V1_02_03-mesh-positions">
          <float_array id="EMROX-Argo_IPA-HN_V1_02_03_Simu_EMROX_IPA-HN_Plattform_V1_02_03-mesh-positions-array" count="2856">-249 444 267 -246.9904 444 259.5 -246.9904 444 274.5 -241.5 444 254.0096 -241.5 444 279.9904 -234 444 252 -234 444 282 -226.5 444 254.0096 -226.5 444 279.9904 -221.0096 444 259.5 -221.0096 444 274.5 -219 444 267 -317 420 30 -317 420 151 -317 420 206 -317 420 304 -249 420 267 -246.9904 420 259.5 -246.9904 420 274.5 -241.5 420 254.0096 -241.5 420 279.9904 -234 420 252 -234 420 282 -226.5 420 254.0096 -226.5 420 279.9904 -221.0096 420 259.5 -221.0096 420 274.5 -219 420 267 -180 420 30 -180 420 151 -180 420 206 -180 420 304 -170 420 30 -170 420 151 -170 420 206 -170 420 304 317 420 30 317 420 151 317 420 206 317 420 304 -325.8017 418.2492 30 -325.8017 418.2492 151 -325.8017 418.2492 206 -325.8017 418.2492 304 -317 418.2492 159.8017 -317 418.2492 312.8017 -180 418.2492 159.8017 -180 418.2492 312.8017 -170 418.2492 159.8017 -170 418.2492 312.8017 317 418.2492 159.8017 317 418.2492 312.8017 325.8017 418.2492 30 325.8017 418.2492 151 325.8017 418.2492 206 325.8017 418.2492 304 -323.9755 417.5747 158.5513 -323.9755 417.5747 311.5514 323.9755 417.5747 158.5513 324.5514 417.5747 310.9755 -180 417 30 -180 417 151 -180 417 206 -180 417 304 -170 417 30 -170 417 151 -170 417 206 -170 417 304 -180 415.4776 158.6537 -180 415.4776 311.6537 -170 415.4776 158.6537 -170 415.4776 311.6537 -320.3649 414.108 165.9999 -320.3649 414.108 318.9999 320.3649 414.108 165.9999 331.9999 414.108 307.3649 -333.2635 413.2635 30 -333.2635 413.2635 151 -333.2635 413.2635 206 -333.2635 413.2635 304 -317 413.2635 167.2635 -317 413.2635 320.2635 -180 413.2635 167.2635 -180 413.2635 320.2635 -170 413.2635 167.2635 -170 413.2635 320.2635 317 413.2635 167.2635 317 413.2635 320.2635 333.2635 413.2635 30 333.2635 413.2635 151 333.2635 413.2635 206 333.2635 413.2635 304 -332.0255 412.0255 159.8017 -332.0255 412.0255 312.8017 325.8017 412.0255 319.0255 332.0255 412.0255 159.8017 -180 411.1421 165.1421 -180 411.1421 318.1421 -170 411.1421 165.1421 -170 411.1421 318.1421 -328.5 408.5 167.2635 -328.5 408.5 320.2635 328.5 408.5 167.2635 333.2635 408.5 315.5 -338.2492 405.8017 30 -338.2492 405.8017 151 -338.2492 405.8017 206 -338.2492 405.8017 304 -317 405.8017 172.2492 -317 405.8017 325.2492 -180 405.8017 172.2492 -180 405.8017 325.2492 -170 405.8017 172.2492 -170 405.8017 325.2492 317 405.8017 172.2492 317 405.8017 325.2492 338.2492 405.8017 30 338.2492 405.8017 151 338.2492 405.8017 206 338.2492 405.8017 304 -180 404.6537 169.4776 -180 404.6537 322.4776 -170 404.6537 169.4776 -170 404.6537 322.4776 -337.5747 403.9755 158.5513 -337.5747 403.9755 311.5514 324.5514 403.9755 324.5747 337.5747 403.9755 158.5513 -323.2238 403.2238 172.2492 -323.2238 403.2238 325.2492 323.2238 403.2238 172.2492 338.2492 403.2238 310.2238 -334.108 400.3649 165.9999 -334.108 400.3649 318.9999 331.9999 400.3649 321.108 334.108 400.3649 165.9999 -340 397 30 -340 397 151 -340 397 206 -340 397 304 -338.2492 397 159.8017 -338.2492 397 312.8017 -333.2635 397 167.2635 -333.2635 397 320.2635 -325.8017 397 172.2492 -325.8017 397 325.2492 -317 397 174 -317 397 327 -297 397 327 -297 397 330 -180 397 171 -180 397 174 -180 397 324 -180 397 327 -170 397 171 -170 397 174 -170 397 324 -170 397 327 297 397 327 297 397 330 317 397 174 317 397 327 325.8017 397 172.2492 325.8017 397 325.2492 333.2635 397 167.2635 333.2635 397 320.2635 338.2492 397 159.8017 338.2492 397 312.8017 340 397 30 340 397 151 340 397 206 340 397 304 -304.6537 395.4776 327 -304.6537 395.4776 330 304.6537 395.4776 327 304.6537 395.4776 330 -311.1422 391.1421 327 -311.1422 391.1421 330 311.1422 391.1421 327 311.1422 391.1421 330 -268.2059 390.9925 206 -263.5179 390.6407 174 -276.2932 390.3619 174 -281.5247 389.0891 206 -254.9685 388.5869 206 -251.25 387.065 174 -288.3934 386.2545 174 -315.4776 384.6537 327 -315.4776 384.6537 330 315.4776 384.6537 327 315.4776 384.6537 330 -293.5583 383.0718 206 -243.171 382.119 206 -240.6252 379.9656 174 -298.6985 378.6985 174 -317 377 327 -317 377 330 317 377 327 317 377 330 -303.0718 373.5583 206 -234.024 372.2525 206 -232.6269 370 174 -180 370 171 -180 370 174 -170 370 171 -170 370 174 265 370 174 -306.2545 368.3934 174 274.5671 368.097 174 -230.7759 366.4044 174.6689 -180 365 175.3397 -170 365 175.3397 265 365 175.3397 271.1804 364.0212 175.3397 -180 363.5 172.7416 -170 363.5 172.7416 -229.447 363.1264 176.7374 282.6777 362.6777 174 -309.0891 361.5247 206 -180 361.3398 179 -170 361.3398 179 265 361.3398 179 276.7557 361.1804 175.3397 -228.7009 360.8316 180.0078 270.0493 360.54 179 -228.4661 360 184 -228.4661 360 206 -180 360 184 -180 360 206 -170 360 184 -170 360 206 265 360 184 265 360 206 -180 358.7417 177.5 -170 358.7417 177.5 274.6043 358.2192 179 272.5 357.9904 184 272.5 357.9904 206 -180 357 184 -180 357 206 -170 357 184 -170 357 206 281.1804 356.7557 175.3397 -310.3619 356.2932 174 278.2191 354.6043 179 288.097 354.5671 174 277.9904 352.5 184 277.9904 352.5 206 284.0211 351.1804 175.3397 280.5401 350.0493 179 -310.9925 348.2059 206 280 345 184 280 345 206 281.3398 345 179 285 345 175.3397 290 345 174 -310.6407 343.5179 174 -229 339 30 -229 339 123 229 339 30 229 339 123 -243.7378 336.7787 30 -243.7378 336.7787 123 -214.2622 336.7787 30 -214.2622 336.7787 123 214.2622 336.7787 30 214.2622 336.7787 123 243.7378 336.7787 30 243.7378 336.7787 123 -308.5868 334.9685 206 -307.065 331.25 174 -257.166 330.3119 30 -257.166 330.3119 123 -200.834 330.3119 30 -200.834 330.3119 123 200.834 330.3119 30 200.834 330.3119 123 257.166 330.3119 30 257.166 330.3119 123 -302.1189 323.171 206 -299.9656 320.6253 174 -268.0916 320.1745 30 -268.0916 320.1745 123 -189.9084 320.1745 30 -189.9084 320.1745 123 189.9084 320.1745 30 189.9084 320.1745 123 268.0916 320.1745 30 268.0916 320.1745 123 -292.2525 314.024 206 -290 312.6269 174 -286.4044 310.7759 174.6689 -283.1264 309.447 176.7374 -280.8316 308.701 180.0078 -280 308.4661 184 -280 308.4661 206 -275.5437 307.2671 30 -275.5437 307.2671 123 -182.4563 307.2671 30 -182.4563 307.2671 123 182.4563 307.2671 30 182.4563 307.2671 123 275.5437 307.2671 30 275.5437 307.2671 123 -278.8602 292.7365 30 -278.8602 292.7365 123 -179.1398 292.7365 30 -179.1398 292.7365 123 179.1398 292.7365 30 179.1398 292.7365 123 278.8602 292.7365 30 278.8602 292.7365 123 -277.7464 277.874 30 -277.7464 277.874 123 -180.2536 277.874 30 -180.2536 277.874 123 180.2536 277.874 30 180.2536 277.874 123 277.7464 277.874 30 277.7464 277.874 123 -272.3013 264 30 -272.3013 264 123 -185.6987 264 30 -185.6987 264 123 185.6987 264 30 185.6987 264 123 272.3013 264 30 272.3013 264 123 277 260 184 277 260 206 278.7417 260 177.5 280 260 184 280 260 206 281.3398 260 179 283.5 260 172.7416 285 260 175.3397 290 260 171 290 260 174 317 260 171 317 260 174 317 260 324 317 260 327 324.6537 260 169.4776 324.6537 260 322.4776 325.8017 260 172.2492 325.8017 260 325.2492 331.1421 260 165.1421 331.1421 260 318.1421 333.2635 260 167.2635 333.2635 260 320.2635 335.4776 260 158.6537 335.4776 260 311.6537 337 260 30 337 260 151 337 260 206 337 260 304 338.2492 260 159.8017 338.2492 260 312.8017 340 260 30 340 260 151 340 260 206 340 260 304 -263.0086 252.3474 30 -263.0086 252.3474 123 -194.9914 252.3474 30 -194.9914 252.3474 123 194.9914 252.3474 30 194.9914 252.3474 123 263.0086 252.3474 30 263.0086 252.3474 123 277 250 184 277 250 206 278.7417 250 177.5 280 250 184 280 250 206 281.3398 250 179 283.5 250 172.7416 285 250 175.3397 290 250 171 290 250 174 317 250 171 317 250 174 317 250 324 317 250 327 324.6537 250 169.4776 324.6537 250 322.4776 325.8017 250 172.2492 325.8017 250 325.2492 331.1421 250 165.1421 331.1421 250 318.1421 333.2635 250 167.2635 333.2635 250 320.2635 335.4776 250 158.6537 335.4776 250 311.6537 337 250 30 337 250 151 337 250 206 337 250 304 338.2492 250 159.8017 338.2492 250 312.8017 340 250 30 340 250 151 340 250 206 340 250 304 -250.6942 243.9515 30 -250.6942 243.9515 123 -207.3058 243.9515 30 -207.3058 243.9515 123 207.3058 243.9515 30 207.3058 243.9515 123 250.6942 243.9515 30 250.6942 243.9515 123 -236.4521 239.5585 30 -236.4521 239.5585 123 -221.5479 239.5585 30 -221.5479 239.5585 123 221.5479 239.5585 30 221.5479 239.5585 123 236.4521 239.5585 30 236.4521 239.5585 123 320 -198.3804 206 340 -198.3804 206 320 -201.1165 206.4825 340 -201.1165 206.4825 320 -203.5227 207.8716 340 -203.5227 207.8716 320 -205.3086 210 340 -205.3086 210 320 -212.2368 222 340 -212.2368 222 320 -214.0227 224.1284 340 -214.0227 224.1284 320 -216.4288 225.5175 340 -216.4288 225.5175 320 -219.165 226 340 -219.165 226 -229 -239 30 -229 -239 123 229 -239 30 229 -239 123 -243.7378 -241.2214 30 -243.7378 -241.2214 123 -214.2622 -241.2214 30 -214.2622 -241.2214 123 214.2622 -241.2214 30 214.2622 -241.2214 123 243.7378 -241.2214 30 243.7378 -241.2214 123 -257.166 -247.6881 30 -257.166 -247.6881 123 -200.834 -247.6881 30 -200.834 -247.6881 123 200.834 -247.6881 30 200.834 -247.6881 123 257.166 -247.6881 30 257.166 -247.6881 123 -340 -250 30 -340 -250 151 -340 -250 206 -340 -250 304 -338.2492 -250 159.8017 -338.2492 -250 312.8017 -337 -250 30 -337 -250 151 -337 -250 206 -337 -250 304 -335.4776 -250 158.6537 -335.4776 -250 311.6537 -333.2635 -250 167.2635 -333.2635 -250 320.2635 -331.1421 -250 165.1421 -331.1421 -250 318.1421 -325.8017 -250 172.2492 -325.8017 -250 325.2492 -324.6537 -250 169.4776 -324.6537 -250 322.4776 -317 -250 171 -317 -250 174 -317 -250 324 -317 -250 327 -290 -250 171 -290 -250 174 -285 -250 175.3397 -283.5 -250 172.7416 -281.3398 -250 179 -280 -250 184 -280 -250 206 -278.7417 -250 177.5 -277 -250 184 -277 -250 206 -268.0916 -257.8255 30 -268.0916 -257.8255 123 -189.9084 -257.8255 30 -189.9084 -257.8255 123 189.9084 -257.8255 30 189.9084 -257.8255 123 268.0916 -257.8255 30 268.0916 -257.8255 123 -340 -260 30 -340 -260 151 -340 -260 206 -340 -260 304 -338.2492 -260 159.8017 -338.2492 -260 312.8017 -337 -260 30 -337 -260 151 -337 -260 206 -337 -260 304 -335.4776 -260 158.6537 -335.4776 -260 311.6537 -333.2635 -260 167.2635 -333.2635 -260 320.2635 -331.1421 -260 165.1421 -331.1421 -260 318.1421 -325.8017 -260 172.2492 -325.8017 -260 325.2492 -324.6537 -260 169.4776 -324.6537 -260 322.4776 -317 -260 171 -317 -260 174 -317 -260 324 -317 -260 327 -290 -260 171 -290 -260 174 -285 -260 175.3397 -283.5 -260 172.7416 -281.3398 -260 179 -280 -260 184 -280 -260 206 -278.7417 -260 177.5 -277 -260 184 -277 -260 206 -275.5437 -270.733 30 -275.5437 -270.733 123 -182.4563 -270.733 30 -182.4563 -270.733 123 182.4563 -270.733 30 182.4563 -270.733 123 275.5437 -270.733 30 275.5437 -270.733 123 320 -271.835 226 340 -271.835 226 320 -274.5712 225.5175 340 -274.5712 225.5175 320 -276.9773 224.1284 340 -276.9773 224.1284 320 -278.7632 222 340 -278.7632 222 -278.8602 -285.2635 30 -278.8602 -285.2635 123 -179.1398 -285.2635 30 -179.1398 -285.2635 123 179.1398 -285.2635 30 179.1398 -285.2635 123 278.8602 -285.2635 30 278.8602 -285.2635 123 320 -285.6914 210 340 -285.6914 210 320 -287.4773 207.8716 340 -287.4773 207.8716 320 -289.8835 206.4825 340 -289.8835 206.4825 320 -292.6196 206 340 -292.6196 206 -277.7464 -300.126 30 -277.7464 -300.126 123 -180.2536 -300.126 30 -180.2536 -300.126 123 180.2536 -300.126 30 180.2536 -300.126 123 277.7464 -300.126 30 277.7464 -300.126 123 280 -308.4661 184 280 -308.4661 206 280.8316 -308.701 180.0078 283.1264 -309.447 176.7374 286.4044 -310.7759 174.6689 290 -312.6269 174 -272.3013 -314 30 -272.3013 -314 123 -185.6987 -314 30 -185.6987 -314 123 185.6987 -314 30 185.6987 -314 123 272.3013 -314 30 272.3013 -314 123 292.2525 -314.024 206 299.9656 -320.6253 174 302.1189 -323.171 206 -263.0086 -325.6526 30 -263.0086 -325.6526 123 -194.9914 -325.6526 30 -194.9914 -325.6526 123 194.9914 -325.6526 30 194.9914 -325.6526 123 263.0086 -325.6526 30 263.0086 -325.6526 123 307.065 -331.25 174 -250.6942 -334.0485 30 -250.6942 -334.0485 123 -207.3058 -334.0485 30 -207.3058 -334.0485 123 207.3058 -334.0485 30 207.3058 -334.0485 123 250.6942 -334.0485 30 250.6942 -334.0485 123 308.5868 -334.9685 206 -236.4521 -338.4416 30 -236.4521 -338.4416 123 -221.5479 -338.4416 30 -221.5479 -338.4416 123 221.5479 -338.4416 30 221.5479 -338.4416 123 236.4521 -338.4416 30 236.4521 -338.4416 123 310.6407 -343.5179 174 -290 -345 174 -285 -345 175.3397 -281.3398 -345 179 -280 -345 184 -280 -345 206 310.9925 -348.2059 206 -280.5401 -350.0493 179 -284.0211 -351.1804 175.3397 -277.9904 -352.5 184 -277.9904 -352.5 206 -288.097 -354.5671 174 -278.2191 -354.6043 179 310.3619 -356.2932 174 -281.1804 -356.7557 175.3397 170 -357 184 170 -357 206 180 -357 184 180 -357 206 -272.5 -357.9904 184 -272.5 -357.9904 206 -274.6043 -358.2192 179 170 -358.7417 177.5 180 -358.7417 177.5 -265 -360 184 -265 -360 206 170 -360 184 170 -360 206 180 -360 184 180 -360 206 228.4661 -360 184 228.4661 -360 206 -270.0493 -360.54 179 228.7009 -360.8316 180.0078 -276.7557 -361.1804 175.3397 -265 -361.3398 179 170 -361.3398 179 180 -361.3398 179 309.0891 -361.5247 206 -282.6777 -362.6777 174 229.447 -363.1264 176.7374 170 -363.5 172.7416 180 -363.5 172.7416 -271.1804 -364.0212 175.3397 -265 -365 175.3397 170 -365 175.3397 180 -365 175.3397 230.7759 -366.4044 174.6689 -274.5671 -368.097 174 306.2545 -368.3934 174 -265 -370 174 170 -370 171 170 -370 174 180 -370 171 180 -370 174 232.6269 -370 174 234.024 -372.2525 206 303.0718 -373.5583 206 -317 -377 327 -317 -377 330 317 -377 327 317 -377 330 298.6985 -378.6985 174 240.6252 -379.9656 174 243.171 -382.119 206 293.5583 -383.0718 206 -315.4776 -384.6537 327 -315.4776 -384.6537 330 315.4776 -384.6537 327 315.4776 -384.6537 330 288.3934 -386.2545 174 251.25 -387.065 174 254.9685 -388.5869 206 281.5247 -389.0891 206 276.2932 -390.3619 174 263.5179 -390.6407 174 268.2059 -390.9925 206 -311.1422 -391.1421 327 -311.1422 -391.1421 330 311.1422 -391.1421 327 311.1422 -391.1421 330 -304.6537 -395.4776 327 -304.6537 -395.4776 330 304.6537 -395.4776 327 304.6537 -395.4776 330 -340 -397 30 -340 -397 151 -340 -397 206 -340 -397 304 -338.2492 -397 159.8017 -338.2492 -397 312.8017 -333.2635 -397 167.2635 -333.2635 -397 320.2635 -325.8017 -397 172.2492 -325.8017 -397 325.2492 -317 -397 174 -317 -397 327 -297 -397 327 -297 -397 330 170 -397 171 170 -397 174 170 -397 324 170 -397 327 180 -397 171 180 -397 174 180 -397 324 180 -397 327 297 -397 327 297 -397 330 317 -397 174 317 -397 327 325.8017 -397 172.2492 325.8017 -397 325.2492 333.2635 -397 167.2635 333.2635 -397 320.2635 338.2492 -397 159.8017 338.2492 -397 312.8017 340 -397 30 340 -397 151 340 -397 206 340 -397 304 -334.108 -400.3649 165.9999 -331.9999 -400.3649 321.108 334.108 -400.3649 165.9999 334.108 -400.3649 318.9999 -338.2492 -403.2238 310.2238 -323.2238 -403.2238 172.2492 323.2238 -403.2238 172.2492 323.2238 -403.2238 325.2492 -337.5747 -403.9755 158.5513 -324.5514 -403.9755 324.5747 337.5747 -403.9755 158.5513 337.5747 -403.9755 311.5514 170 -404.6537 169.4776 170 -404.6537 322.4776 180 -404.6537 169.4776 180 -404.6537 322.4776 -338.2492 -405.8017 30 -338.2492 -405.8017 151 -338.2492 -405.8017 206 -338.2492 -405.8017 304 -317 -405.8017 172.2492 -317 -405.8017 325.2492 170 -405.8017 172.2492 170 -405.8017 325.2492 180 -405.8017 172.2492 180 -405.8017 325.2492 317 -405.8017 172.2492 317 -405.8017 325.2492 338.2492 -405.8017 30 338.2492 -405.8017 151 338.2492 -405.8017 206 338.2492 -405.8017 304 -333.2635 -408.5 315.5 -328.5 -408.5 167.2635 328.5 -408.5 167.2635 328.5 -408.5 320.2635 170 -411.1421 165.1421 170 -411.1421 318.1421 180 -411.1421 165.1421 180 -411.1421 318.1421 -332.0255 -412.0255 159.8017 -325.8017 -412.0255 319.0255 332.0255 -412.0255 159.8017 332.0255 -412.0255 312.8017 -333.2635 -413.2635 30 -333.2635 -413.2635 151 -333.2635 -413.2635 206 -333.2635 -413.2635 304 -317 -413.2635 167.2635 -317 -413.2635 320.2635 170 -413.2635 167.2635 170 -413.2635 320.2635 180 -413.2635 167.2635 180 -413.2635 320.2635 317 -413.2635 167.2635 317 -413.2635 320.2635 333.2635 -413.2635 30 333.2635 -413.2635 151 333.2635 -413.2635 206 333.2635 -413.2635 304 -331.9999 -414.108 307.3649 -320.3649 -414.108 165.9999 320.3649 -414.108 165.9999 320.3649 -414.108 318.9999 170 -415.4776 158.6537 170 -415.4776 311.6537 180 -415.4776 158.6537 180 -415.4776 311.6537 170 -417 30 170 -417 151 170 -417 206 170 -417 304 180 -417 30 180 -417 151 180 -417 206 180 -417 304 -324.5514 -417.5747 310.9755 -323.9755 -417.5747 158.5513 323.9755 -417.5747 158.5513 323.9755 -417.5747 311.5514 -325.8017 -418.2492 30 -325.8017 -418.2492 151 -325.8017 -418.2492 206 -325.8017 -418.2492 304 -317 -418.2492 159.8017 -317 -418.2492 312.8017 170 -418.2492 159.8017 170 -418.2492 312.8017 180 -418.2492 159.8017 180 -418.2492 312.8017 317 -418.2492 159.8017 317 -418.2492 312.8017 325.8017 -418.2492 30 325.8017 -418.2492 151 325.8017 -418.2492 206 325.8017 -418.2492 304 -317 -420 30 -317 -420 151 -317 -420 206 -317 -420 304 -131 -420 268 -128.9904 -420 260.5 -128.9904 -420 275.5 -123.5 -420 255.0096 -123.5 -420 280.9904 -116 -420 253 -116 -420 283 -108.5 -420 255.0096 -108.5 -420 280.9904 -103.0096 -420 260.5 -103.0096 -420 275.5 -101 -420 268 -100 -420 220 -100 -420 273 -99.19615 -420 217 -99.19615 -420 276 -97 -420 214.8038 -97 -420 278.1961 -94 -420 214 -94 -420 279 94 -420 214 94 -420 279 97 -420 214.8038 97 -420 278.1961 99.19615 -420 217 99.19615 -420 276 100 -420 220 100 -420 273 101.5 -420 268 103.4426 -420 260.75 103.4426 -420 275.25 108.75 -420 255.4426 108.75 -420 280.5574 116 -420 253.5 116 -420 282.5 123.25 -420 255.4426 123.25 -420 280.5574 128.5574 -420 260.75 128.5574 -420 275.25 130.5 -420 268 170 -420 30 170 -420 151 170 -420 206 170 -420 304 180 -420 30 180 -420 151 180 -420 206 180 -420 304 219 -420 267 221.0096 -420 259.5 221.0096 -420 274.5 226.5 -420 254.0096 226.5 -420 279.9904 234 -420 252 234 -420 282 241.5 -420 254.0096 241.5 -420 279.9904 246.9904 -420 259.5 246.9904 -420 274.5 249 -420 267 317 -420 30 317 -420 151 317 -420 206 317 -420 304 -100 -423 220 -100 -423 273 -99.19615 -423 217 -99.19615 -423 276 -97 -423 214.8038 -97 -423 278.1961 -94 -423 214 -94 -423 279 94 -423 214 94 -423 279 97 -423 214.8038 97 -423 278.1961 99.19615 -423 217 99.19615 -423 276 100 -423 220 100 -423 273 -131 -438 268 -128.9904 -438 260.5 -128.9904 -438 275.5 -123.5 -438 255.0096 -123.5 -438 280.9904 -116 -438 253 -116 -438 283 -108.5 -438 255.0096 -108.5 -438 280.9904 -103.0096 -438 260.5 -103.0096 -438 275.5 -101 -438 268 101.5 -438 268 103.4426 -438 260.75 103.4426 -438 275.25 108.75 -438 255.4426 108.75 -438 280.5574 116 -438 253.5 116 -438 282.5 123.25 -438 255.4426 123.25 -438 280.5574 128.5574 -438 260.75 128.5574 -438 275.25 130.5 -438 268 219 -444 267 221.0096 -444 259.5 221.0096 -444 274.5 226.5 -444 254.0096 226.5 -444 279.9904 234 -444 252 234 -444 282 241.5 -444 254.0096 241.5 -444 279.9904 246.9904 -444 259.5 246.9904 -444 274.5 249 -444 267</float_array>
          <technique_common>
            <accessor source="#EMROX-Argo_IPA-HN_V1_02_03_Simu_EMROX_IPA-HN_Plattform_V1_02_03-mesh-positions-array" count="952" stride="3">
              <param name="X" type="float"/>
              <param name="Y" type="float"/>
              <param name="Z" type="float"/>
            </accessor>
          </technique_common>
        </source>
        <source id="EMROX-Argo_IPA-HN_V1_02_03_Simu_EMROX_IPA-HN_Plattform_V1_02_03-mesh-normals">
          <float_array id="EMROX-Argo_IPA-HN_V1_02_03_Simu_EMROX_IPA-HN_Plattform_V1_02_03-mesh-normals-array" count="8658">-0.2947243 -0.9555824 -3.46638e-6 -3.15458e-5 -1 -6.60978e-6 -3.15458e-5 -1 0 3.15607e-5 -1 6.60978e-6 3.15607e-5 -1 0 0.2947243 -0.9555824 3.46638e-6 3.15458e-5 -1 -3.46638e-6 0.2947243 -0.9555824 -6.60978e-6 0.2947243 -0.9555824 0 0.2947873 -0.955563 6.60978e-6 0.2947872 -0.955563 0 0.563295 -0.8262559 3.45707e-6 0.2947849 -0.9555637 -3.45893e-6 0.563293 -0.8262572 -6.60978e-6 0.563293 -0.8262572 0 0.5633466 -0.8262208 6.60978e-6 0.5633466 -0.8262208 0 0.7818116 -0.6235147 3.45893e-6 0.5633466 -0.8262208 -3.4608e-6 0.7818117 -0.6235147 -6.60978e-6 0.7818117 -0.6235147 0 0.7818524 -0.6234636 6.60978e-6 0.7818526 -0.6234636 0 0.9308627 -0.3653693 3.45893e-6 0.7818524 -0.6234636 -3.43844e-6 0.9308627 -0.3653693 -6.60978e-6 0.9308627 -0.3653693 0 0.9308848 -0.365313 6.60978e-6 0.9308848 -0.365313 0 0.9972013 -0.07476383 3.4608e-6 0.9308845 -0.3653136 -3.4608e-6 0.9972013 -0.07476437 -6.60978e-6 0.9972013 -0.07476437 0 0.9972062 -0.07469791 6.60978e-6 0.9972062 -0.07469791 0 0.974935 0.2224901 3.45521e-6 0.9972062 -0.07469767 -3.45707e-6 0.9749349 0.2224903 -6.60978e-6 0.9749349 0.2224903 0 0.974921 0.2225514 6.60978e-6 0.974921 0.2225514 0 0.8660418 0.4999718 3.45707e-6 0.9749208 0.2225524 -3.45707e-6 0.8660413 0.4999727 -6.60978e-6 0.8660413 0.4999727 0 0.8660095 0.5000276 6.60978e-6 0.8660095 0.5000277 0 0.6801962 0.7330302 3.45148e-6 0.8660095 0.5000276 -3.45148e-6 0.6801962 0.7330301 -6.60978e-6 0.6801962 0.7330301 0 0.6801503 0.7330728 6.60978e-6 0.6801503 0.7330728 0 0.4339137 0.9009545 3.46638e-6 0.6801502 0.7330728 -3.46638e-6 0.4339137 0.9009545 -6.60978e-6 0.4339137 0.9009545 0 0.4338527 0.9009839 6.60978e-6 0.4338529 0.9009838 0 0.1490715 0.9888264 3.45334e-6 0.4338551 0.9009827 -3.45334e-6 0.149074 0.9888261 -6.60978e-6 0.149074 0.9888261 0 0.1490107 0.9888357 6.60978e-6 0.1490107 0.9888357 0 -0.1490107 0.9888357 3.44962e-6 0.1490107 0.9888357 -3.44962e-6 -0.1490107 0.9888357 -6.60978e-6 -0.1490107 0.9888357 0 -0.1490743 0.988826 6.60978e-6 -0.1490743 0.988826 0 -0.4338554 0.9009826 3.46452e-6 -0.1490717 0.9888264 -3.46825e-6 -0.433853 0.9009838 -6.60978e-6 -0.433853 0.9009836 0 -0.4339137 0.9009545 6.60978e-6 -0.4339137 0.9009545 0 -0.6801502 0.7330728 3.46638e-6 -0.4339137 0.9009545 -3.46638e-6 -0.6801503 0.7330728 -6.60978e-6 -0.6801503 0.7330728 0 -0.6801962 0.7330302 6.60978e-6 -0.6801962 0.7330302 0 -0.8660095 0.5000277 3.45148e-6 -0.6801962 0.7330301 -3.45148e-6 -0.8660095 0.5000276 -6.60978e-6 -0.8660095 0.5000276 0 -0.8660413 0.4999727 6.60978e-6 -0.8660413 0.4999727 0 -0.9749208 0.2225524 3.45707e-6 -0.8660418 0.4999718 -3.45707e-6 -0.974921 0.2225514 -6.60978e-6 -0.974921 0.2225514 0 -0.9749349 0.2224903 6.60978e-6 -0.9749349 0.2224903 0 -0.9972062 -0.07469767 3.45707e-6 -0.974935 0.2224901 -3.45521e-6 -0.9972062 -0.07469791 -6.60978e-6 -0.9972062 -0.07469791 0 -0.9972015 -0.0747624 6.68084e-6 -0.9972015 -0.0747624 0 -0.9308853 -0.3653117 3.44962e-6 -0.9972015 -0.0747618 -3.44962e-6 -0.9308856 -0.3653112 -6.68084e-6 -0.9308856 -0.3653112 0 -0.9308624 -0.36537 6.60978e-6 -0.9308624 -0.36537 0 -0.781852 -0.6234643 3.45334e-6 -0.9308624 -0.3653701 -3.45521e-6 -0.7818518 -0.6234643 -6.60978e-6 -0.7818519 -0.6234643 0 -0.7818112 -0.6235153 6.60978e-6 -0.7818112 -0.6235153 0 -0.563346 -0.8262212 3.45893e-6 -0.7818112 -0.6235152 -3.45893e-6 -0.563346 -0.8262212 -6.60978e-6 -0.563346 -0.8262212 0 -0.563293 -0.8262572 6.60978e-6 -0.563293 -0.8262572 0 -0.2947849 -0.9555637 3.45707e-6 -0.563295 -0.8262559 -3.45893e-6 -0.2947873 -0.955563 -6.60978e-6 -0.2947872 -0.955563 0 -0.2947243 -0.9555824 6.60978e-6 -0.2947243 -0.9555824 0 -3.15607e-5 -1 3.46638e-6 0 0 -1 0 2.41928e-7 -1 0 6.09579e-7 -1 0 -1.44397e-6 -1 0 1.6849e-7 -1 0 7.00088e-7 -1 0 0 -1 0 -1.8482e-6 -1 0 1.71007e-6 -1 0 -6.70199e-7 -1 -0.2947217 -0.9555832 -3.45893e-6 -2.87592e-5 -1 -6.60978e-6 -2.88635e-5 -1 0 2.87741e-5 -1 6.60978e-6 2.88785e-5 -1 0 0.2947217 -0.9555832 3.45893e-6 3.41386e-5 -1 -3.4608e-6 0.2947269 -0.9555816 -6.60978e-6 0.2947268 -0.9555816 0 0.2947873 -0.955563 6.60978e-6 0.2947873 -0.9555629 0 0.5632951 -0.8262558 3.43658e-6 0.2947874 -0.955563 -3.44217e-6 0.5632951 -0.8262559 -6.60978e-6 0.5632951 -0.8262559 0 0.5633466 -0.8262208 6.60978e-6 0.5633466 -0.8262208 0 0.7818117 -0.6235147 3.45707e-6 0.5633466 -0.8262208 -3.45707e-6 0.7818117 -0.6235147 -6.60978e-6 0.7818516 -0.6234647 6.68084e-6 0.7818516 -0.6234648 0 0.9308621 -0.3653706 3.44403e-6 0.7818515 -0.6234648 -3.44403e-6 0.9308621 -0.3653706 -6.68084e-6 0.9308621 -0.3653706 0 0.930885 -0.3653125 6.60978e-6 0.930885 -0.3653125 0 0.9972013 -0.07476317 3.45148e-6 0.9308845 -0.3653135 -3.45334e-6 0.9972013 -0.07476437 0 0.6801503 0.7330728 6.60978e-6 0.4339137 0.9009545 3.45334e-6 0.6801487 0.7330743 -3.45334e-6 0.4339117 0.9009555 -6.60978e-6 0.4339117 0.9009555 0 0.4338552 0.9009827 6.60978e-6 0.4338551 0.9009827 0 0.149074 0.9888261 3.46452e-6 0.4338528 0.9009838 -3.46452e-6 0.1490714 0.9888265 -6.60978e-6 0.1490714 0.9888265 0 -0.1490717 0.9888265 6.60978e-6 -0.1490718 0.9888265 0 -0.4338531 0.9009837 3.45707e-6 -0.1490742 0.9888261 -3.45707e-6 -0.4338554 0.9009826 -6.60978e-6 -0.4338554 0.9009826 0 -0.4339117 0.9009555 6.60978e-6 -0.4339117 0.9009555 0 -0.6801487 0.7330743 3.45334e-6 -0.4339137 0.9009545 -3.45334e-6 -0.6801503 0.7330728 -6.60978e-6 -0.9972015 -0.0747624 6.60978e-6 -0.9972015 -0.0747624 0 -0.9308853 -0.3653117 3.45893e-6 -0.9972016 -0.07476121 -3.4608e-6 -0.9308858 -0.3653106 -6.60978e-6 -0.9308858 -0.3653106 0 -0.9308619 -0.3653714 6.60978e-6 -0.9308619 -0.3653714 0 -0.7818511 -0.6234654 3.46079e-6 -0.9308618 -0.3653715 -3.46079e-6 -0.7818509 -0.6234654 -6.60978e-6 -0.7818509 -0.6234654 0 -0.7818112 -0.6235153 6.60978e-6 -0.7818112 -0.6235153 0 -0.563346 -0.8262212 3.46266e-6 -0.7818114 -0.6235152 -3.45893e-6 -0.563346 -0.8262212 -6.60978e-6 -0.5632951 -0.8262559 6.60978e-6 -0.5632951 -0.8262559 0 -0.2947873 -0.955563 3.43658e-6 -0.5632951 -0.8262558 -3.43658e-6 -0.2947874 -0.9555629 -6.60978e-6 -0.2947874 -0.9555629 0 -0.2947269 -0.9555816 6.60978e-6 -0.2947268 -0.9555816 0 -3.41684e-5 -1 3.46266e-6 0 2.41928e-7 -1 0 6.09579e-7 -1 0 -1.44397e-6 -1 0 1.6849e-7 -1 0 7.00086e-7 -1 0 1.71008e-6 -1 0.563346 -0.8262212 6.60978e-6 0.563346 -0.8262212 0 0.7818113 -0.6235153 3.45893e-6 0.563346 -0.8262212 -3.45893e-6 0.7818113 -0.6235153 -6.60978e-6 0.7818114 -0.6235152 0 0.7818511 -0.6234654 6.60978e-6 0.7818509 -0.6234654 0 0.9308618 -0.3653714 3.46079e-6 0.7818509 -0.6234654 -3.46079e-6 0.9308618 -0.3653715 -6.60978e-6 0.9308618 -0.3653715 0 0.9308858 -0.3653106 6.60978e-6 0.9308858 -0.3653106 0 0.9972016 -0.07476121 3.4608e-6 0.9308853 -0.3653117 -3.45893e-6 0.9972015 -0.0747624 -6.60978e-6 0.9972015 -0.0747624 0 0.4338554 0.9009826 6.60978e-6 0.4338554 0.9009826 0 0.1490743 0.988826 3.45707e-6 0.433853 0.9009836 -3.45707e-6 0.1490716 0.9888265 -6.60978e-6 0.1490717 0.9888265 0 -0.1490714 0.9888265 6.60978e-6 -0.1490714 0.9888265 0 -0.4338528 0.9009838 3.46452e-6 -0.149074 0.9888261 -3.46452e-6 -0.4338552 0.9009827 -6.60978e-6 -0.4338551 0.9009827 0 -0.9972013 -0.07476437 6.60978e-6 -0.9972013 -0.07476437 0 -0.9308845 -0.3653135 3.45334e-6 -0.9972013 -0.07476317 -3.45148e-6 -0.930885 -0.3653125 -6.60978e-6 -0.930885 -0.3653125 0 -0.9308621 -0.3653706 6.68084e-6 -0.9308622 -0.3653706 0 -0.7818516 -0.6234648 3.44403e-6 -0.9308621 -0.3653706 -3.44403e-6 -0.7818516 -0.6234648 -6.68084e-6 -0.7818516 -0.6234648 0 -0.7818117 -0.6235147 6.60978e-6 -0.7818117 -0.6235147 0 -0.5633466 -0.8262208 3.45893e-6 -0.7818117 -0.6235147 -3.45707e-6 -0.5633466 -0.8262208 -6.60978e-6 -0.5633466 -0.8262208 0 0 2.41928e-7 -1 0 6.09578e-7 -1 0 -1.44397e-6 -1 0 3.3698e-7 -1 0 4.94179e-7 -1 0 -1.8482e-6 -1 0 1.71008e-6 -1 0 3.72873e-6 -1 0 -6.40428e-7 -1 0.563346 -0.8262212 6.60978e-6 0.7818112 -0.6235153 3.45893e-6 0.7818113 -0.6235153 -6.60978e-6 0.7818113 -0.6235153 0 0.781852 -0.6234642 6.60978e-6 0.7818519 -0.6234642 0 0.9308624 -0.36537 3.45334e-6 0.7818518 -0.6234643 -3.45521e-6 0.9308624 -0.3653701 -6.60978e-6 0.9308624 -0.3653701 0 0.9308856 -0.3653112 6.68084e-6 0.9308856 -0.3653112 0 0.9972015 -0.0747618 3.44962e-6 0.9308853 -0.3653117 -3.44962e-6 0.9972015 -0.0747624 -6.68084e-6 0.9972015 -0.0747624 0 0.433853 0.9009838 6.60978e-6 0.4338532 0.9009837 0 0.1490718 0.9888264 3.46825e-6 0.4338554 0.9009826 -3.46638e-6 0.1490743 0.988826 -6.60978e-6 0.1490743 0.988826 0 -0.149074 0.9888261 6.60978e-6 -0.149074 0.9888261 0 -0.4338551 0.9009827 3.45334e-6 -0.1490715 0.9888264 -3.45334e-6 -0.4338527 0.9009839 -6.60978e-6 -0.4338529 0.9009838 0 -0.9972013 -0.07476437 0 -0.9308845 -0.3653136 3.4608e-6 -0.9972013 -0.07476383 -3.4608e-6 -0.9308848 -0.365313 -6.60978e-6 -0.9308848 -0.365313 0 -0.9308627 -0.3653693 6.60978e-6 -0.9308627 -0.3653693 0 -0.7818524 -0.6234636 3.45893e-6 -0.9308627 -0.3653693 -3.44031e-6 -0.7818524 -0.6234636 -6.60978e-6 -0.7818524 -0.6234636 0 -0.7818117 -0.6235148 6.60978e-6 -0.7818117 -0.6235147 0 -0.7818117 -0.6235147 -3.46079e-6 -0.5633465 -0.8262208 -6.60978e-6 0 3.36979e-7 -1 0 4.94179e-7 -1 0 1.71007e-6 -1 0 3.72872e-6 -1 0 -6.40425e-7 -1 0 -1.38088e-7 -1 0 0 -1 0 1.61848e-7 -1 0 -4.14667e-7 -1 0 0 -1 0 0 -1 0 0 -1 0 0 -1 0 0 -1 0 -2.3574e-7 -1 0 0 -1 0 0 -1 0 0 -1 0 -1.2228e-7 -1 0 2.69389e-7 -1 0 -3.99242e-7 -1 0 5.09627e-7 -1 0 -2.67048e-7 -1 0 0 -1 0 -3.90495e-7 -1 0 1.42142e-7 -1 0 2.95485e-7 -1 0 1.35548e-7 -1 0 -1.65804e-7 -1 0 0 -1 0 0 -1 0 0 -1 0 0 -1 0 0 -1 0 3.0804e-7 -1 0 0 -1 0 2.51578e-7 -1 0 0 -1 0 0 -1 0 0 -1 0 -1.288e-7 -1 0 -1.31458e-7 -1 0 1.46023e-7 -1 0 4.0169e-7 -1 0 0 -1 0 0 -1 0 1.33269e-7 -1 8.33294e-6 -4.24832e-5 -1 3.70853e-6 -4.24087e-5 -1 -3.75151e-6 -0.34199 -0.9397037 -3.70853e-6 -0.34199 -0.9397037 3.75151e-6 -4.24832e-5 -1 -8.33294e-6 -0.34199 -0.9397037 -9.44501e-6 -0.3420498 -0.9396818 -8.29363e-6 -0.3420495 -0.939682 -1.77696e-6 -0.6427544 -0.7660723 -8.33295e-6 -0.8660061 -0.5000335 -3.57069e-6 -0.8660061 -0.5000336 3.58594e-6 -0.6428151 -0.7660214 3.57255e-6 -0.642815 -0.7660216 -3.58595e-6 -0.8660061 -0.5000334 8.33293e-6 -0.6428151 -0.7660214 9.44501e-6 -0.6427547 -0.7660722 8.29361e-6 -0.6427545 -0.7660723 1.77883e-6 -0.3420495 -0.939682 0 -0.8660249 -0.5000011 0 -0.8660265 -0.4999982 0 -0.8660047 -0.5000358 1.00341e-5 -0.8660046 -0.5000361 0 -0.6428131 -0.7660231 -1.00341e-5 -0.6428214 -0.7660161 0 -0.8660101 -0.5000267 0 -0.6428212 -0.7660163 -4.3855e-6 -0.6427522 -0.7660742 0 -0.6427526 -0.766074 5.55068e-6 -0.3420473 -0.9396829 0 -4.01586e-5 -1 -1.02483e-5 -4.04567e-5 -1 0 -0.3419878 -0.9397045 1.02483e-5 -0.341972 -0.9397102 0 -2.38866e-5 -1 0 -0.3419724 -0.93971 4.3855e-6 -0.3420619 -0.9396775 0 -0.3420616 -0.9396776 -5.55068e-6 -0.6427643 -0.7660641 0 4.01586e-5 -1 1.02483e-5 4.04567e-5 -1 0 0.3419878 -0.9397045 -1.02483e-5 0.341972 -0.9397102 0 2.38866e-5 -1 0 0.3419724 -0.93971 -4.30272e-6 0.342064 -0.9396767 0 0.3420637 -0.9396768 5.54137e-6 0.642766 -0.7660626 0 0.8660005 -0.5000432 -1.01607e-5 0.8660005 -0.5000434 0 0.6428066 -0.7660285 1.01626e-5 0.6428149 -0.7660216 0 0.8660058 -0.5000339 0 0.6428148 -0.7660217 4.30272e-6 0.6427547 -0.766072 0 0.6427551 -0.7660718 -5.53764e-6 0.3420504 -0.9396817 0 0.8660265 -0.4999982 0 0.8660256 -0.4999997 8.33295e-6 0.8660103 -0.5000262 3.65265e-6 0.8660103 -0.5000263 -3.66872e-6 0.6428216 -0.7660159 -3.65265e-6 0.6428215 -0.7660161 3.66873e-6 0.8660104 -0.5000262 -8.33293e-6 0.6428216 -0.766016 -9.38292e-6 0.6427504 -0.7660756 -8.2936e-6 0.6427503 -0.7660758 -1.92039e-6 0.3420444 -0.9396838 -8.33294e-6 4.24832e-5 -1 -3.70853e-6 4.24087e-5 -1 3.75151e-6 0.34199 -0.9397037 3.70853e-6 0.34199 -0.9397037 -3.75151e-6 4.24832e-5 -1 8.33294e-6 0.34199 -0.9397037 9.38292e-6 0.3420447 -0.9396838 8.29363e-6 0.3420444 -0.9396839 1.91852e-6 0.6427502 -0.7660758 1 0 0 1 0 -2.44655e-6 1 0 -8.50069e-6 1 0 -7.46612e-7 1 0 -3.96605e-5 1 0 2.05077e-5 1 0 -9.50831e-7 1 0 6.19229e-7 1 0 -5.82911e-5 1 0 3.51386e-5 1 0 -2.04468e-6 1 0 8.16742e-6 1 0 -3.21154e-5 3.96222e-5 -9.3619e-6 1 3.96371e-5 1.3195e-5 1 0.3826425 -7.40968e-5 0.9238966 0.3826449 -1.3195e-5 0.9238955 4.22299e-5 1.01083e-5 1 0.3826449 9.3619e-6 0.9238955 0.3827233 -9.3619e-6 0.923863 0.3827233 1.33291e-5 0.923863 0.707078 -1.02478e-5 0.7071357 0.7070825 -1.33142e-5 0.7071311 0.3827294 7.42362e-5 0.9238605 0.7070826 9.36191e-6 0.707131 0.7071337 -9.3619e-6 0.7070799 0.7071337 1.33142e-5 0.7070799 0.923862 -1.02478e-5 0.3827259 0.9238634 -1.33142e-5 0.3827225 0.7071363 1.02478e-5 0.7070773 0.9238635 9.36191e-6 0.3827225 0.9238954 -9.3619e-6 0.3826453 0.9238954 1.3195e-5 0.3826452 1 -7.40968e-5 4.26024e-5 1 -1.3195e-5 4.31389e-5 0.9238951 1.01083e-5 0.3826459 1 9.36189e-6 4.31687e-5 1 0 5.97537e-5 1 -5.13345e-6 5.99325e-5 0.8660516 0 0.4999548 0.8660548 5.11855e-6 0.4999493 1 0 5.34505e-5 0.8660547 0 0.4999493 0.8659976 0 0.5000483 0.8659975 -5.31226e-6 0.5000483 0.5000486 0 0.8659973 0.5000527 5.30481e-6 0.8659951 0.8659998 0 0.5000444 0.5000526 0 0.8659951 0.4999492 0 0.8660548 0.4999492 -5.10365e-6 0.8660548 5.3212e-5 0 1 5.40167e-5 5.0962e-6 1 0.4999499 0 0.8660544 5.40316e-5 0 1 0 0 1 0.3827208 -9.36191e-6 0.9238641 0.3827209 1.32099e-5 0.923864 0.7070761 -1.02478e-5 0.7071376 0.7070807 -1.32173e-5 0.7071329 0.382727 1.02013e-5 0.9238616 0.7070807 9.36191e-6 0.7071329 0.9238957 -9.3619e-6 0.3826447 0.9238957 1.31801e-5 0.3826447 1 -7.41899e-5 4.19766e-5 1 -1.31801e-5 4.25354e-5 0.9238954 1.02013e-5 0.3826453 1 9.36189e-6 4.25726e-5 1 9.36191e-6 3.64482e-5 1 -2.99211e-6 3.67016e-5 0.9238978 1.02943e-5 0.3826397 0.9238936 2.99234e-6 0.3826497 1 -1.02943e-5 4.76539e-5 0.9238934 -9.36192e-6 0.38265 0.9238641 9.3619e-6 0.3827207 0.9238641 -2.98419e-6 0.3827207 0.7071376 1.02943e-5 0.707076 0.7071409 2.98466e-6 0.7070728 0.923866 -1.02943e-5 0.3827163 0.7071411 -9.36189e-6 0.7070726 0.7070729 9.36189e-6 0.7071408 0.707073 -2.99187e-6 0.7071407 0.3827167 1.02943e-5 0.9238658 0.3827195 2.99187e-6 0.9238647 0.7070751 -1.02943e-5 0.7071384 0.3827196 -9.3619e-6 0.9238647 0.3826468 6.26943e-6 0.9238947 0.3826467 -1.75999e-5 0.9238947 4.42117e-5 9.49204e-6 1 4.40925e-5 1.75999e-5 1 0.3826466 -1.12709e-5 0.9238948 4.40776e-5 -9.3619e-6 1 4.35561e-5 -6.26943e-6 1 4.35263e-5 9.31772e-6 1 0.3826462 -6.11693e-6 0.923895 1 0 4.91738e-5 1 -2.43057e-5 4.85033e-5 0.8660568 0 0.4999458 0.8660487 2.42405e-5 0.4999599 1 0 6.4835e-5 0.8660489 0 0.4999594 0.8660013 0 0.5000417 0.8660016 -2.42442e-5 0.5000414 0.5000551 0 0.8659936 0.500045 2.42442e-5 0.8659995 0.8659957 0 0.5000516 0.5000454 0 0.8659994 0.4999501 0 0.8660542 0.4999501 -2.42312e-5 0.8660543 5.42402e-5 0 1 5.42402e-5 2.42312e-5 1 0.4999501 0 0.8660542 5.42402e-5 0 1 4.14401e-5 -9.3619e-6 1 4.14848e-5 -1.23866e-7 1 0.3826442 -5.82997e-6 0.9238958 0.3826465 1.23866e-7 0.9238948 4.39882e-5 5.82997e-6 1 0.3826466 9.3619e-6 0.9238948 0.3827215 -9.36189e-6 0.9238638 0.3827214 0 0.9238638 0.7070766 -5.82997e-6 0.707137 0.707074 0 0.7071396 0.382718 5.82997e-6 0.9238653 0.7070739 9.36189e-6 0.7071396 0.7071381 -9.3619e-6 0.7070755 0.7071381 -1.63913e-7 0.7070755 0.9238644 -5.82997e-6 0.3827201 0.9238644 1.63913e-7 0.3827199 0.7071382 5.82997e-6 0.7070754 0.9238644 9.3619e-6 0.3827199 0.9238944 -9.36191e-6 0.3826475 0.9238945 -1.27591e-7 0.3826473 1 -5.82996e-6 4.5076e-5 1 1.2666e-7 3.85493e-5 0.923897 5.82997e-6 0.3826415 1 9.36191e-6 3.84152e-5 -9.36189e-6 -4.25577e-5 1 1.3195e-5 -4.2513e-5 1 -1.01083e-5 -0.3826453 0.9238954 -1.3195e-5 -0.3826457 0.9238951 1.01083e-5 -4.32432e-5 1 9.3619e-6 -0.3826459 0.9238952 -9.36191e-6 -0.3827207 0.9238641 1.33216e-5 -0.3827208 0.9238641 -1.02478e-5 -0.707076 0.7071377 -1.33216e-5 -0.7070812 0.7071324 1.02478e-5 -0.3827276 0.9238612 9.36191e-6 -0.7070813 0.7071324 -9.3619e-6 -0.7071329 0.7070807 1.33216e-5 -0.7071331 0.7070806 -1.02478e-5 -0.9238616 0.3827268 -1.33142e-5 -0.9238625 0.3827246 1.02478e-5 -0.7071346 0.707079 9.3619e-6 -0.9238625 0.3827246 -9.3619e-6 -0.9238955 0.3826449 1.3195e-5 -0.9238955 0.3826449 -1.01083e-5 -1 4.22299e-5 -1.3195e-5 -1 3.96371e-5 7.40968e-5 -0.9238966 0.3826425 9.3619e-6 -1 3.96222e-5 0 -1 6.0156e-5 -5.26011e-6 -1 6.01709e-5 0 -0.8660513 0.4999552 5.26011e-6 -0.8660513 0.4999552 0 -1 6.0156e-5 0 -0.8660513 0.4999552 0 -0.8660001 0.5000441 -4.99934e-6 -0.8660001 0.5000441 0 -0.5000529 0.865995 4.99189e-6 -0.5000529 0.8659949 0 -0.8660001 0.5000441 0 -0.5000529 0.865995 0 -0.4999492 0.8660548 -5.10365e-6 -0.4999492 0.8660548 0 -5.3212e-5 1 5.10365e-6 -5.31822e-5 1 0 -0.4999492 0.8660548 0 -5.31822e-5 1 -1.31875e-5 -0.3826429 0.9238963 1.01083e-5 -3.98904e-5 1 9.3619e-6 -0.3826429 0.9238964 -9.36191e-6 -0.3827208 0.9238641 1.32099e-5 -0.3827209 0.923864 -1.02478e-5 -0.7070761 0.7071376 -1.32099e-5 -0.7070794 0.7071343 1.02013e-5 -0.3827252 0.9238623 9.3619e-6 -0.7070793 0.7071343 -9.36189e-6 -0.7071356 0.707078 1.33142e-5 -0.7071356 0.707078 -1.02478e-5 -0.9238631 0.3827233 -1.33142e-5 -0.9238619 0.3827263 1.02478e-5 -0.7071333 0.7070804 9.36189e-6 -0.9238618 0.3827263 -9.3619e-6 -0.923896 0.3826438 1.31875e-5 -0.923896 0.3826438 -1.02013e-5 -1 4.09335e-5 -1.31875e-5 -1 4.02927e-5 1.02013e-5 -0.9238963 0.3826432 9.3619e-6 -1 4.02927e-5 0 -1 0 9.3619e-6 -1 3.95924e-5 4.67035e-6 -1 3.96371e-5 6.53542e-5 -0.9238966 0.3826425 -4.67012e-6 -0.9238954 0.3826452 -6.53542e-5 -1 4.26024e-5 -9.3619e-6 -0.9238954 0.3826453 9.3619e-6 -0.923865 0.3827189 4.68013e-6 -0.9238649 0.3827189 9.0387e-6 -0.707139 0.7070746 -4.68013e-6 -0.7071361 0.7070775 -9.03869e-6 -0.9238632 0.3827227 -9.36191e-6 -0.707136 0.7070776 9.36192e-6 -0.7070794 0.7071343 4.67035e-6 -0.7070791 0.7071346 9.03868e-6 -0.3827251 0.9238623 -4.66988e-6 -0.3827137 0.9238671 -9.03869e-6 -0.7070704 0.7071432 -9.36192e-6 -0.3827134 0.9238672 6.26942e-6 -0.3826444 0.9238958 3.78885e-6 -0.3826444 0.9238958 9.09716e-6 -4.16189e-5 1 -3.78885e-6 -4.52697e-5 1 1.51756e-6 -0.3826478 0.9238944 -9.3619e-6 -4.53591e-5 1 -6.26943e-6 -4.3273e-5 1 9.31772e-6 -4.32283e-5 1 -6.12438e-6 -0.3826459 0.9238951 -3.79959e-7 -1 4.48078e-5 -1.6164e-5 -1 4.47929e-5 -1.31978e-5 -0.9168668 0.3991934 2.81725e-6 -0.9168729 0.3991795 1.78185e-5 -1 4.9486e-5 -5.54696e-6 -0.8660503 0.499957 4.43729e-6 -0.916846 0.3992412 -1.01598e-5 -0.8660153 0.5000177 -1.63056e-5 -0.6874055 0.7262738 2.64938e-6 -0.6873943 0.7262844 1.73119e-5 -0.8660026 0.5000397 -1.51014e-5 -0.5000407 0.866002 2.68687e-6 -0.6873628 0.7263143 -1.38418e-6 -0.5000254 0.8660109 1.93715e-7 -0.3596045 0.9331048 3.07267e-6 -0.3595471 0.933127 1.78157e-5 -0.49998 0.866037 -2.17743e-6 -6.17951e-5 1 9.7137e-6 -0.359544 0.9331282 1.17732e-5 -4.46439e-5 1 -7.23451e-6 -4.3977e-5 1 0 0 1 0 0 1 0 1.26954e-6 1 0 -4.93163e-7 1 0 1.49375e-6 1 0 -1.97266e-6 1 0 -1.19797e-6 1 -9.36189e-6 -4.4927e-5 1 -1.23866e-7 -4.48227e-5 1 -5.82997e-6 -0.3826475 0.9238945 1.22003e-7 -0.3826444 0.9238957 5.82997e-6 -4.15891e-5 1 9.3619e-6 -0.3826444 0.9238957 -9.3619e-6 -0.3827181 0.9238652 0 -0.3827182 0.9238652 -6.27035e-5 -0.7070741 0.7071396 0 -0.707076 0.7071377 5.82997e-6 -0.3827208 0.9238641 9.3619e-6 -0.707076 0.7071376 -9.3619e-6 -0.7071381 0.7070754 -1.62981e-7 -0.7071381 0.7070754 -5.82997e-6 -0.9238644 0.38272 1.62981e-7 -0.9238644 0.3827202 5.82997e-6 -0.707138 0.7070755 9.3619e-6 -0.9238644 0.3827201 -9.3619e-6 -0.923896 0.3826438 -1.27591e-7 -0.923896 0.3826438 -5.82997e-6 -1 4.10229e-5 1.27591e-7 -1 4.09931e-5 5.82997e-6 -0.923896 0.3826438 9.3619e-6 -1 4.10229e-5 -3.96222e-5 9.3619e-6 1 -3.96371e-5 -1.3195e-5 1 -0.3826425 7.40968e-5 0.9238966 -0.3826449 1.3195e-5 0.9238955 -4.22299e-5 -1.01083e-5 1 -0.3826449 -9.3619e-6 0.9238955 -0.3827233 9.3619e-6 0.923863 -0.3827233 -1.33291e-5 0.923863 -0.707078 1.02478e-5 0.7071357 -0.7070825 1.33142e-5 0.7071311 -0.3827294 -7.42362e-5 0.9238605 -0.7070826 -9.36191e-6 0.707131 -0.7071337 9.3619e-6 0.7070799 -0.7071337 -1.33142e-5 0.7070799 -0.923862 1.02478e-5 0.3827259 -0.9238634 1.33142e-5 0.3827225 -0.7071363 -1.02478e-5 0.7070773 -0.9238635 -9.36191e-6 0.3827225 -0.9238954 9.3619e-6 0.3826453 -0.9238954 -1.3195e-5 0.3826452 -1 7.40968e-5 4.26024e-5 -1 1.3195e-5 4.31389e-5 -0.9238951 -1.01083e-5 0.3826459 -1 -9.36189e-6 4.31687e-5 -1 0 0 -1 0 5.97537e-5 -1 5.13345e-6 5.99325e-5 -0.8660516 0 0.4999548 -0.8660548 -5.11855e-6 0.4999493 -1 0 5.34505e-5 -0.8660547 0 0.4999493 -0.8659976 0 0.5000483 -0.8659975 5.31226e-6 0.5000483 -0.5000486 0 0.8659973 -0.5000527 -5.30481e-6 0.8659951 -0.8659998 0 0.5000444 -0.5000526 0 0.8659951 -0.4999492 0 0.8660548 -0.4999492 5.10365e-6 0.8660548 -5.3212e-5 0 1 -5.40167e-5 -5.0962e-6 1 -0.4999499 0 0.8660544 -5.40316e-5 0 1 -0.3827208 9.36191e-6 0.9238641 -0.3827209 -1.32099e-5 0.923864 -0.7070761 1.02478e-5 0.7071376 -0.7070807 1.32173e-5 0.7071329 -0.382727 -1.02013e-5 0.9238616 -0.7070807 -9.36191e-6 0.7071329 -0.9238957 9.3619e-6 0.3826447 -0.9238957 -1.31801e-5 0.3826447 -1 7.41899e-5 4.19766e-5 -1 1.31801e-5 4.25354e-5 -0.9238954 -1.02013e-5 0.3826453 -1 -9.36189e-6 4.25726e-5 -1 -9.36191e-6 3.64482e-5 -1 2.99211e-6 3.67016e-5 -0.9238978 -1.02943e-5 0.3826397 -0.9238936 -2.99234e-6 0.3826497 -1 1.02943e-5 4.76539e-5 -0.9238934 9.36192e-6 0.38265 -0.9238641 -9.3619e-6 0.3827207 -0.9238641 2.98419e-6 0.3827207 -0.7071376 -1.02943e-5 0.707076 -0.7071409 -2.98466e-6 0.7070728 -0.923866 1.02943e-5 0.3827163 -0.7071411 9.36189e-6 0.7070726 -0.7070729 -9.36189e-6 0.7071408 -0.707073 2.99187e-6 0.7071407 -0.3827167 -1.02943e-5 0.9238658 -0.3827195 -2.99187e-6 0.9238647 -0.7070751 1.02943e-5 0.7071384 -0.3827196 9.3619e-6 0.9238647 -0.3826468 -6.26943e-6 0.9238947 -0.3826467 1.75999e-5 0.9238947 -4.42117e-5 -9.49204e-6 1 -4.40925e-5 -1.75999e-5 1 -0.3826466 1.12709e-5 0.9238948 -4.40776e-5 9.3619e-6 1 -4.35561e-5 6.26943e-6 1 -4.35263e-5 -9.31772e-6 1 -0.3826462 6.11693e-6 0.923895 -1 0 4.91738e-5 -1 2.43057e-5 4.85033e-5 -0.8660568 0 0.4999458 -0.8660487 -2.42405e-5 0.4999599 -1 0 6.4835e-5 -0.8660489 0 0.4999594 -0.8660013 0 0.5000417 -0.8660016 2.42442e-5 0.5000414 -0.5000551 0 0.8659936 -0.500045 -2.42442e-5 0.8659995 -0.8659957 0 0.5000516 -0.5000454 0 0.8659994 -0.4999501 0 0.8660542 -0.4999501 2.42312e-5 0.8660543 -5.42402e-5 0 1 -5.42402e-5 -2.42312e-5 1 -0.4999501 0 0.8660542 -5.42402e-5 0 1 0 -6.83354e-7 1 0 2.10294e-6 1 0 -6.83354e-7 1 -4.14401e-5 9.3619e-6 1 -4.14848e-5 1.23866e-7 1 -0.3826442 5.82997e-6 0.9238958 -0.3826465 -1.23866e-7 0.9238948 -4.39882e-5 -5.82997e-6 1 -0.3826466 -9.3619e-6 0.9238948 -0.3827215 9.36189e-6 0.9238638 -0.3827214 0 0.9238638 -0.7070766 5.82997e-6 0.707137 -0.707074 0 0.7071396 -0.382718 -5.82997e-6 0.9238653 -0.7070739 -9.36189e-6 0.7071396 -0.7071381 9.3619e-6 0.7070755 -0.7071381 1.63913e-7 0.7070755 -0.9238644 5.82997e-6 0.3827201 -0.9238644 -1.63913e-7 0.3827199 -0.7071382 -5.82997e-6 0.7070754 -0.9238644 -9.3619e-6 0.3827199 -0.9238944 9.36191e-6 0.3826475 -0.9238945 1.27591e-7 0.3826473 -1 5.82996e-6 4.5076e-5 -1 -1.2666e-7 3.85493e-5 -0.923897 -5.82997e-6 0.3826415 -1 -9.36191e-6 3.84152e-5 9.36189e-6 4.25577e-5 1 -1.3195e-5 4.2513e-5 1 1.01083e-5 0.3826453 0.9238954 1.3195e-5 0.3826457 0.9238951 -1.01083e-5 4.32432e-5 1 -9.3619e-6 0.3826459 0.9238952 9.36191e-6 0.3827207 0.9238641 -1.33216e-5 0.3827208 0.9238641 1.02478e-5 0.707076 0.7071377 1.33216e-5 0.7070812 0.7071324 -1.02478e-5 0.3827276 0.9238612 -9.36191e-6 0.7070813 0.7071324 9.3619e-6 0.7071329 0.7070807 -1.33216e-5 0.7071331 0.7070806 1.02478e-5 0.9238616 0.3827268 1.33142e-5 0.9238625 0.3827246 -1.02478e-5 0.7071346 0.707079 -9.3619e-6 0.9238625 0.3827246 9.3619e-6 0.9238955 0.3826449 -1.3195e-5 0.9238955 0.3826449 1.01083e-5 1 4.22299e-5 1.3195e-5 1 3.96371e-5 -7.40968e-5 0.9238966 0.3826425 -9.3619e-6 1 3.96222e-5 0 1 6.0156e-5 5.26011e-6 1 6.01709e-5 0 0.8660513 0.4999552 -5.26011e-6 0.8660513 0.4999552 0 1 6.0156e-5 0 0.8660513 0.4999552 0 0.8660001 0.5000441 4.99934e-6 0.8660001 0.5000441 0 0.5000529 0.865995 -4.99189e-6 0.5000529 0.8659949 0 0.8660001 0.5000441 0 0.5000529 0.865995 0 0.4999492 0.8660548 5.10365e-6 0.4999492 0.8660548 0 5.3212e-5 1 -5.10365e-6 5.31822e-5 1 0 0.4999492 0.8660548 0 5.31822e-5 1 1.31875e-5 0.3826429 0.9238963 -1.01083e-5 3.98904e-5 1 -9.3619e-6 0.3826429 0.9238964 9.36191e-6 0.3827208 0.9238641 -1.32099e-5 0.3827209 0.923864 1.02478e-5 0.7070761 0.7071376 1.32099e-5 0.7070794 0.7071343 -1.02013e-5 0.3827252 0.9238623 -9.3619e-6 0.7070793 0.7071343 9.36189e-6 0.7071356 0.707078 -1.33142e-5 0.7071356 0.707078 1.02478e-5 0.9238631 0.3827233 1.33142e-5 0.9238619 0.3827263 -1.02478e-5 0.7071333 0.7070804 -9.36189e-6 0.9238618 0.3827263 9.3619e-6 0.923896 0.3826438 -1.31875e-5 0.923896 0.3826438 1.02013e-5 1 4.09335e-5 1.31875e-5 1 4.02927e-5 -1.02013e-5 0.9238963 0.3826432 -9.3619e-6 1 4.02927e-5 0 1 0 -9.3619e-6 1 3.95924e-5 -4.67035e-6 1 3.96371e-5 -6.53542e-5 0.9238966 0.3826425 4.67012e-6 0.9238954 0.3826452 6.53542e-5 1 4.26024e-5 9.3619e-6 0.9238954 0.3826453 -9.3619e-6 0.923865 0.3827189 -4.68013e-6 0.9238649 0.3827189 -9.0387e-6 0.707139 0.7070746 4.68013e-6 0.7071361 0.7070775 9.03869e-6 0.9238632 0.3827227 9.36191e-6 0.707136 0.7070776 -9.36192e-6 0.7070794 0.7071343 -4.67035e-6 0.7070791 0.7071346 -9.03868e-6 0.3827251 0.9238623 4.66988e-6 0.3827137 0.9238671 9.03869e-6 0.7070704 0.7071432 9.36192e-6 0.3827134 0.9238672 -6.26942e-6 0.3826444 0.9238958 -3.78885e-6 0.3826444 0.9238958 -9.09716e-6 4.16189e-5 1 3.78885e-6 4.52697e-5 1 -1.51756e-6 0.3826478 0.9238944 9.3619e-6 4.53591e-5 1 6.26943e-6 4.3273e-5 1 -9.31772e-6 4.32283e-5 1 6.12438e-6 0.3826459 0.9238951 9.36189e-6 4.4927e-5 1 1.23866e-7 4.48227e-5 1 5.82997e-6 0.3826475 0.9238945 -1.22003e-7 0.3826444 0.9238957 -5.82997e-6 4.15891e-5 1 -9.3619e-6 0.3826444 0.9238957 9.3619e-6 0.3827181 0.9238652 0 0.3827182 0.9238652 6.27035e-5 0.7070741 0.7071396 0 0.707076 0.7071377 -5.82997e-6 0.3827208 0.9238641 -9.3619e-6 0.707076 0.7071376 9.3619e-6 0.7071381 0.7070754 1.62981e-7 0.7071381 0.7070754 5.82997e-6 0.9238644 0.38272 -1.62981e-7 0.9238644 0.3827202 -5.82997e-6 0.707138 0.7070755 -9.3619e-6 0.9238644 0.3827201 9.3619e-6 0.923896 0.3826438 1.27591e-7 0.923896 0.3826438 5.82997e-6 1 4.10229e-5 -1.27591e-7 1 4.09931e-5 -5.82997e-6 0.923896 0.3826438 -9.3619e-6 1 4.10229e-5 -9.3619e-6 1 4.10676e-5 -4.67012e-6 1 4.10378e-5 -9.0387e-6 0.923896 0.3826439 4.67012e-6 0.923896 0.3826439 9.0387e-6 1 4.10974e-5 9.3619e-6 0.923896 0.3826439 4.68013e-6 0.7071375 0.7070762 9.0387e-6 0.9238641 0.3827209 9.3619e-6 0.7071375 0.7070762 -9.3619e-6 0.707077 0.7071366 -4.66662e-6 0.707077 0.7071367 -9.0387e-6 0.3827221 0.9238636 4.66639e-6 0.3827164 0.9238659 9.03869e-6 0.7070726 0.7071411 9.36191e-6 0.3827162 0.923866 -9.3619e-6 0.3826444 0.9238957 -4.66895e-6 0.3826445 0.9238957 -9.0387e-6 4.16338e-5 1 4.66872e-6 4.51803e-5 1 9.03871e-6 0.3826478 0.9238943 9.36189e-6 4.53442e-5 1 0 0 1 0 0 1 0 -1.26954e-6 1 0 4.93163e-7 1 0 -1.49375e-6 1 0 1.97266e-6 1 0 1.19797e-6 1 3.79959e-7 1 4.48078e-5 1.6164e-5 1 4.47929e-5 1.31978e-5 0.9168668 0.3991934 -2.81725e-6 0.9168729 0.3991795 -1.78185e-5 1 4.9486e-5 5.54696e-6 0.8660503 0.499957 -4.43729e-6 0.916846 0.3992412 1.01598e-5 0.8660153 0.5000177 1.63056e-5 0.6874055 0.7262738 -2.64938e-6 0.6873943 0.7262844 -1.73119e-5 0.8660026 0.5000397 1.51014e-5 0.5000407 0.866002 -2.68687e-6 0.6873628 0.7263143 1.38418e-6 0.5000254 0.8660109 -1.93715e-7 0.3596045 0.9331048 -3.07267e-6 0.3595471 0.933127 -1.78157e-5 0.49998 0.866037 2.17743e-6 6.17951e-5 1 -9.7137e-6 0.359544 0.9331282 -1.17732e-5 4.46439e-5 1 7.23451e-6 4.3977e-5 1 5.31643e-6 -1 0 5.31636e-6 -1 0 5.31642e-6 -1 0 8.13802e-6 -1 0 -6.25998e-6 -1 0 -8.13802e-6 -1 0 1.06329e-5 -1 0 -9.24573e-6 1 0 -4.06901e-6 1 0 9.2459e-6 1 0 -5.31643e-6 1 0 -5.31636e-6 1 0 -5.31642e-6 1 0 -8.13802e-6 1 0 6.25998e-6 1 0 8.13802e-6 1 0 -1.06329e-5 1 0 9.24573e-6 -1 0 4.06901e-6 -1 0 -9.2459e-6 -1 0 9.31772e-6 -4.51952e-5 1 1.79894e-5 -0.3826477 0.9238944 8.86741e-6 -4.51505e-5 1 -1.38525e-5 -4.47482e-5 1 -8.86741e-6 -0.3826473 0.9238946 2.35885e-5 -0.3826473 0.9238946 -2.3596e-5 -4.33028e-5 1 -2.1097e-6 -0.3826459 0.9238951 -9.3619e-6 -4.32283e-5 1 -9.36192e-6 -0.382713 0.9238674 -1.27591e-7 -0.3827133 0.9238672 -6.27035e-5 -0.7070701 0.7071435 1.27591e-7 -0.7070779 0.7071357 5.82996e-6 -0.3827235 0.923863 9.36191e-6 -0.7070782 0.7071355 -9.3619e-6 -0.9238955 0.382645 -1.2666e-7 -0.9238955 0.382645 -5.82997e-6 -1 4.23044e-5 1.27591e-7 -1 3.97265e-5 5.82997e-6 -0.9238966 0.3826426 9.3619e-6 -1 3.96818e-5 2.52261e-6 -1 0 -1.61497e-6 -1 0 3.76403e-6 -1 0 -2.88023e-6 -1 0 2.20743e-6 -1 0 -1.78745e-6 -1 0 4.36604e-5 9.31772e-6 1 0.3826463 1.79894e-5 0.923895 4.36902e-5 8.86741e-6 1 4.5687e-5 -1.38516e-5 1 0.3826481 -8.86741e-6 0.9238942 0.3826482 2.35885e-5 0.9238942 4.3571e-5 -2.35885e-5 1 0.3826462 -2.1097e-6 0.923895 4.35263e-5 -9.3619e-6 1 0.3827201 -9.3619e-6 0.9238644 0.3827201 -1.27591e-7 0.9238644 0.7070755 -5.82997e-6 0.707138 0.7070731 1.29454e-7 0.7071405 0.3827168 6.27036e-5 0.9238658 0.707073 9.36189e-6 0.7071406 0 -5.76498e-7 -1 0 1.88632e-6 -1 0 -2.03781e-6 -1 0 3.33459e-7 -1 0 -1.15367e-6 -1 0 2.18568e-6 -1 0 2.28306e-6 -1 0 8.3499e-7 -1 0 2.78167e-6 -1 0 -6.60432e-7 -1 0 2.35086e-7 -1 0 -3.66303e-6 -1 0 2.03781e-6 -1 0 -3.33459e-7 -1 0 1.15367e-6 -1 0 -2.18568e-6 -1 0 -2.28306e-6 -1 0 -8.3499e-7 -1 0 -2.78167e-6 -1 0 6.60432e-7 -1 0 5.25415e-5 1 -1.5093e-5 5.24074e-5 1 0 0.4999487 0.8660551 1.50932e-5 0.4999543 0.8660518 0 5.86659e-5 1 0 0.499954 0.866052 0 0.5000473 0.8659981 -1.50956e-5 0.5000472 0.8659983 0 0.8659969 0.5000495 1.50956e-5 0.8659992 0.5000454 0 0.5000514 0.8659958 0 0.8659992 0.5000455 0 0.8660528 0.4999526 -1.50951e-5 0.8660528 0.4999526 0 1 5.70715e-5 1.50951e-5 1 5.70864e-5 0 0.8660528 0.4999526 0 1 5.70715e-5 0.8660302 0.4999919 1.54376e-5 1 3.3468e-5 -1.16229e-6 0.8236533 0.2676222 0.4999737 0.823659 0.2675785 0.4999877 1 1.84774e-5 2.047e-5 0.8660381 1.89403e-5 0.4999781 0.8236329 0.2675979 0.5000201 0.8660151 2.639e-5 0.5000178 0.5000166 3.07709e-5 0.8660159 0.8236311 0.267605 0.5000195 0.5000316 1.03563e-6 0.8660072 0.475557 0.1544811 0.8660145 0.4754845 0.154493 0.8660523 0.4999519 3.50922e-6 0.8660532 5.43296e-5 -4.58956e-6 1 0.4755041 0.1544863 0.8660426 3.39746e-5 2.58684e-5 1 3.75733e-5 1.09151e-5 1 0.4754959 0.1544927 0.866046 5.12637e-5 1.14888e-5 1 0.4044941 0.2938588 0.8660436 0.4044733 0.2938688 0.8660501 3.58224e-5 3.52263e-5 1 4.36753e-5 2.44901e-5 1 0.4044676 0.2938651 0.866054 2.09361e-5 2.09361e-5 1 0.2938649 0.4044698 0.8660529 0.2938556 0.4044764 0.8660531 3.44813e-5 2.6688e-5 1 5.84125e-6 4.74304e-5 1 0.2938526 0.4045082 0.8660392 1.45435e-5 5.77606e-5 1 0.154497 0.475502 0.866042 0.154508 0.4754912 0.8660459 2.01911e-6 3.5435e-5 1 -1.5229e-5 3.83258e-5 1 0.1544839 0.4754865 0.8660528 4.99934e-6 5.09616e-5 1 8.60915e-6 0.4999515 0.8660534 2.89679e-5 0.5000148 0.8660169 5.26011e-6 0.866012 0.5000233 0.1545127 0.475555 0.86601 0.1544855 0.4755529 0.866016 1.77994e-5 0.8660139 0.5000199 0.2675904 0.8236369 0.5000177 0.1545497 0.4755317 0.8660162 0.2676274 0.8236215 0.5000232 0.2939142 0.4045283 0.8660088 0.2938638 0.404547 0.8660173 0.2676237 0.8236021 0.5000572 0.5090212 0.7006157 0.5000352 0.293935 0.404501 0.8660146 0.5090431 0.7006103 0.5000204 0.4045364 0.2939072 0.8660075 0.4045005 0.2939229 0.8660188 0.5090422 0.7006075 0.5000252 0.7006043 0.5090486 0.5000231 0.4045401 0.2938659 0.8660197 0.7006258 0.5090131 0.5000292 0.4755833 0.1545363 0.8659903 0.4755402 0.1545509 0.8660113 0.7006227 0.5089977 0.5000493 0.8236228 0.2676489 0.5000096 2.70307e-5 0.8660326 0.4999876 6.30319e-6 1 3.14116e-5 0.2676327 0.8236556 0.4999643 0.2676152 0.823658 0.4999697 2.6973e-5 1 1.3113e-6 0.5000029 0.8660237 1.07735e-5 0.2676464 0.8236409 0.4999813 0.4999945 0.8660287 3.83467e-5 0.509032 0.7006534 0.4999713 0.5090602 0.7006194 0.4999902 0.5000292 0.8660085 2.7746e-5 0.8660169 0.5000149 4.0859e-5 0.5090571 0.7006275 0.499982 0.8660289 0.4999939 5.50523e-5 0.7006183 0.5090616 0.4999905 0.700641 0.5090528 0.4999673 0.8660252 0.5000005 3.81172e-5 0.8236617 0.267619 0.4999614 2.89231e-5 1.28195e-5 1 2.88039e-5 9.06596e-6 1 0.35953 -1.9595e-6 0.9331336 0.3595528 -4.98607e-7 0.9331248 5.4583e-5 -4.90046e-4 1 0.4999501 -5.19137e-6 0.8660543 0.3596059 -1.87184e-6 0.9331043 0.5000001 -5.77085e-7 0.8660254 0.6873423 -7.99075e-6 0.7263337 0.6873955 1.74225e-6 0.7262833 0.5000554 -5.81035e-4 0.8659933 0.8660012 1.66511e-5 0.500042 0.6874154 1.36215e-5 0.7262645 0.8660179 2.56623e-7 0.500013 0.9168345 -1.23717e-5 0.3992674 0.9168757 -7.32613e-6 0.3991729 0.8660463 -3.9767e-4 0.4999636 1 1.46528e-5 2.22623e-5 0.9168766 1.08472e-5 0.3991709 1 9.7793e-6 1.86116e-5 1 1.1744e-6 2.03196e-5 0.737266 0.6756026 -5.587e-6 0.5000241 0.8660116 5.88316e-6 0.5536599 0.8327431 4.59515e-6 0.5536155 0.8327725 5.8189e-6 0.4999976 0.8660268 -2.45636e-7 0.4144155 0.9100878 -6.27711e-7 0.5535857 0.8327923 -1.75126e-5 0.4143947 0.9100973 -4.96674e-6 0.3363474 0.9417381 9.98564e-6 0.5536113 0.8327753 8.35583e-6 0.3363788 0.9417268 1.3412e-5 0.2619247 0.9650883 1.94646e-7 0.2619115 0.965092 -5.35371e-6 0.3363529 0.9417361 8.05594e-7 0.2817138 0.9594986 2.08511e-6 0.2618893 0.965098 -6.81815e-7 0.2816802 0.9595084 -3.27593e-7 0.2618893 0.965098 -3.41646e-7 0.5536622 0.8327415 4.97047e-6 0.7885242 0.6150038 2.2538e-6 0.73727 0.6755983 -5.31785e-6 0.7373072 0.6755576 -5.84498e-6 0.7885632 0.6149539 -1.42865e-6 0.9062855 0.422666 -1.50967e-5 0.9063096 0.4226145 -2.52761e-6 0.7885608 0.614957 7.78586e-7 0.942537 0.3341019 -5.22286e-6 0.9063161 0.4226008 7.65361e-6 0.9425524 0.3340587 -3.30526e-6 0.9914428 0.1305418 -4.71808e-6 0.9914404 0.1305606 5.04591e-6 0.9425554 0.3340502 7.85105e-7 0.9998206 0.0189464 -5.92507e-6 0.991447 0.1305103 5.87292e-6 0.9998218 0.01888144 -1.31363e-5 0.9848099 -0.1736363 -3.95253e-6 0.9848106 -0.1736322 1.11987e-5 0.9998217 0.01888227 -4.89131e-6 0.9545084 -0.2981843 1.47708e-6 0.9848024 -0.1736785 6.53602e-6 0.9545038 -0.298199 5.9614e-6 0.8870258 -0.46172 -6.43823e-6 0.8870055 -0.4617591 -8.42288e-6 0.9544937 -0.298231 1.10529e-5 0.811253 -0.5846954 7.81938e-6 0.8870028 -0.4617642 5.94929e-6 0.8112294 -0.584728 -1.19836e-5 0.7071192 -0.7070944 -4.56721e-6 0.7071066 -0.707107 2.23804e-5 0.8112052 -0.5847619 -1.59629e-6 0.5847592 -0.8112069 -1.44914e-6 0.7070945 -0.7071192 -3.52413e-6 0.5847262 -0.8112308 -1.19829e-5 0.4617642 -0.8870028 5.68479e-6 0.4617578 -0.8870061 -1.00138e-5 0.5846972 -0.8112516 1.10716e-5 0.2982352 -0.9544925 -9.88692e-6 0.4617223 -0.8870247 -7.83056e-6 0.2982017 -0.9545029 6.7479e-6 0.1736806 -0.9848021 3.57814e-6 0.1736327 -0.9848105 4.95184e-6 0.2981883 -0.9545071 5.07012e-6 -0.01887851 -0.9998218 -1.63168e-6 0.1736292 -0.9848111 -7.3351e-6 -0.01888561 -0.9998217 -5.24195e-6 -0.1305181 -0.9914459 8.26083e-7 -0.1305556 -0.991441 1.04005e-5 -0.01894325 -0.9998206 -3.30899e-6 -0.3340479 -0.9425562 2.98768e-6 -0.1305422 -0.9914427 -9.68575e-6 -0.3340612 -0.9425514 -1.28094e-5 -0.4226018 -0.9063155 9.60194e-7 -0.4226145 -0.9063096 6.82008e-6 -0.3341034 -0.9425365 1.95578e-7 -0.6149591 -0.7885591 5.46873e-6 -0.4226646 -0.9062862 3.26335e-6 -0.6149529 -0.7885639 -1.20285e-5 -0.6755558 -0.7373088 -1.2029e-5 -0.6755985 -0.7372698 7.89482e-6 -0.6150053 -0.7885231 9.95677e-6 -0.8327431 -0.5536599 1.1988e-5 -0.6756055 -0.7372633 -1.17309e-5 -0.8327462 -0.553655 -9.04966e-6 -0.866014 -0.5000199 -1.43237e-6 -0.8660442 -0.4999675 3.40538e-6 -0.8327651 -0.5536266 4.22075e-6 -0.9101022 -0.4143839 2.28174e-7 -0.9100997 -0.4143893 5.74498e-6 -0.8327823 -0.5536006 1.20029e-5 -0.9650838 -0.2619414 -1.04234e-5 -0.9100952 -0.4143996 -1.92784e-6 -0.9650867 -0.2619309 6.40005e-6 -0.9417344 -0.3363572 1.13994e-6 -0.9417401 -0.3363416 -3.00119e-7 -0.965095 -0.2619001 -6.91507e-7 -0.9595017 -0.2817028 -6.87316e-7 -0.9595074 -0.2816835 1.17251e-6 -0.9650846 -0.2619388 -5.76772e-7 -0.9650846 -0.2619388 2.73809e-7 1 5.5179e-5 -1.24201e-5 1 5.51641e-5 -2.28509e-5 0.8660538 0.499951 1.34268e-5 0.8660538 0.499951 2.28509e-5 1 5.5179e-5 -1.34268e-5 0.8660538 0.499951 1.24201e-5 0.8659964 0.5000504 -1.24201e-5 0.8659965 0.5000503 -2.28807e-5 0.5000466 0.8659986 -1.06322e-4 0.5000503 0.8659965 2.28807e-5 0.8659986 0.5000466 1.06322e-4 0.5000504 0.8659964 1.24201e-5 0.499948 0.8660554 -1.24201e-5 0.4999482 0.8660553 -2.28584e-5 5.17666e-5 1 1.34268e-5 5.76675e-5 1 2.28658e-5 0.4999533 0.8660525 -1.34268e-5 5.78165e-5 1 1.24201e-5 0 -5.25415e-5 1 1.5093e-5 -5.24074e-5 1 0 -0.4999487 0.8660551 -1.50932e-5 -0.4999543 0.8660518 0 -5.86659e-5 1 0 -0.499954 0.866052 0 -0.5000473 0.8659981 1.50956e-5 -0.5000472 0.8659983 0 -0.8659969 0.5000495 -1.50956e-5 -0.8659992 0.5000454 0 -0.5000514 0.8659958 0 -0.8659992 0.5000455 0 -0.8660528 0.4999526 1.50951e-5 -0.8660528 0.4999526 0 -1 5.70715e-5 -1.50951e-5 -1 5.70864e-5 0 -0.8660528 0.4999526 0 -1 5.70715e-5 -0.8660302 -0.4999919 1.54376e-5 -1 -3.3468e-5 -1.16229e-6 -0.8236533 -0.2676222 0.4999737 -0.823659 -0.2675785 0.4999877 -1 -1.84774e-5 2.047e-5 -0.8660381 -1.89403e-5 0.4999781 -0.8236329 -0.2675979 0.5000201 -0.8660151 -2.639e-5 0.5000178 -0.5000166 -3.07709e-5 0.8660159 -0.8236311 -0.267605 0.5000195 -0.5000316 -1.03563e-6 0.8660072 -0.475557 -0.1544811 0.8660145 -0.4754845 -0.154493 0.8660523 -0.4999519 -3.50922e-6 0.8660532 -5.43296e-5 4.58956e-6 1 -0.4755041 -0.1544863 0.8660426 -3.39746e-5 -2.58684e-5 1 -3.75733e-5 -1.09151e-5 1 -0.4754959 -0.1544927 0.866046 -5.12637e-5 -1.14888e-5 1 -0.4044941 -0.2938588 0.8660436 -0.4044733 -0.2938688 0.8660501 -3.58224e-5 -3.52263e-5 1 -4.36753e-5 -2.44901e-5 1 -0.4044676 -0.2938651 0.866054 -2.09361e-5 -2.09361e-5 1 -0.2938649 -0.4044698 0.8660529 -0.2938556 -0.4044764 0.8660531 -3.44813e-5 -2.6688e-5 1 -5.84125e-6 -4.74304e-5 1 -0.2938526 -0.4045082 0.8660392 -1.45435e-5 -5.77606e-5 1 -0.154497 -0.475502 0.866042 -0.154508 -0.4754912 0.8660459 -2.01911e-6 -3.5435e-5 1 1.5229e-5 -3.83258e-5 1 -0.1544839 -0.4754865 0.8660528 -4.99934e-6 -5.09616e-5 1 -8.60915e-6 -0.4999515 0.8660534 -2.89679e-5 -0.5000148 0.8660169 -5.26011e-6 -0.866012 0.5000233 -0.1545127 -0.475555 0.86601 -0.1544855 -0.4755529 0.866016 -1.77994e-5 -0.8660139 0.5000199 -0.2675904 -0.8236369 0.5000177 -0.1545497 -0.4755317 0.8660162 -0.2676274 -0.8236215 0.5000232 -0.2939142 -0.4045283 0.8660088 -0.2938638 -0.404547 0.8660173 -0.2676237 -0.8236021 0.5000572 -0.5090212 -0.7006157 0.5000352 -0.293935 -0.404501 0.8660146 -0.5090431 -0.7006103 0.5000204 -0.4045364 -0.2939072 0.8660075 -0.4045005 -0.2939229 0.8660188 -0.5090422 -0.7006075 0.5000252 -0.7006043 -0.5090486 0.5000231 -0.4045401 -0.2938659 0.8660197 -0.7006258 -0.5090131 0.5000292 -0.4755833 -0.1545363 0.8659903 -0.4755402 -0.1545509 0.8660113 -0.7006227 -0.5089977 0.5000493 -0.8236228 -0.2676489 0.5000096 -2.70307e-5 -0.8660326 0.4999876 -6.30319e-6 -1 3.14116e-5 -0.2676327 -0.8236556 0.4999643 -0.2676152 -0.823658 0.4999697 -2.6973e-5 -1 1.3113e-6 -0.5000029 -0.8660237 1.07735e-5 -0.2676464 -0.8236409 0.4999813 -0.4999945 -0.8660287 3.83467e-5 -0.509032 -0.7006534 0.4999713 -0.5090602 -0.7006194 0.4999902 -0.5000292 -0.8660085 2.7746e-5 -0.8660169 -0.5000149 4.0859e-5 -0.5090571 -0.7006275 0.499982 -0.8660289 -0.4999939 5.50523e-5 -0.7006183 -0.5090616 0.4999905 -0.700641 -0.5090528 0.4999673 -0.8660252 -0.5000005 3.81172e-5 -0.8236617 -0.267619 0.4999614 -2.89231e-5 -1.28195e-5 1 -2.88039e-5 -9.06596e-6 1 -0.35953 1.9595e-6 0.9331336 -0.3595528 4.98607e-7 0.9331248 -5.4583e-5 4.90046e-4 1 -0.4999501 5.19137e-6 0.8660543 -0.3596059 1.87184e-6 0.9331043 -0.5000001 5.77085e-7 0.8660254 -0.6873423 7.99075e-6 0.7263337 -0.6873955 -1.74225e-6 0.7262833 -0.5000554 5.81035e-4 0.8659933 -0.8660012 -1.66511e-5 0.500042 -0.6874154 -1.36215e-5 0.7262645 -0.8660179 -2.56623e-7 0.500013 -0.9168345 1.23717e-5 0.3992674 -0.9168757 7.32613e-6 0.3991729 -0.8660463 3.9767e-4 0.4999636 -1 -1.46528e-5 2.22623e-5 -0.9168766 -1.08472e-5 0.3991709 -1 -9.7793e-6 1.86116e-5 -1 -1.1744e-6 2.03196e-5 0.9650881 0.2619253 2.73809e-7 0.9595113 0.2816701 1.17251e-6 0.9650881 0.2619253 -5.76772e-7 0.9650951 0.2619003 -1.20059e-6 0.9595017 0.2817029 -1.19582e-6 0.9417401 0.3363417 -8.10018e-7 0.9650869 0.26193 6.37584e-6 0.9417349 0.3363564 1.11386e-6 0.9100956 0.4143987 -1.94693e-6 0.9650838 0.2619412 -1.04234e-5 0.9100999 0.4143891 5.74673e-6 0.8327825 0.5536004 1.20085e-5 0.8327658 0.5536255 4.19468e-6 0.9101027 0.4143827 2.02097e-7 0.8660444 0.4999672 1.02667e-5 0.8327462 0.5536551 -9.0478e-6 0.866014 0.50002 -1.43051e-6 0.6756055 0.7372634 -1.17309e-5 0.8327429 0.55366 1.25505e-5 0.6755985 0.7372699 8.462e-6 0.615005 0.7885232 1.0509e-5 0.6149528 0.788564 -1.20252e-5 0.6755557 0.737309 -1.2029e-5 0.4226645 0.9062864 3.27453e-6 0.6149592 0.788559 5.61029e-6 0.4226146 0.9063096 6.9635e-6 0.3341035 0.9425364 3.37139e-7 0.3340589 0.9425522 -2.71015e-6 0.4226018 0.9063156 8.1677e-7 0.130542 0.9914427 -9.83104e-6 0.3340479 0.9425562 3.05474e-6 0.1305556 0.9914411 1.04695e-5 0.01894319 0.9998205 -3.24193e-6 0.01888561 0.9998217 -5.24707e-6 0.1305181 0.991446 8.21426e-7 -0.1736292 0.9848111 -7.33882e-6 0.01887857 0.9998218 -1.64285e-6 -0.1736326 0.9848105 4.94812e-6 -0.2981883 0.9545071 5.06453e-6 -0.2982016 0.954503 6.75069e-6 -0.1736804 0.9848021 3.58094e-6 -0.4617221 0.8870247 -7.83056e-6 -0.2982353 0.9544925 -9.87574e-6 -0.4617579 0.887006 -1.00078e-5 -0.5846973 0.8112516 1.10753e-5 -0.5847262 0.8112307 -1.13808e-5 -0.4617621 0.8870038 -1.64993e-5 -0.7070944 0.7071192 -2.94298e-6 -0.5847594 0.8112069 -1.44541e-6 -0.7071067 0.7071069 -2.55566e-5 -0.8112053 0.5847616 -1.59815e-6 -0.8112294 0.584728 -1.1383e-5 -0.7071192 0.7070944 -3.98047e-6 -0.8870027 0.4617643 6.53602e-6 -0.811253 0.5846954 7.81938e-6 -0.8870055 0.4617591 -8.42288e-6 -0.9544937 0.298231 1.10529e-5 -0.9545038 0.298199 5.9614e-6 -0.8870258 0.46172 -6.43823e-6 -0.9848024 0.1736785 6.53602e-6 -0.9545084 0.2981842 3.65078e-7 -0.9848106 0.1736322 1.00564e-5 -0.9998217 -0.01888465 1.8239e-5 -0.9998218 -0.01888144 -1.31363e-5 -0.9848099 0.1736363 -3.95253e-6 -0.991447 -0.1305103 5.87292e-6 -0.9998206 -0.0189464 -5.92507e-6 -0.9914404 -0.1305606 5.04591e-6 -0.9425554 -0.3340502 7.85105e-7 -0.9425524 -0.3340587 -3.30526e-6 -0.9914428 -0.1305418 -4.71808e-6 -0.9063161 -0.4226008 7.65361e-6 -0.9425371 -0.3341017 -5.22099e-6 -0.9063098 -0.4226143 -2.52388e-6 -0.7885609 -0.6149567 7.8138e-7 -0.7885632 -0.6149539 -1.42865e-6 -0.9062855 -0.422666 -1.50967e-5 -0.7373072 -0.6755576 -5.84498e-6 -0.7885241 -0.615004 2.2538e-6 -0.7372699 -0.6755985 -5.31785e-6 -0.553662 -0.8327416 4.96861e-6 -0.5536598 -0.832743 4.14066e-6 -0.7372661 -0.6756026 -6.02659e-6 -0.5000241 -0.8660116 5.44172e-6 -0.5536155 -0.8327725 5.8189e-6 -0.4999976 -0.8660268 -2.45636e-7 -0.4144155 -0.9100878 -6.27711e-7 -0.4143967 -0.9100964 -1.01374e-6 -0.336346 -0.9417385 9.51718e-6 -0.5535845 -0.8327931 -1.79335e-5 -0.5536113 -0.8327753 8.35583e-6 -0.3363788 -0.9417268 1.3412e-5 -0.2619247 -0.9650883 1.94646e-7 -0.2619115 -0.965092 -5.35371e-6 -0.3363529 -0.9417361 8.05594e-7 -0.2817138 -0.9594986 2.08511e-6 -0.2618893 -0.965098 -6.81815e-7 -0.2816802 -0.9595084 -3.27593e-7 -0.2618893 -0.965098 -3.41646e-7 -1 -5.5179e-5 -1.24201e-5 -1 -5.51641e-5 -2.28509e-5 -0.8660538 -0.499951 1.34268e-5 -0.8660538 -0.499951 2.28509e-5 -1 -5.5179e-5 -1.34268e-5 -0.8660538 -0.499951 1.24201e-5 -0.8659964 -0.5000504 -1.24201e-5 -0.8659965 -0.5000503 -2.28807e-5 -0.5000466 -0.8659986 -1.06322e-4 -0.5000503 -0.8659965 2.28807e-5 -0.8659986 -0.5000466 1.06322e-4 -0.5000504 -0.8659964 1.24201e-5 -0.499948 -0.8660554 -1.24201e-5 -0.4999482 -0.8660553 -2.28584e-5 -5.17666e-5 -1 1.34268e-5 -5.76675e-5 -1 2.28658e-5 -0.4999533 -0.8660525 -1.34268e-5 -5.78165e-5 -1 1.24201e-5 -0.7070739 -9.36189e-6 0.7071397 -0.707074 2.99467e-6 0.7071396 -0.3827179 -1.02943e-5 0.9238653 -0.3827208 -2.99443e-6 0.9238641 -0.7070761 1.02943e-5 0.7071375 -0.3827209 9.3619e-6 0.923864 -0.3826463 -9.3619e-6 0.923895 -0.3826462 2.99327e-6 0.923895 -4.36753e-5 -1.02943e-5 1 -4.1455e-5 -2.99327e-6 1 -0.3826442 1.02943e-5 0.9238958 -4.14103e-5 9.3619e-6 1 -0.3826522 6.35535e-6 0.9238926 -3.38517e-5 0 1 -0.2706012 0.2705624 0.9238891 -0.2705612 0.2706084 0.9238873 -2.65911e-5 2.25686e-5 1 -3.04952e-5 0.382659 0.9238896 -0.2706134 0.2706428 0.923862 -3.78639e-5 0.3827032 0.9238713 -5.60507e-5 0.7071016 0.707112 1.98036e-5 0.9238635 0.3827221 -0.1462758 0.7438541 0.6521385 5.79313e-5 0.7071358 0.7070778 -1.46329e-5 0.7070931 0.7071206 -0.1463179 0.7437796 0.6522139 -0.4999753 0.5000198 0.7071104 -3.35574e-5 0.7070819 0.7071317 -0.4999609 0.4999846 0.7071453 -0.270604 0.2706437 0.9238645 -0.2706469 0.2706225 0.9238581 -0.5000407 0.4999566 0.7071088 -0.3827315 2.00793e-5 0.9238596 -0.1462936 0.7438653 0.6521216 -2.8885e-5 0.9238808 0.3826805 -0.3032367 0.8945533 0.3283627 -0.3032379 0.8945747 0.3283033 -2.42442e-5 0.9239031 0.3826268 -2.18321e-5 1 5.87888e-5 -0.3032506 0.8945813 0.3282735 -1.97324e-5 1 7.28667e-6 -0.3826373 0.9238988 4.64507e-5 -0.3033288 0.894545 0.3283002 -0.3827102 0.9238684 4.33328e-5 -0.6532675 0.6533184 0.3826444 -0.6532757 0.6533177 0.3826314 -0.3827403 0.923856 1.81943e-5 -0.7070873 0.7071263 5.91893e-5 -0.6533156 0.6532836 0.3826217 -0.7071511 0.7070626 2.27243e-5 -0.9238596 0.3827318 2.41105e-5 -0.6533136 0.6532751 0.3826395 -0.9238697 0.3827075 4.99915e-5 -0.8945415 0.3033317 0.3283071 -0.8945791 0.3032497 0.3282804 -0.923892 0.3826534 -1.87755e-6 -1 3.47681e-5 -9.71928e-6 -0.8945803 0.303229 0.3282963 -1 3.694e-5 3.39446e-5 -0.9238974 4.98351e-5 0.3826404 -0.8945526 0.3032337 0.3283673 -0.9238729 1.0021e-5 0.3826996 -0.7438633 0.1462957 0.6521234 -0.7438433 0.1462739 0.6521511 -0.9238658 3.59609e-5 0.3827168 -0.7071408 -1.95503e-5 0.7070729 -0.7437929 0.1463017 0.6522024 -0.7070785 3.22312e-5 0.7071351 -0.3826957 4.85852e-5 0.9238745 -0.1463631 0.7438203 0.6521574 -0.3033255 0.8945244 0.3283591 -0.4999691 0.5000569 0.7070884 -0.4999846 0.5000509 0.7070818 -0.3033415 0.8945206 0.3283547 -0.6532695 0.6532802 0.3827063 -0.5000494 0.500011 0.7070642 -0.653298 0.6532644 0.3826845 -0.7438109 0.146364 0.6521679 -0.7438342 0.146358 0.6521427 -0.6533037 0.6532359 0.3827233 -0.8945308 0.3032989 0.3283666 -0.3827154 6.44289e-6 0.9238663 -0.5000135 0.4999763 0.7071141 -0.7438064 0.1463047 0.6521863 0.7070739 9.36189e-6 0.7071397 0.707074 -2.99467e-6 0.7071396 0.3827179 1.02943e-5 0.9238653 0.3827208 2.99443e-6 0.9238641 0.7070761 -1.02943e-5 0.7071375 0.3827209 -9.3619e-6 0.923864 0.3826463 9.3619e-6 0.923895 0.3826462 -2.99327e-6 0.923895 4.36753e-5 1.02943e-5 1 4.1455e-5 2.99327e-6 1 0.3826442 -1.02943e-5 0.9238958 4.14103e-5 -9.3619e-6 1 8.97795e-6 0.3826508 0.9238931 2.52202e-6 3.25367e-5 1 0.270565 0.2705999 0.9238888 0.2705801 0.2705718 0.9238926 2.38854e-5 2.41026e-5 1 0.3826604 2.78652e-5 0.9238891 0.2706435 0.2706154 0.9238612 0.3827044 4.02778e-5 0.9238709 0.7071024 5.80177e-5 0.7071112 0.9238649 -4.93228e-6 0.382719 0.7438421 0.146273 0.6521528 0.707139 -4.30632e-5 0.7070745 0.7070868 1.42157e-5 0.7071269 0.7438049 0.146309 0.652187 0.5000127 0.4999753 0.7071153 0.7070816 3.54089e-5 0.7071321 0.4999838 0.4999625 0.7071447 0.270643 0.2706056 0.9238643 0.2706235 0.2706442 0.9238586 0.4999577 0.5000385 0.7071096 2.13608e-5 0.3827294 0.9238605 0.7438582 0.1463217 0.6521235 0.9238802 2.32505e-5 0.3826819 0.8945541 0.3032312 0.3283656 0.8945803 0.3032292 0.328296 0.9238986 4.4927e-5 0.3826374 1 1.26343e-5 5.00903e-5 0.8945754 0.3032812 0.3282612 1 1.81375e-5 1.43498e-5 0.9238845 0.3826716 2.66023e-5 0.8945443 0.3033305 0.3283007 0.9238678 0.382712 4.40793e-5 0.6533167 0.6532688 0.382645 0.6533191 0.6532755 0.3826293 0.9238564 0.3827394 1.58697e-5 0.7071268 0.7070869 5.70659e-5 0.6532838 0.6533141 0.3826239 0.7070631 0.7071505 2.49445e-5 0.3827326 0.9238592 2.64272e-5 0.6532747 0.6533153 0.3826376 0.3827063 0.9238701 4.77321e-5 0.3033311 0.8945423 0.3283053 0.3032514 0.8945813 0.3282731 0.3826376 0.9238985 4.69983e-5 1.40481e-5 1 1.55531e-5 0.3032377 0.8945747 0.3283036 4.62234e-5 1 4.25493e-5 2.91355e-5 0.9239019 0.3826298 0.3032366 0.8945528 0.3283639 1.28821e-5 0.923874 0.3826972 0.1462925 0.7438343 0.6521572 0.1462571 0.7438446 0.6521535 -4.96538e-5 0.923865 0.3827186 -4.83543e-6 0.7071384 0.7070751 0.1463298 0.7438006 0.6521874 1.71661e-5 0.7070879 0.7071257 3.65227e-5 0.382708 0.9238694 0.7438192 0.1463595 0.6521595 0.8945242 0.303323 0.3283621 0.5000566 0.4999662 0.7070907 0.5000172 0.4999971 0.7070967 0.8945286 0.3033006 0.3283709 0.6533006 0.6532373 0.3827263 0.5000103 0.5000513 0.7070633 0.6532636 0.6532993 0.3826836 0.146363 0.7438121 0.6521669 0.1463569 0.7438282 0.6521497 0.6532706 0.6532817 0.3827018 0.3033007 0.8945267 0.3283759 6.87502e-6 0.3827184 0.9238651 0.4999762 0.5000159 0.7071124 0.1463198 0.7437771 0.6522164 9.3619e-6 -1 4.10676e-5 4.67012e-6 -1 4.10378e-5 9.0387e-6 -0.923896 0.3826439 -4.67012e-6 -0.923896 0.3826439 -9.0387e-6 -1 4.10974e-5 -9.3619e-6 -0.923896 0.3826439 -4.68013e-6 -0.7071375 0.7070762 -9.0387e-6 -0.9238641 0.3827209 -9.3619e-6 -0.7071375 0.7070762 9.3619e-6 -0.707077 0.7071366 4.66662e-6 -0.707077 0.7071367 9.0387e-6 -0.3827221 0.9238636 -4.66639e-6 -0.3827164 0.9238659 -9.03869e-6 -0.7070726 0.7071411 -9.36191e-6 -0.3827162 0.923866 9.3619e-6 -0.3826444 0.9238957 4.66895e-6 -0.3826445 0.9238957 9.0387e-6 -4.16338e-5 1 -4.66872e-6 -4.51803e-5 1 -9.03871e-6 -0.3826478 0.9238943 -9.36189e-6 -4.53442e-5 1 0.3826522 -6.35535e-6 0.9238926 3.38517e-5 0 1 0.2706012 -0.2705624 0.9238891 0.2705612 -0.2706084 0.9238873 2.65911e-5 -2.25686e-5 1 3.04952e-5 -0.382659 0.9238896 0.2706134 -0.2706428 0.923862 3.78639e-5 -0.3827032 0.9238713 5.60507e-5 -0.7071016 0.707112 -1.98036e-5 -0.9238635 0.3827221 0.1462758 -0.7438541 0.6521385 -5.79313e-5 -0.7071358 0.7070778 1.46329e-5 -0.7070931 0.7071206 0.1463179 -0.7437796 0.6522139 0.4999753 -0.5000198 0.7071104 3.35574e-5 -0.7070819 0.7071317 0.4999609 -0.4999846 0.7071453 0.270604 -0.2706437 0.9238645 0.2706469 -0.2706225 0.9238581 0.5000407 -0.4999566 0.7071088 0.3827315 -2.00793e-5 0.9238596 0.1462936 -0.7438653 0.6521216 2.8885e-5 -0.9238808 0.3826805 0.3032367 -0.8945533 0.3283627 0.3032379 -0.8945747 0.3283033 2.42442e-5 -0.9239031 0.3826268 2.18321e-5 -1 5.87888e-5 0.3032506 -0.8945813 0.3282735 1.97324e-5 -1 7.28667e-6 0.3826373 -0.9238988 4.64507e-5 0.3033288 -0.894545 0.3283002 0.3827102 -0.9238684 4.33328e-5 0.6532675 -0.6533184 0.3826444 0.6532757 -0.6533177 0.3826314 0.3827403 -0.923856 1.81943e-5 0.7070873 -0.7071263 5.91893e-5 0.6533156 -0.6532836 0.3826217 0.7071511 -0.7070626 2.27243e-5 0.9238596 -0.3827318 2.41105e-5 0.6533136 -0.6532751 0.3826395 0.9238697 -0.3827075 4.99915e-5 0.8945415 -0.3033317 0.3283071 0.8945791 -0.3032497 0.3282804 0.923892 -0.3826534 -1.87755e-6 1 -3.47681e-5 -9.71928e-6 0.8945803 -0.303229 0.3282963 1 -3.694e-5 3.39446e-5 0.9238974 -4.98351e-5 0.3826404 0.8945526 -0.3032337 0.3283673 0.9238729 -1.0021e-5 0.3826996 0.7438633 -0.1462957 0.6521234 0.7438433 -0.1462739 0.6521511 0.9238658 -3.59609e-5 0.3827168 0.7071408 1.95503e-5 0.7070729 0.7437929 -0.1463017 0.6522024 0.7070785 -3.22312e-5 0.7071351 0.3826957 -4.85852e-5 0.9238745 0.1463631 -0.7438203 0.6521574 0.3033255 -0.8945244 0.3283591 0.4999691 -0.5000569 0.7070884 0.4999846 -0.5000509 0.7070818 0.3033415 -0.8945206 0.3283547 0.6532695 -0.6532802 0.3827063 0.5000494 -0.500011 0.7070642 0.653298 -0.6532644 0.3826845 0.7438109 -0.146364 0.6521679 0.7438342 -0.146358 0.6521427 0.6533037 -0.6532359 0.3827233 0.8945308 -0.3032989 0.3283666 0.3827154 -6.44289e-6 0.9238663 0.5000135 -0.4999763 0.7071141 0.7438064 -0.1463047 0.6521863 -8.97795e-6 -0.3826508 0.9238931 -2.52202e-6 -3.25367e-5 1 -0.270565 -0.2705999 0.9238888 -0.2705801 -0.2705718 0.9238926 -2.38854e-5 -2.41026e-5 1 -0.3826604 -2.78652e-5 0.9238891 -0.2706435 -0.2706154 0.9238612 -0.3827044 -4.02778e-5 0.9238709 -0.7071024 -5.80177e-5 0.7071112 -0.9238649 4.93228e-6 0.382719 -0.7438421 -0.146273 0.6521528 -0.707139 4.30632e-5 0.7070745 -0.7070868 -1.42157e-5 0.7071269 -0.7438049 -0.146309 0.652187 -0.5000127 -0.4999753 0.7071153 -0.7070816 -3.54089e-5 0.7071321 -0.4999838 -0.4999625 0.7071447 -0.270643 -0.2706056 0.9238643 -0.2706235 -0.2706442 0.9238586 -0.4999577 -0.5000385 0.7071096 -2.13608e-5 -0.3827294 0.9238605 -0.7438582 -0.1463217 0.6521235 -0.9238802 -2.32505e-5 0.3826819 -0.8945541 -0.3032312 0.3283656 -0.8945803 -0.3032292 0.328296 -0.9238986 -4.4927e-5 0.3826374 -1 -1.26343e-5 5.00903e-5 -0.8945754 -0.3032812 0.3282612 -1 -1.81375e-5 1.43498e-5 -0.9238845 -0.3826716 2.66023e-5 -0.8945443 -0.3033305 0.3283007 -0.9238678 -0.382712 4.40793e-5 -0.6533167 -0.6532688 0.382645 -0.6533191 -0.6532755 0.3826293 -0.9238564 -0.3827394 1.58697e-5 -0.7071268 -0.7070869 5.70659e-5 -0.6532838 -0.6533141 0.3826239 -0.7070631 -0.7071505 2.49445e-5 -0.3827326 -0.9238592 2.64272e-5 -0.6532747 -0.6533153 0.3826376 -0.3827063 -0.9238701 4.77321e-5 -0.3033311 -0.8945423 0.3283053 -0.3032514 -0.8945813 0.3282731 -0.3826376 -0.9238985 4.69983e-5 -1.40481e-5 -1 1.55531e-5 -0.3032377 -0.8945747 0.3283036 -4.62234e-5 -1 4.25493e-5 -2.91355e-5 -0.9239019 0.3826298 -0.3032366 -0.8945528 0.3283639 -1.28821e-5 -0.923874 0.3826972 -0.1462925 -0.7438343 0.6521572 -0.1462571 -0.7438446 0.6521535 4.96538e-5 -0.923865 0.3827186 4.83543e-6 -0.7071384 0.7070751 -0.1463298 -0.7438006 0.6521874 -1.71661e-5 -0.7070879 0.7071257 -3.65227e-5 -0.382708 0.9238694 -0.7438192 -0.1463595 0.6521595 -0.8945242 -0.303323 0.3283621 -0.5000566 -0.4999662 0.7070907 -0.5000172 -0.4999971 0.7070967 -0.8945286 -0.3033006 0.3283709 -0.6533006 -0.6532373 0.3827263 -0.5000103 -0.5000513 0.7070633 -0.6532636 -0.6532993 0.3826836 -0.146363 -0.7438121 0.6521669 -0.1463569 -0.7438282 0.6521497 -0.6532706 -0.6532817 0.3827018 -0.3033007 -0.8945267 0.3283759 -6.87502e-6 -0.3827184 0.9238651 -0.4999762 -0.5000159 0.7071124 -0.1463198 -0.7437771 0.6522164 3.47793e-5 1 9.36192e-6 3.50922e-5 1 -1.83648e-5 0.382638 0.9238983 5.70301e-5 0.3826515 0.9238927 1.83675e-5 4.98146e-5 1 0 0.382652 0.9238927 -9.36192e-6 0.382717 0.9238656 9.3619e-6 0.3827171 0.9238656 -1.83657e-5 0.7070732 0.7071405 0 0.7070733 0.7071403 1.83657e-5 0.3827171 0.9238657 0 0.7070733 0.7071403 -9.36189e-6 0.70714 0.7070737 9.3619e-6 0.7071399 0.7070738 -1.83638e-5 0.9238653 0.3827177 0 0.9238654 0.3827179 1.83638e-5 0.7071398 0.7070738 0 0.9238653 0.3827178 -9.3619e-6 0.9238954 0.3826454 9.3619e-6 0.9238954 0.3826453 -1.83657e-5 1 4.26322e-5 0 1 3.97116e-5 1.83638e-5 0.9238966 0.3826426 0 1 3.9652e-5 -9.3619e-6 1 -3.9652e-5 9.3619e-6 1 -3.97116e-5 -1.83638e-5 0.9238966 -0.3826426 0 0.9238954 -0.3826453 1.83657e-5 1 -4.26322e-5 0 0.9238954 -0.3826454 -9.3619e-6 0.9238653 -0.3827177 9.3619e-6 0.9238654 -0.3827177 -1.83638e-5 0.70714 -0.7070737 0 0.7071398 -0.7070738 1.83638e-5 0.9238653 -0.3827178 0 0.7071398 -0.7070738 -9.3619e-6 0.7070732 -0.7071405 9.36189e-6 0.7070733 -0.7071404 -1.83657e-5 0.382717 -0.9238656 0 0.3827171 -0.9238656 1.83657e-5 0.7070733 -0.7071403 0 0.3827171 -0.9238657 -9.3619e-6 0.382652 -0.9238927 9.36192e-6 0.3826515 -0.9238929 -1.83675e-5 4.97997e-5 -1 0 3.5122e-5 -1 1.83648e-5 0.382638 -0.9238983 -5.70301e-5 3.48091e-5 -1 -9.36192e-6 -4.36604e-5 -9.31772e-6 1 -0.3826463 -1.79894e-5 0.923895 -4.36902e-5 -8.86741e-6 1 -4.5687e-5 1.38516e-5 1 -0.3826481 8.86741e-6 0.9238942 -0.3826482 -2.35885e-5 0.9238942 -4.3571e-5 2.35885e-5 1 -0.3826462 2.1097e-6 0.923895 -4.35263e-5 9.3619e-6 1 -0.3827201 9.3619e-6 0.9238644 -0.3827201 1.27591e-7 0.9238644 -0.7070755 5.82997e-6 0.707138 -0.7070731 -1.29454e-7 0.7071405 -0.3827168 -6.27036e-5 0.9238658 -0.707073 -9.36189e-6 0.7071406 -0.3826287 -0.9239022 1.52439e-5 -5.99269e-5 -1 1.35619e-5 -0.328305 -0.8945772 0.3032288 -0.3282728 -0.8945816 0.3032503 -3.32892e-5 -1 5.97499e-5 -4.57615e-5 -0.9238984 0.3826379 -0.3283008 -0.8945451 0.3033279 -4.38325e-5 -0.9238687 0.3827098 -0.3826451 -0.6533186 0.653267 -0.3826295 -0.6533128 0.6532818 -4.91887e-5 -0.9238652 0.3827182 -5.65494e-5 -0.7071209 0.7070927 -0.382621 -0.6532831 0.6533166 -2.18004e-5 -0.707062 0.7071516 -2.27052e-5 -0.382731 0.9238598 -0.382668 -0.6532504 0.6533216 -4.61191e-5 -0.3827145 0.9238668 -0.3283034 -0.3033397 0.8945401 -0.328286 -0.3032952 0.8945616 -1.55866e-5 -0.3826643 0.9238875 -3.62582e-5 -4.24199e-5 1 -0.3283071 -0.303223 0.8945783 -4.55482e-5 -3.19034e-5 1 -0.3826512 -4.31594e-5 0.923893 -0.3283618 -0.303241 0.8945521 -0.3826968 -1.74716e-5 0.9238741 -0.652156 -0.1462965 0.7438346 -0.6521509 -0.1462583 0.7438467 -0.3827167 -1.99156e-5 0.9238659 -0.7070736 3.23355e-6 0.70714 -0.6521954 -0.1463014 0.743799 -0.7071294 -3.23206e-5 0.7070842 -0.9238708 -5.19082e-5 0.3827046 -1 -1.8999e-7 3.63849e-5 -0.9238885 -0.2705625 0.2706032 -0.9238916 -6.16163e-6 0.3826544 -0.9238728 -5.42626e-5 0.3826999 -0.9238681 -0.2705864 0.2706488 -0.7071338 -0.4999626 0.4999994 -0.9238665 -2.45124e-6 0.3827151 -0.7071158 -0.4999732 0.500014 -0.652187 -0.1463019 0.7438064 -0.6521642 -0.1463572 0.7438155 -0.7070848 -0.5000159 0.5000153 -0.3826828 -0.6532593 0.6533042 -0.6521507 -0.1463579 0.7438272 -0.3826683 -0.6532587 0.6533132 -0.3283774 -0.3033015 0.8945259 -1 -2.50265e-5 2.45571e-5 -0.9238887 -0.3826614 2.80701e-5 -0.9238921 -0.2705809 0.2705723 -0.9238758 -0.2706195 0.2705894 -0.9238736 -0.3826977 1.85817e-5 -0.6522091 -0.7437817 0.146329 -0.9238646 -0.2706581 0.2705892 -0.6522076 -0.7437868 0.1463092 -0.7071378 -0.5000019 0.4999542 -0.7070918 -0.5000576 0.4999636 -0.6521598 -0.7438194 0.1463568 -0.3283632 -0.8945247 0.3033201 -0.7070942 -0.5000196 0.4999982 -0.3283679 -0.8945298 0.3033003 -0.382723 -0.6533021 0.6532377 -0.9238699 -0.3827069 1.41412e-5 -0.7071369 -0.7070768 3.44887e-5 -0.6522113 -0.7437844 0.1463055 -0.6521502 -0.743844 0.1462742 -0.7070732 -0.7071404 -4.13278e-5 -0.3827168 -0.9238658 -4.35859e-6 -0.6521543 -0.743838 0.1462867 -0.3826766 -0.9238824 2.63341e-5 -0.3283587 -0.8945555 0.3032345 0.9238919 -0.3826538 -2.90573e-6 1 -3.52152e-5 -1.07624e-5 0.8945793 -0.30325 0.3282794 0.8945806 -0.3032277 0.3282966 1 -3.60757e-5 3.38152e-5 0.9238975 -4.85983e-5 0.3826403 0.8945567 -0.3032613 0.3283303 0.9238625 -4.74378e-5 0.3827245 0.7438636 -0.1462936 0.6521236 0.7438444 -0.1462654 0.6521518 0.9238658 -2.80778e-5 0.3827167 0.7071405 -2.68966e-6 0.707073 0.7437934 -0.1462946 0.6522035 0.7070788 -2.43932e-5 0.7071347 0.3826958 -4.09335e-5 0.9238744 3.58634e-5 2.11224e-6 1 0.2706032 -0.27056 0.9238893 0.3826544 -4.09037e-6 0.9238917 0.382726 -1.72406e-5 0.923862 0.2706413 -0.2706199 0.9238605 0.5000368 -0.4999539 0.7071133 0.3827148 -9.06177e-6 0.9238666 0.500012 -0.4999787 0.7071134 0.7438055 -0.1463069 0.6521868 0.743811 -0.1463611 0.6521685 0.5000505 -0.500009 0.7070647 0.6532996 -0.6532621 0.3826857 0.7438326 -0.1463615 0.6521437 0.6533011 -0.6532388 0.3827229 0.8945293 -0.3033022 0.3283678 0.8945403 -0.3033356 0.3283069 0.6533108 -0.6532781 0.3826391 0.9238681 -0.3827109 4.97755e-5 2.64421e-5 -2.65974e-5 1 3.00929e-5 -0.3826628 0.9238881 0.2705742 -0.2705824 0.9238911 0.2706137 -0.2706391 0.923863 1.28597e-5 -0.3827276 0.9238613 5.69671e-5 -0.7070989 0.7071148 0.2706039 -0.2706449 0.9238641 3.31439e-5 -0.7070827 0.7071309 0.4999609 -0.4999853 0.7071449 0.4999746 -0.5000185 0.7071117 1.44541e-5 -0.7070917 0.7071219 0.1463176 -0.7437786 0.6522152 0.4999699 -0.5000551 0.7070892 0.146364 -0.743819 0.6521587 0.3033266 -0.8945235 0.3283607 0.3032328 -0.8945565 0.3283572 0.1463171 -0.7438334 0.6521528 6.37863e-5 -0.9238731 0.3826992 0.3032387 -0.8945736 0.328305 2.49743e-5 -0.9239025 0.382628 2.30875e-5 -1 6.04801e-5 -5.82568e-5 -0.7071316 0.707082 -1.97217e-5 -0.9238612 0.382728 0.1462758 -0.74385 0.652143 5.72833e-5 -1 3.31253e-5 0.3826355 -0.9238994 4.52921e-5 0.303249 -0.8945823 0.3282724 0.3033321 -0.8945434 0.3283016 0.3827136 -0.9238671 4.48697e-5 0.6532701 -0.6533151 0.3826454 0.3033388 -0.8945221 0.3283532 0.6532675 -0.6532825 0.3827058 0.499983 -0.5000532 0.7070812 0.3827394 -0.9238563 1.78218e-5 0.7070867 -0.707127 5.9071e-5 0.6532752 -0.6533185 0.3826313 0.6533139 -0.6532855 0.3826214 0.7071491 -0.7070645 2.21729e-5 0.9238585 -0.3827343 2.41795e-5 -9.31772e-6 4.51952e-5 1 -1.79894e-5 0.3826477 0.9238944 -8.86741e-6 4.51505e-5 1 1.38525e-5 4.47482e-5 1 8.86741e-6 0.3826473 0.9238946 -2.35885e-5 0.3826473 0.9238946 2.3596e-5 4.33028e-5 1 2.1097e-6 0.3826459 0.9238951 9.3619e-6 4.32283e-5 1 9.36192e-6 0.382713 0.9238674 1.27591e-7 0.3827133 0.9238672 6.27035e-5 0.7070701 0.7071435 -1.27591e-7 0.7070779 0.7071357 -5.82996e-6 0.3827235 0.923863 -9.36191e-6 0.7070782 0.7071355 9.3619e-6 0.9238955 0.382645 1.2666e-7 0.9238955 0.382645 5.82997e-6 1 4.23044e-5 -1.27591e-7 1 3.97265e-5 -5.82997e-6 0.9238966 0.3826426 -9.3619e-6 1 3.96818e-5 0.3826287 0.9239022 1.52439e-5 5.99269e-5 1 1.35619e-5 0.328305 0.8945772 0.3032288 0.3282728 0.8945816 0.3032503 3.32892e-5 1 5.97499e-5 4.57615e-5 0.9238984 0.3826379 0.3283008 0.8945451 0.3033279 4.38325e-5 0.9238687 0.3827098 0.3826451 0.6533186 0.653267 0.3826295 0.6533128 0.6532818 4.91887e-5 0.9238652 0.3827182 5.65494e-5 0.7071209 0.7070927 0.382621 0.6532831 0.6533166 2.18004e-5 0.707062 0.7071516 2.27052e-5 0.382731 0.9238598 0.382668 0.6532504 0.6533216 4.61191e-5 0.3827145 0.9238668 0.3283034 0.3033397 0.8945401 0.328286 0.3032952 0.8945616 1.55866e-5 0.3826643 0.9238875 3.62582e-5 4.24199e-5 1 0.3283071 0.303223 0.8945783 4.55482e-5 3.19034e-5 1 0.3826512 4.31594e-5 0.923893 0.3283618 0.303241 0.8945521 0.3826968 1.74716e-5 0.9238741 0.652156 0.1462965 0.7438346 0.6521509 0.1462583 0.7438467 0.3827167 1.99156e-5 0.9238659 0.7070736 -3.23355e-6 0.70714 0.6521954 0.1463014 0.743799 0.7071294 3.23206e-5 0.7070842 0.9238708 5.19082e-5 0.3827046 1 1.8999e-7 3.63849e-5 0.9238885 0.2705625 0.2706032 0.9238916 6.16163e-6 0.3826544 0.9238728 5.42626e-5 0.3826999 0.9238681 0.2705864 0.2706488 0.7071338 0.4999626 0.4999994 0.9238665 2.45124e-6 0.3827151 0.7071158 0.4999732 0.500014 0.652187 0.1463019 0.7438064 0.6521642 0.1463572 0.7438155 0.7070848 0.5000159 0.5000153 0.3826828 0.6532593 0.6533042 0.6521507 0.1463579 0.7438272 0.3826683 0.6532587 0.6533132 0.3283774 0.3033015 0.8945259 1 2.50265e-5 2.45571e-5 0.9238887 0.3826614 2.80701e-5 0.9238921 0.2705809 0.2705723 0.923863 0.270639 0.2706137 0.9238613 0.3827276 1.28299e-5 0.7071147 0.7070989 5.69224e-5 0.9238642 0.2706457 0.270603 0.7071304 0.7070832 3.19034e-5 0.707145 0.4999862 0.4999599 0.7071287 0.5000271 0.499942 0.7071137 0.7071 2.04518e-5 0.6522052 0.7437861 0.1463238 0.7070918 0.5000576 0.4999636 0.6521598 0.7438194 0.1463568 0.3283632 0.8945247 0.3033201 0.3283591 0.8945553 0.3032346 0.6521548 0.7438376 0.1462868 0.3826771 0.9238823 2.65278e-5 0.7070732 0.7071404 -4.13278e-5 0.3827168 0.9238658 -4.35859e-6 0.6521502 0.743844 0.1462742 0.3827242 0.6533036 0.6532356 0.7070949 0.5000206 0.4999962 0.3283682 0.8945305 0.3032979 -0.9238919 0.3826538 -2.90573e-6 -1 3.52152e-5 -1.07624e-5 -0.8945793 0.30325 0.3282794 -0.8945806 0.3032277 0.3282966 -1 3.60757e-5 3.38152e-5 -0.9238975 4.85983e-5 0.3826403 -0.8945567 0.3032613 0.3283303 -0.9238625 4.74378e-5 0.3827245 -0.7438636 0.1462936 0.6521236 -0.7438444 0.1462654 0.6521518 -0.9238658 2.80778e-5 0.3827167 -0.7071405 2.68966e-6 0.707073 -0.7437934 0.1462946 0.6522035 -0.7070788 2.43932e-5 0.7071347 -0.3826958 4.09335e-5 0.9238744 -3.58634e-5 -2.11224e-6 1 -0.2706032 0.27056 0.9238893 -0.3826544 4.09037e-6 0.9238917 -0.382726 1.72406e-5 0.923862 -0.2706413 0.2706199 0.9238605 -0.5000368 0.4999539 0.7071133 -0.3827148 9.06177e-6 0.9238666 -0.500012 0.4999787 0.7071134 -0.7438055 0.1463069 0.6521868 -0.743811 0.1463611 0.6521685 -0.5000505 0.500009 0.7070647 -0.6532996 0.6532621 0.3826857 -0.7438326 0.1463615 0.6521437 -0.6533011 0.6532388 0.3827229 -0.8945293 0.3033022 0.3283678 -0.8945403 0.3033356 0.3283069 -0.6533108 0.6532781 0.3826391 -0.9238681 0.3827109 4.97755e-5 -2.64421e-5 2.65974e-5 1 -3.00929e-5 0.3826628 0.9238881 -0.2705742 0.2705824 0.9238911 -0.2706137 0.2706391 0.923863 -1.28597e-5 0.3827276 0.9238613 -5.69671e-5 0.7070989 0.7071148 -0.2706039 0.2706449 0.9238641 -3.31439e-5 0.7070827 0.7071309 -0.4999609 0.4999853 0.7071449 -0.4999746 0.5000185 0.7071117 -1.44541e-5 0.7070917 0.7071219 -0.1463176 0.7437786 0.6522152 -0.4999699 0.5000551 0.7070892 -0.146364 0.743819 0.6521587 -0.3033266 0.8945235 0.3283607 -0.3032328 0.8945565 0.3283572 -0.1463171 0.7438334 0.6521528 -6.37863e-5 0.9238731 0.3826992 -0.3032387 0.8945736 0.328305 -2.49743e-5 0.9239025 0.382628 -2.30875e-5 1 6.04801e-5 5.82568e-5 0.7071316 0.707082 1.97217e-5 0.9238612 0.382728 -0.1462758 0.74385 0.652143 -5.72833e-5 1 3.31253e-5 -0.3826355 0.9238994 4.52921e-5 -0.303249 0.8945823 0.3282724 -0.3033321 0.8945434 0.3283016 -0.3827136 0.9238671 4.48697e-5 -0.6532701 0.6533151 0.3826454 -0.3033388 0.8945221 0.3283532 -0.6532675 0.6532825 0.3827058 -0.499983 0.5000532 0.7070812 -0.3827394 0.9238563 1.78218e-5 -0.7070867 0.707127 5.9071e-5 -0.6532752 0.6533185 0.3826313 -0.6533139 0.6532855 0.3826214 -0.7071491 0.7070645 2.21729e-5 -0.9238585 0.3827343 2.41795e-5 -3.55989e-5 -1 9.36191e-6 -3.58969e-5 -1 -2.42367e-5 -0.3826388 -0.923898 1.15499e-5 -0.3826472 -0.9238946 2.42349e-5 -4.48823e-5 -1 -1.15499e-5 -0.3826473 -0.9238945 -9.36191e-6 -0.3827242 -0.9238627 9.36188e-6 -0.3827239 -0.9238628 -2.42349e-5 -0.7070787 -0.7071349 1.15499e-5 -0.7070732 -0.7071405 2.42367e-5 -0.3827169 -0.9238657 -1.15499e-5 -0.7070732 -0.7071405 -9.36189e-6 -0.707138 -0.7070757 9.3619e-6 -0.707138 -0.7070756 -2.42349e-5 -0.9238644 -0.3827203 1.15499e-5 -0.9238643 -0.3827202 2.42367e-5 -0.707138 -0.7070757 -1.15499e-5 -0.9238644 -0.3827203 -9.36189e-6 -0.9238961 -0.3826435 9.3619e-6 -0.9238961 -0.3826435 -2.42349e-5 -1 -4.06653e-5 1.15499e-5 -1 -4.06802e-5 2.42349e-5 -0.9238961 -0.3826435 -1.15499e-5 -1 -4.06653e-5 -9.3619e-6 -1 4.06653e-5 9.3619e-6 -1 4.06802e-5 -2.42349e-5 -0.9238961 0.3826435 1.15499e-5 -0.9238961 0.3826435 2.42349e-5 -1 4.06653e-5 -1.15499e-5 -0.9238961 0.3826435 -9.3619e-6 -0.9238644 0.3827203 9.36189e-6 -0.9238643 0.3827202 -2.42367e-5 -0.707138 0.7070757 1.15499e-5 -0.707138 0.7070756 2.42349e-5 -0.9238644 0.3827203 -1.15499e-5 -0.707138 0.7070757 -9.3619e-6 -0.7070732 0.7071405 9.36189e-6 -0.7070732 0.7071405 -2.42367e-5 -0.3827169 0.9238657 1.15499e-5 -0.3827239 0.9238628 2.42349e-5 -0.7070787 0.7071349 -1.15499e-5 -0.3827242 0.9238627 -9.36188e-6 -0.3826473 0.9238945 9.36191e-6 -0.3826472 0.9238946 -2.42349e-5 -4.48823e-5 1 1.15499e-5 -3.58969e-5 1 2.42367e-5 -0.3826388 0.923898 -1.15499e-5 -3.55989e-5 1 -9.36191e-6 0 -1.92524e-6 1 -0.499952 1.24201e-5 -0.8660532 -0.499952 1.74716e-5 -0.8660532 -5.64158e-5 6.99409e-6 -1 -5.73546e-5 -1.74642e-5 -1 -0.4999528 -6.99409e-6 -0.8660527 -5.73397e-5 -1.24201e-5 -1 5.59241e-5 1.24201e-5 -1 5.59688e-5 1.74642e-5 -1 0.4999516 6.99408e-6 -0.8660535 0.4999528 -1.74642e-5 -0.8660527 5.73397e-5 -6.99409e-6 -1 0.4999528 -1.24201e-5 -0.8660527 0.5000485 1.24201e-5 -0.8659975 0.5000485 1.74567e-5 -0.8659975 0.8659975 7.05578e-6 -0.5000483 0.8659981 -1.74642e-5 -0.5000473 0.5000497 -8.79371e-5 -0.8659967 0.8659982 -1.24201e-5 -0.5000473 0.8660535 1.24201e-5 -0.4999514 0.8660535 1.7561e-5 -0.4999513 1 6.93239e-6 -5.57899e-5 1 -1.75312e-5 -5.38826e-5 0.8660544 -6.93239e-6 -0.4999498 1 -1.24201e-5 -5.39124e-5 1 1.24201e-5 5.39124e-5 1 1.75312e-5 5.38826e-5 0.8660544 6.93239e-6 0.4999498 0.8660535 -1.7561e-5 0.4999513 1 -6.93239e-6 5.57899e-5 0.8660535 -1.24201e-5 0.4999514 0.8659982 1.24201e-5 0.5000473 0.8659981 1.74642e-5 0.5000473 0.5000497 8.79371e-5 0.8659967 0.5000485 -1.74567e-5 0.8659975 0.8659975 -7.05578e-6 0.5000483 0.5000485 -1.24201e-5 0.8659975 0.4999505 1.24201e-5 0.866054 0.4999505 1.75163e-5 0.866054 5.4732e-5 6.99409e-6 1 5.51492e-5 -1.75163e-5 1 0.4999509 -6.99409e-6 0.8660538 5.51492e-5 -1.24201e-5 1 -5.47618e-5 1.24201e-5 1 -5.47618e-5 1.75089e-5 1 -0.4999505 6.99409e-6 0.8660539 -0.4999513 -1.75089e-5 0.8660535 -5.56856e-5 -6.99409e-6 1 -0.4999513 -1.24201e-5 0.8660535 -0.5000507 1.24201e-5 0.8659962 -0.5000507 1.74716e-5 0.8659963 -0.8659988 6.9941e-6 0.5000461 -0.8659988 -1.74642e-5 0.5000463 -0.5000507 -6.99408e-6 0.8659962 -0.8659988 -1.24201e-5 0.5000462 -0.8660526 1.24201e-5 0.4999529 -0.8660527 1.75163e-5 0.4999528 -1 6.99408e-6 5.75334e-5 -1 -1.75089e-5 5.39124e-5 -0.8660545 -6.99408e-6 0.4999497 -1 -1.24201e-5 5.38528e-5 -1 1.24201e-5 -5.38528e-5 -1 1.75089e-5 -5.39124e-5 -0.8660545 6.99408e-6 -0.4999497 -0.8660527 -1.75163e-5 -0.4999528 -1 -6.99408e-6 -5.75334e-5 -0.8660526 -1.24201e-5 -0.4999529 -0.8659988 1.24201e-5 -0.5000462 -0.8659988 1.74642e-5 -0.5000463 -0.5000507 6.99408e-6 -0.8659962 -0.5000507 -1.74716e-5 -0.8659963 -0.8659988 -6.9941e-6 -0.5000461 -0.5000507 -1.24201e-5 -0.8659962 3.79774e-6 -1 0 -8.68054e-6 -1 0 5.63819e-6 -1 0 1.18579e-5 -1 0 -1.18578e-5 -1 0 -0.4999525 -3.24845e-6 -0.8660529 -5.70267e-5 -1.53506e-5 -1 -5.70267e-5 1.23615e-5 -1 5.80251e-5 1.52581e-5 -1 5.80251e-5 -1.23615e-5 -1 0.4999535 3.39747e-6 -0.8660523 5.80102e-5 -3.39001e-6 -1 0.4999533 -1.52581e-5 -0.8660524 0.4999533 1.23615e-5 -0.8660524 0.5000462 1.52581e-5 -0.8659988 0.5000462 -1.23615e-5 -0.8659989 0.8659961 3.39001e-6 -0.5000509 0.5000486 -3.39001e-6 -0.8659974 0.8659975 -1.52581e-5 -0.5000484 0.8659976 1.23615e-5 -0.5000483 0.8660537 1.52581e-5 -0.499951 0.8660537 -1.23615e-5 -0.499951 1 3.36021e-6 -5.53429e-5 0.8660537 -3.36021e-6 -0.4999511 1 -1.52581e-5 -5.53429e-5 1 1.23615e-5 -5.53429e-5 1 1.52581e-5 5.53429e-5 1 -1.23615e-5 5.53429e-5 0.8660537 3.36021e-6 0.4999511 1 -3.36021e-6 5.53429e-5 0.8660537 -1.52581e-5 0.499951 0.8660537 1.23615e-5 0.499951 0.8659974 1.53197e-5 0.5000485 0.8659975 -1.23615e-5 0.5000484 0.5000485 3.30061e-6 0.8659974 0.8659974 -3.30061e-6 0.5000485 0.5000485 -1.53197e-5 0.8659974 0.5000484 1.23615e-5 0.8659975 0.499951 1.24201e-5 0.8660537 0.499951 2.30446e-5 0.8660537 5.53131e-5 8.04289e-6 1 5.62817e-5 -2.30521e-5 1 0.4999519 -8.0429e-6 0.8660532 5.63115e-5 -1.24201e-5 1 -5.43445e-5 1.24201e-5 1 -5.43743e-5 2.3134e-5 1 -0.4999502 8.22797e-6 0.8660542 -0.4999511 -2.31266e-5 0.8660537 -5.53727e-5 -8.22797e-6 1 -0.4999511 -1.24201e-5 0.8660537 -0.5000484 1.53197e-5 0.8659975 -0.5000484 -1.23615e-5 0.8659976 -0.8659974 3.34531e-6 0.5000485 -5.70417e-5 3.24845e-6 -1 -0.4999526 1.53506e-5 -0.8660529 -0.4999526 -1.23615e-5 -0.8660529 -0.5000485 -1.52272e-5 -0.8659974 -0.5000485 1.23615e-5 -0.8659974 -0.8659976 -3.40492e-6 -0.5000483 -0.5000473 3.40492e-6 -0.8659982 -0.8659968 1.52272e-5 -0.5000497 -0.8659968 -1.23615e-5 -0.5000497 -0.8660529 -1.53197e-5 -0.4999525 -0.8660529 1.23615e-5 -0.4999526 -1 -3.35276e-6 -5.69969e-5 -0.8660529 3.34531e-6 -0.4999526 -1 1.53197e-5 -5.70118e-5 -1 -1.23615e-5 -5.69969e-5 -1 -1.53197e-5 5.70118e-5 -1 1.23615e-5 5.69969e-5 -0.8660529 -3.34531e-6 0.4999526 -1 3.35276e-6 5.69969e-5 -0.8660529 1.53197e-5 0.4999525 -0.8660529 -1.23615e-5 0.4999526 -0.8659982 -1.53197e-5 0.5000473 -0.8659982 1.23615e-5 0.5000473 -0.5000497 -3.35276e-6 0.8659968 4.64477e-6 -1 0 -5.36331e-6 -1 0 1.26898e-5 -1 0 6.34488e-6 -1 0 -5.56707e-5 1.24201e-5 1 -5.57527e-5 -1.83731e-5 1 -0.4999511 7.37472e-5 0.8660537 -0.4999588 1.83433e-5 0.8660492 -6.46114e-5 1.3365e-5 1 -0.4999589 -1.24201e-5 0.8660492 -0.5000444 1.24201e-5 0.8659998 -0.5000444 -1.80304e-5 0.8659999 -0.8659951 -1.39203e-5 0.5000526 -0.8659952 1.80155e-5 0.5000525 -0.5000443 1.39203e-5 0.8659999 -0.8659952 -1.24201e-5 0.5000525 -0.8660525 1.24201e-5 0.4999533 -0.8660524 -1.82688e-5 0.4999532 -1 -1.35501e-5 5.79655e-5 -1 1.82539e-5 5.78389e-5 -0.8660523 1.35502e-5 0.4999533 -1 -1.24201e-5 5.79208e-5 1 1.24201e-5 5.79208e-5 1 -1.82539e-5 5.78389e-5 0.8660523 -1.35502e-5 0.4999533 0.8660524 1.82688e-5 0.4999532 1 1.35501e-5 5.79655e-5 0.8660525 -1.24201e-5 0.4999533 0.8659952 1.24201e-5 0.5000525 0.8659952 -1.80155e-5 0.5000525 0.5000443 -1.39203e-5 0.8659999 0.5000444 1.80304e-5 0.8659999 0.8659951 1.39203e-5 0.5000526 0.5000444 -1.24201e-5 0.8659998 0.4999529 1.24201e-5 0.8660526 0.499953 -1.83433e-5 0.8660525 5.74142e-5 -1.33034e-5 1 6.24955e-5 1.83433e-5 1 0.4999574 -7.37475e-5 0.86605 6.25253e-5 -1.24201e-5 1 5.60731e-5 1.24201e-5 -1 5.60656e-5 -1.82539e-5 -1 0.4999517 -1.34268e-5 -0.8660534 0.4999533 1.82539e-5 -0.8660525 5.804e-5 1.34267e-5 -1 0.4999533 -1.24201e-5 -0.8660525 0.5000526 1.24201e-5 -0.8659951 0.5000526 -1.82837e-5 -0.8659951 0.8659998 -1.33651e-5 -0.5000443 0.8659998 1.82837e-5 -0.5000444 0.5000526 1.33651e-5 -0.865995 0.8659998 -1.24201e-5 -0.5000444 0.8660525 1.24201e-5 -0.4999531 0.8660525 -1.80602e-5 -0.4999531 1 -1.39203e-5 -5.78165e-5 1 1.80453e-5 -6.48946e-5 0.8660486 1.39204e-5 -0.4999599 1 -1.24201e-5 -6.51181e-5 -1 1.24201e-5 -5.78016e-5 -1 -1.80602e-5 -5.77867e-5 -0.8660524 -1.39203e-5 -0.4999532 -0.8660489 1.80751e-5 -0.4999594 -1 1.39203e-5 -6.55204e-5 -0.8660488 -1.24201e-5 -0.4999595 -0.8659998 1.24201e-5 -0.5000444 -0.8659998 -1.82837e-5 -0.5000444 -0.5000526 -1.33651e-5 -0.865995 -0.5000526 1.82837e-5 -0.8659951 -0.8659998 1.33651e-5 -0.5000443 -0.5000526 -1.24201e-5 -0.8659951 -0.4999533 1.24201e-5 -0.8660525 -0.4999533 -1.82539e-5 -0.8660525 -5.804e-5 -1.34267e-5 -1 -5.60656e-5 1.82539e-5 -1 -0.4999517 1.34268e-5 -0.8660534 -5.60731e-5 -1.24201e-5 -1 -1.26544e-5 -1 0 1.26544e-5 -1 0 -0.499951 1.24201e-5 -0.8660538 -0.499951 -1.14366e-5 -0.8660538 -5.5179e-5 -1.45373e-5 -1 -5.5179e-5 1.14366e-5 -1 -0.499951 1.45373e-5 -0.8660538 -5.5179e-5 -1.24201e-5 -1 5.5179e-5 1.24201e-5 -1 5.5179e-5 -1.14366e-5 -1 0.499951 -1.45373e-5 -0.8660538 0.499951 1.14366e-5 -0.8660538 5.5179e-5 1.45373e-5 -1 0.499951 -1.24201e-5 -0.8660538 0.5000502 1.24201e-5 -0.8659964 0.5000501 -1.14441e-5 -0.8659965 0.8659985 1.0441e-4 -0.5000467 0.8659965 1.14515e-5 -0.5000501 0.5000467 -1.0441e-4 -0.8659986 0.8659965 -1.24201e-5 -0.5000502 0.8660545 1.24201e-5 -0.4999496 0.8660545 -1.14664e-5 -0.4999498 1 -1.45373e-5 -5.35697e-5 1 1.14739e-5 -5.90235e-5 0.8660517 1.45373e-5 -0.4999545 1 -1.24201e-5 -5.91576e-5 1 1.24201e-5 5.91576e-5 1 -1.14739e-5 5.90235e-5 0.8660517 -1.45373e-5 0.4999545 0.8660545 1.14664e-5 0.4999498 1 1.45373e-5 5.35697e-5 0.8660545 -1.24201e-5 0.4999496 0.8659974 1.24201e-5 0.5000485 0.8659974 -1.14366e-5 0.5000485 0.5000483 -1.45373e-5 0.8659976 0.5000517 1.14292e-5 0.8659957 0.8659995 1.45373e-5 0.500045 0.5000519 -1.24201e-5 0.8659955 0.499951 1.24201e-5 0.8660538 0.499951 -1.14366e-5 0.8660538 5.5179e-5 -1.45373e-5 1 5.5179e-5 1.14366e-5 1 0.499951 1.45373e-5 0.8660538 5.5179e-5 -1.24201e-5 1 -5.5179e-5 1.24201e-5 1 -5.5179e-5 -1.14366e-5 1 -0.499951 -1.45373e-5 0.8660538 -0.499951 1.14366e-5 0.8660538 -5.5179e-5 1.45373e-5 1 -0.499951 -1.24201e-5 0.8660538 -0.5000485 1.24201e-5 0.8659975 -0.5000485 -1.15335e-5 0.8659974 -0.8659975 -1.44756e-5 0.5000485 -0.8659974 1.15335e-5 0.5000485 -0.5000485 1.44756e-5 0.8659975 -0.8659975 -1.24201e-5 0.5000485 -0.8660544 1.24201e-5 0.4999498 -0.8660545 -1.14441e-5 0.4999498 -1 -1.45373e-5 5.37634e-5 -1 1.14366e-5 5.38975e-5 -0.8660545 1.45372e-5 0.4999497 -1 -1.14366e-5 -5.38975e-5 -0.8660545 -1.45372e-5 -0.4999497 -0.8660545 1.14441e-5 -0.4999498 -1 1.45373e-5 -5.37634e-5 -0.8660544 -1.24201e-5 -0.4999498 -0.8659965 1.24201e-5 -0.5000501 -0.8659965 -1.14366e-5 -0.5000501 -0.5000468 -1.45373e-5 -0.8659984 -0.5000468 1.14292e-5 -0.8659984 -0.8659965 1.45372e-5 -0.5000501 -0.5000469 -1.24201e-5 -0.8659985 -1.00234e-5 -1 0 3.25522e-6 -1 0 6.26466e-6 -1 0 -1.36923e-5 -1 0 1.18578e-5 -1 0 -1.18579e-5 -1 0 0.5000485 -1.24201e-5 0.8659975 0.5000485 1.15335e-5 0.8659974 0.8659975 1.44756e-5 0.5000485 0.8659974 -1.15335e-5 0.5000485 0.5000485 -1.44756e-5 0.8659975 0.8659975 1.24201e-5 0.5000485 0.8660544 -1.24201e-5 0.4999498 0.8660545 1.14441e-5 0.4999498 1 1.45373e-5 5.37634e-5 1 -1.14366e-5 5.38975e-5 0.8660545 -1.45372e-5 0.4999497 1 1.24201e-5 5.38528e-5 1 -1.24201e-5 -5.38528e-5 1 1.14366e-5 -5.38975e-5 0.8660545 1.45372e-5 -0.4999497 0.8660545 -1.14441e-5 -0.4999498 1 -1.45373e-5 -5.37634e-5 0.8660544 1.24201e-5 -0.4999498 0.8659965 -1.24201e-5 -0.5000501 0.8659965 1.14366e-5 -0.5000501 0.5000468 1.45373e-5 -0.8659984 0.5000468 -1.14292e-5 -0.8659984 0.8659965 -1.45372e-5 -0.5000501 0.5000469 1.24201e-5 -0.8659985 -0.5000502 -1.24201e-5 -0.8659964 -0.5000501 1.14441e-5 -0.8659965 -0.8659985 -1.0441e-4 -0.5000467 -0.8659965 -1.14515e-5 -0.5000501 -0.5000467 1.0441e-4 -0.8659986 -0.8659965 1.24201e-5 -0.5000502 -0.8660545 -1.24201e-5 -0.4999496 -0.8660545 1.14664e-5 -0.4999498 -1 1.45373e-5 -5.35697e-5 -1 -1.14739e-5 -5.90235e-5 -0.8660517 -1.45373e-5 -0.4999545 -1 1.24201e-5 -5.91576e-5 -1 -1.24201e-5 5.91576e-5 -1 1.14739e-5 5.90235e-5 -0.8660517 1.45373e-5 0.4999545 -0.8660545 -1.14664e-5 0.4999498 -1 -1.45373e-5 5.35697e-5 -0.8660545 1.24201e-5 0.4999496 -0.8659974 -1.24201e-5 0.5000485 -0.8659974 1.14366e-5 0.5000485 -0.5000483 1.45373e-5 0.8659976 -0.5000517 -1.14292e-5 0.8659957 -0.8659995 -1.45373e-5 0.500045 -0.5000519 1.24201e-5 0.8659955 -1.00235e-5 1 0 3.25521e-6 1 0 6.26464e-6 1 0 1.18579e-5 1 0 1.36923e-5 1 0 -1.18578e-5 1 0 1 -4.06653e-5 9.3619e-6 1 -4.06802e-5 -2.42349e-5 0.9238961 -0.3826435 1.15499e-5 0.9238961 -0.3826435 2.42349e-5 1 -4.06653e-5 -1.15499e-5 0.9238961 -0.3826435 -9.3619e-6 0.9238644 -0.3827203 9.36189e-6 0.9238643 -0.3827202 -2.42367e-5 0.707138 -0.7070757 1.15499e-5 0.707138 -0.7070756 2.42349e-5 0.9238644 -0.3827203 -1.15499e-5 0.707138 -0.7070757 -9.3619e-6 0.7070732 -0.7071405 9.36189e-6 0.7070732 -0.7071405 -2.42367e-5 0.3827169 -0.9238657 1.15499e-5 0.3827239 -0.9238628 2.42349e-5 0.7070787 -0.7071349 -1.15499e-5 0.3827242 -0.9238627 -9.36188e-6 0.3826473 -0.9238945 9.36191e-6 0.3826472 -0.9238946 -2.42349e-5 4.48823e-5 -1 1.15499e-5 3.58969e-5 -1 2.42367e-5 0.3826388 -0.923898 -1.15499e-5 3.55989e-5 -1 -9.36191e-6 3.55989e-5 1 9.36191e-6 3.58969e-5 1 -2.42367e-5 0.3826388 0.923898 1.15499e-5 0.3826472 0.9238946 2.42349e-5 4.48823e-5 1 -1.15499e-5 0.3826473 0.9238945 -9.36191e-6 0.3827242 0.9238627 9.36188e-6 0.3827239 0.9238628 -2.42349e-5 0.7070787 0.7071349 1.15499e-5 0.7070732 0.7071405 2.42367e-5 0.3827169 0.9238657 -1.15499e-5 0.7070732 0.7071405 -9.36189e-6 0.707138 0.7070757 9.3619e-6 0.707138 0.7070756 -2.42349e-5 0.9238644 0.3827203 1.15499e-5 0.9238643 0.3827202 2.42367e-5 0.707138 0.7070757 -1.15499e-5 0.9238644 0.3827203 -9.36189e-6 0.9238961 0.3826435 9.3619e-6 0.9238961 0.3826435 -2.42349e-5 1 4.06653e-5 1.15499e-5 1 4.06802e-5 2.42349e-5 0.9238961 0.3826435 -1.15499e-5 1 4.06653e-5 -9.3619e-6 -1 3.9652e-5 9.3619e-6 -1 3.97116e-5 -1.83638e-5 -0.9238966 0.3826426 0 -0.9238954 0.3826453 1.83657e-5 -1 4.26322e-5 0 -0.9238954 0.3826454 -9.3619e-6 -0.9238653 0.3827177 9.3619e-6 -0.9238654 0.3827177 -1.83638e-5 -0.70714 0.7070737 0 -0.7071398 0.7070738 1.83638e-5 -0.9238653 0.3827178 0 -0.7071398 0.7070738 -9.3619e-6 -0.7070732 0.7071405 9.36189e-6 -0.7070733 0.7071404 -1.83657e-5 -0.382717 0.9238656 0 -0.3827171 0.9238656 1.83657e-5 -0.7070733 0.7071403 0 -0.3827171 0.9238657 -9.3619e-6 -0.382652 0.9238927 9.36192e-6 -0.3826515 0.9238929 -1.83675e-5 -4.97997e-5 1 0 -3.5122e-5 1 1.83648e-5 -0.382638 0.9238983 -5.70301e-5 -3.48091e-5 1 -9.36192e-6 -3.86238e-5 1 -9.36191e-6 -3.86424e-5 1 -2.03326e-5 -0.3826415 0.9238969 -8.10862e-6 -0.3826417 0.9238969 2.03326e-5 -3.84897e-5 1 8.10865e-6 -0.3826417 0.9238969 9.36189e-6 -0.3827118 0.9238679 -9.36193e-6 -0.3827118 0.9238678 -2.02283e-5 -0.7070688 0.7071449 -7.87467e-5 -0.7070844 0.7071292 2.02358e-5 -0.3827322 0.9238594 8.2946e-6 -0.7070844 0.7071292 9.36193e-6 -0.70714 0.7070736 -9.36189e-6 -0.70714 0.7070736 -2.03922e-5 -0.9238655 0.3827173 -7.85614e-5 -0.9238631 0.3827232 2.03922e-5 -0.7071357 0.707078 8.15515e-6 -0.9238631 0.3827232 9.3619e-6 -0.9238958 0.3826441 -9.3619e-6 -0.9238959 0.3826441 -2.03326e-5 -1 4.13507e-5 -8.10863e-6 -1 4.13414e-5 2.03326e-5 -0.9238958 0.3826441 8.10864e-6 -1 4.13358e-5 9.3619e-6 1 4.13358e-5 -9.3619e-6 1 4.13414e-5 -2.03326e-5 0.9238958 0.3826441 -8.10864e-6 0.9238959 0.3826441 2.03326e-5 1 4.13507e-5 8.10863e-6 0.9238958 0.3826441 9.3619e-6 0.9238631 0.3827232 -9.3619e-6 0.9238631 0.3827232 -2.03922e-5 0.7071357 0.707078 -8.15515e-6 0.70714 0.7070736 2.03922e-5 0.9238655 0.3827173 7.85614e-5 0.70714 0.7070736 9.36189e-6 0.7070757 0.707138 -9.36189e-6 0.7070757 0.707138 -2.02283e-5 0.3827201 0.9238644 -7.87008e-5 0.3827232 0.9238632 2.02283e-5 0.7070779 0.7071358 8.29465e-6 0.3827231 0.9238632 9.3619e-6 0.3826417 0.9238969 -9.36189e-6 0.3826417 0.9238969 -2.03326e-5 3.84897e-5 1 -8.10865e-6 3.86424e-5 1 2.03326e-5 0.3826415 0.9238969 8.10862e-6 3.86238e-5 1 9.36191e-6 3.86238e-5 -1 -9.36191e-6 3.86424e-5 -1 -2.03326e-5 0.3826415 -0.9238969 -8.10862e-6 0.3826417 -0.9238969 2.03326e-5 3.84897e-5 -1 8.10865e-6 0.3826417 -0.9238969 9.36189e-6 0.3827118 -0.9238679 -9.36193e-6 0.3827118 -0.9238678 -2.02283e-5 0.7070688 -0.7071449 -7.87467e-5 0.7070844 -0.7071292 2.02358e-5 0.3827322 -0.9238594 8.2946e-6 0.7070844 -0.7071292 9.36193e-6 0.70714 -0.7070736 -9.36189e-6 0.70714 -0.7070736 -2.03922e-5 0.9238655 -0.3827173 -7.85614e-5 0.9238631 -0.3827232 2.03922e-5 0.7071357 -0.707078 8.15515e-6 0.9238631 -0.3827232 9.3619e-6 0.9238958 -0.3826441 -9.3619e-6 0.9238959 -0.3826441 -2.03326e-5 1 -4.13507e-5 -8.10863e-6 1 -4.13414e-5 2.03326e-5 0.9238958 -0.3826441 8.10864e-6 1 -4.13358e-5 9.3619e-6 -1 -4.13358e-5 -9.3619e-6 -1 -4.13414e-5 -2.03326e-5 -0.9238958 -0.3826441 -8.10864e-6 -0.9238959 -0.3826441 2.03326e-5 -1 -4.13507e-5 8.10863e-6 -0.9238958 -0.3826441 9.3619e-6 -0.9238631 -0.3827232 -9.3619e-6 -0.9238631 -0.3827232 -2.03922e-5 -0.7071357 -0.707078 -8.15515e-6 -0.70714 -0.7070736 2.03922e-5 -0.9238655 -0.3827173 7.85614e-5 -0.70714 -0.7070736 9.36189e-6 -0.7070757 -0.707138 -9.36189e-6 -0.7070757 -0.707138 -2.02283e-5 -0.3827201 -0.9238644 -7.87008e-5 -0.3827232 -0.9238632 2.02283e-5 -0.7070779 -0.7071358 8.29465e-6 -0.3827231 -0.9238632 9.3619e-6 -0.3826417 -0.9238969 -9.36189e-6 -0.3826417 -0.9238969 -2.03326e-5 -3.84897e-5 -1 -8.10865e-6 -3.86424e-5 -1 2.03326e-5 -0.3826415 -0.9238969 8.10862e-6 -3.86238e-5 -1 9.36191e-6 0 -7.35765e-6 1 0 7.35765e-6 1 0 -3.67885e-6 1 0 3.67885e-6 1 1.91284e-6 -1 0 -1.90193e-6 -1 0 -6.00567e-7 -1 0 2.64472e-7 -1 0 -1.30454e-6 -1 0 3.11907e-6 -1 0 -4.16362e-6 -1 0 1.43459e-6 -1 0 -3.47793e-5 -1 9.36192e-6 -3.50922e-5 -1 -1.83648e-5 -0.382638 -0.9238983 5.70301e-5 -0.3826515 -0.9238927 1.83675e-5 -4.98146e-5 -1 0 -0.382652 -0.9238927 -9.36192e-6 -0.382717 -0.9238656 9.3619e-6 -0.3827171 -0.9238656 -1.83657e-5 -0.7070732 -0.7071405 0 -0.7070733 -0.7071403 1.83657e-5 -0.3827171 -0.9238657 0 -0.7070733 -0.7071403 -9.36189e-6 -0.70714 -0.7070737 9.3619e-6 -0.7071399 -0.7070738 -1.83638e-5 -0.9238653 -0.3827177 0 -0.9238654 -0.3827179 1.83638e-5 -0.7071398 -0.7070738 0 -0.9238653 -0.3827178 -9.3619e-6 -0.9238954 -0.3826454 9.3619e-6 -0.9238954 -0.3826453 -1.83657e-5 -1 -4.26322e-5 0 -1 -3.97116e-5 1.83638e-5 -0.9238966 -0.3826426 0 -1 -3.9652e-5 -9.3619e-6</float_array>
          <technique_common>
            <accessor source="#EMROX-Argo_IPA-HN_V1_02_03_Simu_EMROX_IPA-HN_Plattform_V1_02_03-mesh-normals-array" count="2886" stride="3">
              <param name="X" type="float"/>
              <param name="Y" type="float"/>
              <param name="Z" type="float"/>
            </accessor>
          </technique_common>
        </source>
        <source id="EMROX-Argo_IPA-HN_V1_02_03_Simu_EMROX_IPA-HN_Plattform_V1_02_03-mesh-map-0">
          <float_array id="EMROX-Argo_IPA-HN_V1_02_03_Simu_EMROX_IPA-HN_Plattform_V1_02_03-mesh-map-0-array" count="11400">4.65 1.495997 -4.65 0 4.65 0 4.65 0 -4.65 0 -4.65 -1.495997 4.65 0 -4.65 -1.495997 4.65 -1.495997 4.65 -1.495997 -4.65 -1.495997 -4.65 -2.991993 4.65 -1.495997 -4.65 -2.991993 4.65 -2.991993 4.65 -2.991993 -4.65 -2.991993 -4.65 -4.487989 4.65 -2.991993 -4.65 -4.487989 4.65 -4.487989 4.65 -4.487989 -4.65 -4.487989 -4.65 -5.983986 4.65 -4.487989 -4.65 -5.983986 4.65 -5.983986 4.65 -5.983986 -4.65 -5.983986 -4.65 -7.479982 4.65 -5.983986 -4.65 -7.479982 4.65 -7.479982 4.65 -7.479982 -4.65 -7.479982 -4.65 -8.975979 4.65 -7.479982 -4.65 -8.975979 4.65 -8.975979 4.65 -8.975979 -4.65 -8.975979 -4.65 -10.47198 4.65 -8.975979 -4.65 -10.47198 4.65 -10.47198 4.65 -10.47198 -4.65 -10.47198 -4.65 -11.96797 4.65 -10.47198 -4.65 -11.96797 4.65 -11.96797 4.65 -11.96797 -4.65 -11.96797 -4.65 -13.46397 4.65 -11.96797 -4.65 -13.46397 4.65 -13.46397 4.65 -13.46397 -4.65 -13.46397 -4.65 -14.95997 4.65 -13.46397 -4.65 -14.95997 4.65 -14.95996 4.65 16.45596 -4.65 16.45596 -4.65 14.95996 4.65 16.45596 -4.65 14.95996 4.65 14.95996 4.65 14.95996 -4.65 14.95996 -4.65 13.46397 4.65 14.95996 -4.65 13.46397 4.65 13.46397 4.65 13.46397 -4.65 13.46397 -4.65 11.96797 4.65 13.46397 -4.65 11.96797 4.65 11.96797 4.65 11.96797 -4.65 11.96797 -4.65 10.47198 4.65 11.96797 -4.65 10.47198 4.65 10.47198 4.65 10.47198 -4.65 10.47198 -4.65 8.975979 4.65 10.47198 -4.65 8.975979 4.65 8.975979 4.65 8.975979 -4.65 8.975979 -4.65 7.479982 4.65 8.975979 -4.65 7.479982 4.65 7.479982 4.65 7.479982 -4.65 7.479982 -4.65 5.983986 4.65 7.479982 -4.65 5.983986 4.65 5.983986 4.65 5.983986 -4.65 5.983986 -4.65 4.487989 4.65 5.983986 -4.65 4.487989 4.65 4.487989 4.65 4.487989 -4.65 4.487989 -4.65 2.991993 4.65 4.487989 -4.65 2.991993 4.65 2.991993 4.65 2.991993 -4.65 2.991993 -4.65 1.495997 4.65 2.991993 -4.65 1.495997 4.65 1.495997 4.65 1.495997 -4.65 1.495997 -4.65 0 4.777864 -1.473776 5 0 -1.112605 -4.87464 -1.112605 -4.87464 5 0 4.777864 1.473776 -1.112605 -4.87464 4.777864 1.473776 4.131194 2.8166 4.131194 2.8166 3.117449 3.909158 -1.112605 -4.87464 -1.112605 -4.87464 3.117449 3.909158 1.826705 4.654369 -1.112605 -4.87464 1.826705 4.654369 0.37365 4.986019 0.37365 4.986019 -1.112605 4.87464 -1.112605 -4.87464 -1.112605 -4.87464 -1.112605 4.87464 -2.5 -4.330127 -2.5 -4.330127 -1.112605 4.87464 -2.5 4.330127 -2.5 -4.330127 -2.5 4.330127 -3.665259 -3.400864 -3.665259 -3.400864 -2.5 4.330127 -3.665259 3.400864 -3.665259 -3.400864 -3.665259 3.400864 -4.504844 -2.169419 -4.504844 -2.169419 -3.665259 3.400864 -4.504844 2.169419 -4.504844 -2.169419 -4.504844 2.169419 -4.944154 -0.745211 -4.944154 -0.745211 -4.504844 2.169419 -4.944154 0.745211 0.37365 -4.986019 1.826705 -4.654369 -1.112605 -4.87464 -1.112605 -4.87464 1.826705 -4.654369 3.117449 -3.909158 -1.112605 -4.87464 3.117449 -3.909158 4.131194 -2.8166 4.131194 -2.8166 4.777864 -1.473776 -1.112605 -4.87464 4.65 1.495997 -4.65 0 4.65 0 4.65 0 -4.65 0 -4.65 -1.495997 4.65 0 -4.65 -1.495997 4.65 -1.495997 4.65 -1.495997 -4.65 -1.495997 -4.65 -2.991993 4.65 -1.495997 -4.65 -2.991993 4.65 -2.991993 4.65 -2.991993 -4.65 -2.991993 -4.65 -4.487989 4.65 -2.991993 -4.65 -4.487989 4.65 -4.487989 4.65 -4.487989 -4.65 -4.487989 -4.65 -5.983986 4.65 -4.487989 -4.65 -5.983986 4.65 -5.983986 4.65 -5.983986 -4.65 -5.983986 -4.65 -7.479982 4.65 -5.983986 -4.65 -7.479982 4.65 -7.479982 4.65 -7.479982 -4.65 -7.479982 -4.65 -8.975979 4.65 -7.479982 -4.65 -8.975979 4.65 -8.975979 4.65 -8.975979 -4.65 -8.975979 -4.65 -10.47198 4.65 -8.975979 -4.65 -10.47198 4.65 -10.47198 4.65 -10.47198 -4.65 -10.47198 -4.65 -11.96797 4.65 -10.47198 -4.65 -11.96797 4.65 -11.96797 4.65 -11.96797 -4.65 -11.96797 -4.65 -13.46397 4.65 -11.96797 -4.65 -13.46397 4.65 -13.46397 4.65 -13.46397 -4.65 -13.46397 -4.65 -14.95997 4.65 -13.46397 -4.65 -14.95997 4.65 -14.95996 4.65 16.45596 -4.65 16.45596 -4.65 14.95996 4.65 16.45596 -4.65 14.95996 4.65 14.95996 4.65 14.95996 -4.65 14.95996 -4.65 13.46397 4.65 14.95996 -4.65 13.46397 4.65 13.46397 4.65 13.46397 -4.65 13.46397 -4.65 11.96797 4.65 13.46397 -4.65 11.96797 4.65 11.96797 4.65 11.96797 -4.65 11.96797 -4.65 10.47198 4.65 11.96797 -4.65 10.47198 4.65 10.47198 4.65 10.47198 -4.65 10.47198 -4.65 8.975979 4.65 10.47198 -4.65 8.975979 4.65 8.975979 4.65 8.975979 -4.65 8.975979 -4.65 7.479982 4.65 8.975979 -4.65 7.479982 4.65 7.479982 4.65 7.479982 -4.65 7.479982 -4.65 5.983986 4.65 7.479982 -4.65 5.983986 4.65 5.983986 4.65 5.983986 -4.65 5.983986 -4.65 4.487989 4.65 5.983986 -4.65 4.487989 4.65 4.487989 4.65 4.487989 -4.65 4.487989 -4.65 2.991993 4.65 4.487989 -4.65 2.991993 4.65 2.991993 4.65 2.991993 -4.65 2.991993 -4.65 1.495997 4.65 2.991993 -4.65 1.495997 4.65 1.495997 4.65 1.495997 -4.65 1.495997 -4.65 0 4.777864 -1.473776 5 0 -1.112605 -4.87464 -1.112605 -4.87464 5 0 4.777864 1.473776 -1.112605 -4.87464 4.777864 1.473776 4.131194 2.8166 4.131194 2.8166 3.117449 3.909158 -1.112605 -4.87464 -1.112605 -4.87464 3.117449 3.909158 1.826705 4.654369 -1.112605 -4.87464 1.826705 4.654369 0.37365 4.986019 0.37365 4.986019 -1.112605 4.87464 -1.112605 -4.87464 -1.112605 -4.87464 -1.112605 4.87464 -2.5 -4.330127 -2.5 -4.330127 -1.112605 4.87464 -2.5 4.330127 -2.5 -4.330127 -2.5 4.330127 -3.665259 -3.400864 -3.665259 -3.400864 -2.5 4.330127 -3.665259 3.400864 -3.665259 -3.400864 -3.665259 3.400864 -4.504844 -2.169419 -4.504844 -2.169419 -3.665259 3.400864 -4.504844 2.169419 -4.504844 -2.169419 -4.504844 2.169419 -4.944154 -0.745211 -4.944154 -0.745211 -4.504844 2.169419 -4.944154 0.745211 0.37365 -4.986019 1.826705 -4.654369 -1.112605 -4.87464 -1.112605 -4.87464 1.826705 -4.654369 3.117449 -3.909158 -1.112605 -4.87464 3.117449 -3.909158 4.131194 -2.8166 4.131194 -2.8166 4.777864 -1.473776 -1.112605 -4.87464 4.65 1.495997 -4.65 0 4.65 0 4.65 0 -4.65 0 -4.65 -1.495997 4.65 0 -4.65 -1.495997 4.65 -1.495997 4.65 -1.495997 -4.65 -1.495997 -4.65 -2.991993 4.65 -1.495997 -4.65 -2.991993 4.65 -2.991993 4.65 -2.991993 -4.65 -2.991993 -4.65 -4.487989 4.65 -2.991993 -4.65 -4.487989 4.65 -4.487989 4.65 -4.487989 -4.65 -4.487989 -4.65 -5.983986 4.65 -4.487989 -4.65 -5.983986 4.65 -5.983986 4.65 -5.983986 -4.65 -5.983986 -4.65 -7.479982 4.65 -5.983986 -4.65 -7.479982 4.65 -7.479982 4.65 -7.479982 -4.65 -7.479982 -4.65 -8.975979 4.65 -7.479982 -4.65 -8.975979 4.65 -8.975979 4.65 -8.975979 -4.65 -8.975979 -4.65 -10.47198 4.65 -8.975979 -4.65 -10.47198 4.65 -10.47198 4.65 -10.47198 -4.65 -10.47198 -4.65 -11.96797 4.65 -10.47198 -4.65 -11.96797 4.65 -11.96797 4.65 -11.96797 -4.65 -11.96797 -4.65 -13.46397 4.65 -11.96797 -4.65 -13.46397 4.65 -13.46397 4.65 -13.46397 -4.65 -13.46397 -4.65 -14.95997 4.65 -13.46397 -4.65 -14.95997 4.65 -14.95996 4.65 16.45596 -4.65 16.45596 -4.65 14.95996 4.65 16.45596 -4.65 14.95996 4.65 14.95996 4.65 14.95996 -4.65 14.95996 -4.65 13.46397 4.65 14.95996 -4.65 13.46397 4.65 13.46397 4.65 13.46397 -4.65 13.46397 -4.65 11.96797 4.65 13.46397 -4.65 11.96797 4.65 11.96797 4.65 11.96797 -4.65 11.96797 -4.65 10.47198 4.65 11.96797 -4.65 10.47198 4.65 10.47198 4.65 10.47198 -4.65 10.47198 -4.65 8.975979 4.65 10.47198 -4.65 8.975979 4.65 8.975979 4.65 8.975979 -4.65 8.975979 -4.65 7.479982 4.65 8.975979 -4.65 7.479982 4.65 7.479982 4.65 7.479982 -4.65 7.479982 -4.65 5.983986 4.65 7.479982 -4.65 5.983986 4.65 5.983986 4.65 5.983986 -4.65 5.983986 -4.65 4.487989 4.65 5.983986 -4.65 4.487989 4.65 4.487989 4.65 4.487989 -4.65 4.487989 -4.65 2.991993 4.65 4.487989 -4.65 2.991993 4.65 2.991993 4.65 2.991993 -4.65 2.991993 -4.65 1.495997 4.65 2.991993 -4.65 1.495997 4.65 1.495997 4.65 1.495997 -4.65 1.495997 -4.65 0 4.777864 -1.473776 5 0 -1.112605 -4.87464 -1.112605 -4.87464 5 0 4.777864 1.473776 -1.112605 -4.87464 4.777864 1.473776 4.131194 2.8166 4.131194 2.8166 3.117449 3.909158 -1.112605 -4.87464 -1.112605 -4.87464 3.117449 3.909158 1.826705 4.654369 -1.112605 -4.87464 1.826705 4.654369 0.37365 4.986019 0.37365 4.986019 -1.112605 4.87464 -1.112605 -4.87464 -1.112605 -4.87464 -1.112605 4.87464 -2.5 -4.330127 -2.5 -4.330127 -1.112605 4.87464 -2.5 4.330127 -2.5 -4.330127 -2.5 4.330127 -3.665259 -3.400864 -3.665259 -3.400864 -2.5 4.330127 -3.665259 3.400864 -3.665259 -3.400864 -3.665259 3.400864 -4.504844 -2.169419 -4.504844 -2.169419 -3.665259 3.400864 -4.504844 2.169419 -4.504844 -2.169419 -4.504844 2.169419 -4.944154 -0.745211 -4.944154 -0.745211 -4.504844 2.169419 -4.944154 0.745211 0.37365 -4.986019 1.826705 -4.654369 -1.112605 -4.87464 -1.112605 -4.87464 1.826705 -4.654369 3.117449 -3.909158 -1.112605 -4.87464 3.117449 -3.909158 4.131194 -2.8166 4.131194 -2.8166 4.777864 -1.473776 -1.112605 -4.87464 4.65 1.495997 -4.65 0 4.65 0 4.65 0 -4.65 0 -4.65 -1.495997 4.65 0 -4.65 -1.495997 4.65 -1.495997 4.65 -1.495997 -4.65 -1.495997 -4.65 -2.991993 4.65 -1.495997 -4.65 -2.991993 4.65 -2.991993 4.65 -2.991993 -4.65 -2.991993 -4.65 -4.487989 4.65 -2.991993 -4.65 -4.487989 4.65 -4.487989 4.65 -4.487989 -4.65 -4.487989 -4.65 -5.983986 4.65 -4.487989 -4.65 -5.983986 4.65 -5.983986 4.65 -5.983986 -4.65 -5.983986 -4.65 -7.479982 4.65 -5.983986 -4.65 -7.479982 4.65 -7.479982 4.65 -7.479982 -4.65 -7.479982 -4.65 -8.975979 4.65 -7.479982 -4.65 -8.975979 4.65 -8.975979 4.65 -8.975979 -4.65 -8.975979 -4.65 -10.47198 4.65 -8.975979 -4.65 -10.47198 4.65 -10.47198 4.65 -10.47198 -4.65 -10.47198 -4.65 -11.96797 4.65 -10.47198 -4.65 -11.96797 4.65 -11.96797 4.65 -11.96797 -4.65 -11.96797 -4.65 -13.46397 4.65 -11.96797 -4.65 -13.46397 4.65 -13.46397 4.65 -13.46397 -4.65 -13.46397 -4.65 -14.95997 4.65 -13.46397 -4.65 -14.95997 4.65 -14.95996 4.65 16.45596 -4.65 16.45596 -4.65 14.95996 4.65 16.45596 -4.65 14.95996 4.65 14.95996 4.65 14.95996 -4.65 14.95996 -4.65 13.46397 4.65 14.95996 -4.65 13.46397 4.65 13.46397 4.65 13.46397 -4.65 13.46397 -4.65 11.96797 4.65 13.46397 -4.65 11.96797 4.65 11.96797 4.65 11.96797 -4.65 11.96797 -4.65 10.47198 4.65 11.96797 -4.65 10.47198 4.65 10.47198 4.65 10.47198 -4.65 10.47198 -4.65 8.975979 4.65 10.47198 -4.65 8.975979 4.65 8.975979 4.65 8.975979 -4.65 8.975979 -4.65 7.479982 4.65 8.975979 -4.65 7.479982 4.65 7.479982 4.65 7.479982 -4.65 7.479982 -4.65 5.983986 4.65 7.479982 -4.65 5.983986 4.65 5.983986 4.65 5.983986 -4.65 5.983986 -4.65 4.487989 4.65 5.983986 -4.65 4.487989 4.65 4.487989 4.65 4.487989 -4.65 4.487989 -4.65 2.991993 4.65 4.487989 -4.65 2.991993 4.65 2.991993 4.65 2.991993 -4.65 2.991993 -4.65 1.495997 4.65 2.991993 -4.65 1.495997 4.65 1.495997 4.65 1.495997 -4.65 1.495997 -4.65 0 4.777864 -1.473776 5 0 -1.112605 -4.87464 -1.112605 -4.87464 5 0 4.777864 1.473776 -1.112605 -4.87464 4.777864 1.473776 4.131194 2.8166 4.131194 2.8166 3.117449 3.909158 -1.112605 -4.87464 -1.112605 -4.87464 3.117449 3.909158 1.826705 4.654369 -1.112605 -4.87464 1.826705 4.654369 0.37365 4.986019 0.37365 4.986019 -1.112605 4.87464 -1.112605 -4.87464 -1.112605 -4.87464 -1.112605 4.87464 -2.5 -4.330127 -2.5 -4.330127 -1.112605 4.87464 -2.5 4.330127 -2.5 -4.330127 -2.5 4.330127 -3.665259 -3.400864 -3.665259 -3.400864 -2.5 4.330127 -3.665259 3.400864 -3.665259 -3.400864 -3.665259 3.400864 -4.504844 -2.169419 -4.504844 -2.169419 -3.665259 3.400864 -4.504844 2.169419 -4.504844 -2.169419 -4.504844 2.169419 -4.944154 -0.745211 -4.944154 -0.745211 -4.504844 2.169419 -4.944154 0.745211 0.37365 -4.986019 1.826705 -4.654369 -1.112605 -4.87464 -1.112605 -4.87464 1.826705 -4.654369 3.117449 -3.909158 -1.112605 -4.87464 3.117449 -3.909158 4.131194 -2.8166 4.131194 -2.8166 4.777864 -1.473776 -1.112605 -4.87464 9.36044 21.42622 57.43842 22.15479 9.582576 22.9 9.582576 22.9 57.43842 22.15479 57.43842 23.64521 9.582576 22.9 57.43842 23.64521 9.36044 24.37378 9.36044 24.37378 57.43842 23.64521 57.87773 25.06942 9.36044 24.37378 57.87773 25.06942 58.48257 33.7 58.48257 33.7 57.87773 25.06942 58.71731 26.30086 58.48257 33.7 58.71731 26.30086 59.88257 27.23013 57.43842 22.15479 9.36044 21.42622 57.87773 20.73058 57.87773 20.73058 9.36044 21.42622 8.71377 20.0834 57.87773 20.73058 8.71377 20.0834 58.71731 19.49914 58.71731 19.49914 8.71377 20.0834 7.700025 18.99084 58.71731 19.49914 7.700025 18.99084 7.700025 -18.99084 7.700025 -18.99084 7.700025 18.99084 6.409281 18.24563 7.700025 -18.99084 6.409281 18.24563 6.409281 -18.24563 6.409281 -18.24563 6.409281 18.24563 4.956226 17.91398 6.409281 -18.24563 4.956226 17.91398 4.956226 -17.91398 4.956226 -17.91398 4.956226 17.91398 3.469971 -18.02536 3.469971 -18.02536 4.956226 17.91398 3.469971 18.02536 3.469971 -18.02536 3.469971 18.02536 -8.217425 17 -8.217425 17 3.469971 18.02536 2.082576 18.56987 -8.217425 17 2.082576 18.56987 0.917316 19.49914 -8.217425 17 0.917316 19.49914 -8.217425 18 -8.217425 18 0.917316 19.49914 0.07773095 20.73058 -8.217425 18 0.07773095 20.73058 -0.361578 22.15479 -0.361578 22.15479 -0.361578 23.64521 -8.217425 18 -8.217425 18 -0.361578 23.64521 -8.517425 18 -8.517425 18 -0.361578 23.64521 -8.517425 31.7 -8.517425 31.7 -0.361578 23.64521 0.07773095 25.06942 -8.517425 31.7 0.07773095 25.06942 0.917316 26.30086 -8.517425 31.7 0.917316 26.30086 -6.217424 34 -6.217424 34 0.917316 26.30086 2.082576 27.23013 -6.217424 34 2.082576 27.23013 3.469971 27.77464 3.469971 27.77464 4.956226 27.88602 -6.217424 34 -6.217424 34 4.956226 27.88602 6.409281 27.55437 -6.217424 34 6.409281 27.55437 58.48257 34 58.48257 34 6.409281 27.55437 7.700025 26.80916 58.48257 34 7.700025 26.80916 8.71377 25.7166 58.48257 34 8.71377 25.7166 58.48257 33.7 58.48257 33.7 8.71377 25.7166 9.36044 24.37378 67.16044 24.37378 67.38258 22.9 75.48258 31.7 75.48258 31.7 67.38258 22.9 67.16044 21.42622 75.48258 31.7 67.16044 21.42622 66.51377 20.0834 75.48258 31.7 66.51377 20.0834 75.48258 -17 75.48258 -17 66.51377 20.0834 65.50003 18.99084 75.48258 -17 65.50003 18.99084 64.20928 18.24563 75.48258 -17 64.20928 18.24563 75.18258 -17 75.18258 -17 64.20928 18.24563 62.75622 17.91398 75.18258 -17 62.75622 17.91398 62.75622 -17.91398 62.75622 -17.91398 62.75622 17.91398 61.26997 -18.02536 61.26997 -18.02536 62.75622 17.91398 61.26997 18.02536 61.26997 -18.02536 61.26997 18.02536 59.88257 -18.56987 59.88257 -18.56987 61.26997 18.02536 59.88257 18.56987 59.88257 -18.56987 59.88257 18.56987 58.71731 -19.49914 58.71731 -19.49914 59.88257 18.56987 58.71731 19.49914 58.71731 -19.49914 58.71731 19.49914 7.700025 -18.99084 59.88257 27.23013 61.26997 27.77464 58.48257 33.7 58.48257 33.7 61.26997 27.77464 59.48257 33.7 59.48257 33.7 61.26997 27.77464 62.75622 27.88602 59.48257 33.7 62.75622 27.88602 64.20928 27.55437 59.48257 33.7 64.20928 27.55437 73.18258 34 73.18258 34 64.20928 27.55437 65.50003 26.80916 73.18258 34 65.50003 26.80916 75.48258 31.7 75.48258 31.7 65.50003 26.80916 66.51377 25.7166 75.48258 31.7 66.51377 25.7166 67.16044 24.37378 67.16044 -21.42622 67.38258 -22.9 75.18258 -18 75.18258 -18 67.38258 -22.9 67.16044 -24.37378 75.18258 -18 67.16044 -24.37378 75.48258 -18 75.48258 -18 67.16044 -24.37378 75.48258 -31.7 75.48258 -31.7 67.16044 -24.37378 66.51377 -25.7166 75.48258 -31.7 66.51377 -25.7166 65.50003 -26.80916 75.48258 -31.7 65.50003 -26.80916 73.18258 -34 73.18258 -34 65.50003 -26.80916 64.20928 -27.55437 73.18258 -34 64.20928 -27.55437 62.75622 -27.88602 62.75622 -27.88602 61.26997 -27.77464 73.18258 -34 73.18258 -34 61.26997 -27.77464 8.482576 -34 8.482576 -34 61.26997 -27.77464 59.88257 -27.23013 8.482576 -34 59.88257 -27.23013 58.71731 -26.30086 58.71731 -26.30086 57.87773 -25.06942 8.482576 -34 8.482576 -34 57.87773 -25.06942 8.482576 -33.7 8.482576 -33.7 57.87773 -25.06942 9.36044 -24.37378 8.482576 -33.7 9.36044 -24.37378 8.71377 -25.7166 57.87773 -25.06942 57.43842 -23.64521 9.36044 -24.37378 9.36044 -24.37378 57.43842 -23.64521 9.582576 -22.9 9.582576 -22.9 57.43842 -23.64521 57.43842 -22.15479 9.582576 -22.9 57.43842 -22.15479 9.36044 -21.42622 9.36044 -21.42622 57.43842 -22.15479 57.87773 -20.73058 9.36044 -21.42622 57.87773 -20.73058 8.71377 -20.0834 8.71377 -20.0834 57.87773 -20.73058 58.71731 -19.49914 8.71377 -20.0834 58.71731 -19.49914 7.700025 -18.99084 62.75622 -17.91398 64.20928 -18.24563 75.18258 -17 75.18258 -17 64.20928 -18.24563 65.50003 -18.99084 75.18258 -17 65.50003 -18.99084 66.51377 -20.0834 75.18258 -17 66.51377 -20.0834 75.18258 -18 75.18258 -18 66.51377 -20.0834 67.16044 -21.42622 8.71377 -25.7166 7.700025 -26.80916 8.482576 -33.7 8.482576 -33.7 7.700025 -26.80916 6.409281 -27.55437 8.482576 -33.7 6.409281 -27.55437 7.482576 -33.7 7.482576 -33.7 6.409281 -27.55437 4.956226 -27.88602 7.482576 -33.7 4.956226 -27.88602 3.469971 -27.77464 7.482576 -33.7 3.469971 -27.77464 -6.217424 -34 -6.217424 -34 3.469971 -27.77464 2.082576 -27.23013 -6.217424 -34 2.082576 -27.23013 0.917316 -26.30086 -6.217424 -34 0.917316 -26.30086 -8.517425 -31.7 -8.517425 -31.7 0.917316 -26.30086 0.07773095 -25.06942 -8.517425 -31.7 0.07773095 -25.06942 -0.361578 -23.64521 -0.361578 -23.64521 -0.361578 -22.15479 -8.517425 -31.7 -8.517425 -31.7 -0.361578 -22.15479 0.07773095 -20.73058 -8.517425 -31.7 0.07773095 -20.73058 -8.517425 17 -8.517425 17 0.07773095 -20.73058 0.917316 -19.49914 -8.517425 17 0.917316 -19.49914 2.082576 -18.56987 -8.517425 17 2.082576 -18.56987 -8.217425 17 -8.217425 17 2.082576 -18.56987 3.469971 -18.02536 -7.097596 33.82492 -7.84377 33.32635 -6.217424 34 -6.217424 34 -7.84377 33.32635 -8.342348 32.58017 -6.217424 34 -8.342348 32.58017 -8.517425 31.7 -8.517425 -31.7 -8.342348 -32.58017 -6.217424 -34 -6.217424 -34 -8.342348 -32.58017 -7.84377 -33.32635 -6.217424 -34 -7.84377 -33.32635 -7.097596 -33.82492 -6.217424 -34 7.482576 -34 7.482576 -33.7 74.06275 -33.82492 74.80892 -33.32635 73.18258 -34 73.18258 -34 74.80892 -33.32635 75.3075 -32.58017 73.18258 -34 75.3075 -32.58017 75.48258 -31.7 75.48258 31.7 75.3075 32.58017 73.18258 34 73.18258 34 75.3075 32.58017 74.80892 33.32635 73.18258 34 74.80892 33.32635 74.06275 33.82492 73.18258 34 59.48257 34 59.48257 33.7 -2 1.675516 0 1.675516 -2 1.954769 -2 1.954769 0 1.675516 0 1.954769 -2 1.954769 0 1.954769 0 2.234021 0 2.513274 -2 2.513274 0 2.234021 0 2.234021 -2 2.513274 -2 2.234021 0 2.234021 -2 2.234021 -2 1.954769 -1.385641 0 0 0 -1.385641 2 -1.385641 2 0 0 0 2 2 0 0 0 2 -0.279253 2 -0.279253 0 0 0 -0.279253 2 -0.279253 0 -0.279253 0 -0.558505 0 -0.837758 2 -0.837758 0 -0.558505 0 -0.558505 2 -0.837758 2 -0.558505 0 -0.558505 2 -0.558505 2 -0.279253 -5.267 0 0 0 -5.267 2 -5.267 2 0 0 0 2 2 0 0 0 2 -0.279253 2 -0.279253 0 0 0 -0.279253 2 -0.279253 0 -0.279253 0 -0.558505 0 -0.837758 2 -0.837758 0 -0.558505 0 -0.558505 2 -0.837758 2 -0.558505 0 -0.558505 2 -0.558505 2 -0.279253 -1.385641 0 0 0 -1.385641 2 -1.385641 2 0 0 0 2 -2 1.675516 0 1.675516 -2 1.954769 -2 1.954769 0 1.675516 0 1.954769 -2 1.954769 0 1.954769 0 2.234021 0 2.513274 -2 2.513274 0 2.234021 0 2.234021 -2 2.513274 -2 2.234021 0 2.234021 -2 2.234021 -2 1.954769 -0.812836 4.197731 -0.812836 -4.197731 -0.6 4.019141 -0.6 4.019141 -0.812836 -4.197731 -0.6 -4.019141 -0.6 4.019141 -0.6 -4.019141 0.6 3.32632 0.6 3.32632 -0.6 -4.019141 0.6 -3.32632 0.6 3.32632 0.6 -3.32632 0.812836 -3.14773 -0.812836 -4.197731 -0.812836 4.197731 -0.951754 -4.438345 -0.951754 -4.438345 -0.812836 4.197731 -0.951754 4.438345 -0.951754 -4.438345 -0.951754 4.438345 -1 -4.711961 -1 -4.711961 -0.951754 4.438345 -1 4.711961 0.951754 -2.907116 1 -2.6335 0.812836 -3.14773 0.812836 -3.14773 1 -2.6335 0.6 3.32632 0.6 3.32632 1 -2.6335 0.812836 3.14773 0.812836 3.14773 1 -2.6335 1 2.6335 0.812836 3.14773 1 2.6335 0.951754 2.907116 10.71166 20.64825 10.95227 20.78717 10.43804 20.6 10.43804 20.6 10.95227 20.78717 0 20.6 0 20.6 10.95227 20.78717 11.13086 21 0 20.6 11.13086 21 11.82368 22.2 11.82368 22.2 12.00227 22.41284 0 20.6 0 20.6 12.00227 22.41284 12.24288 22.55175 0 20.6 12.24288 22.55175 0 30.4 0 30.4 12.24288 22.55175 12.5165 22.6 0 30.4 12.5165 22.6 17.7835 22.6 0 30.4 17.7835 22.6 64.7 30.4 64.7 30.4 17.7835 22.6 18.05712 22.55175 64.7 30.4 18.05712 22.55175 64.7 20.6 64.7 20.6 18.05712 22.55175 18.29773 22.41284 64.7 20.6 18.29773 22.41284 18.47632 22.2 18.47632 22.2 19.16914 21 64.7 20.6 64.7 20.6 19.16914 21 19.86196 20.6 19.86196 20.6 19.16914 21 19.34773 20.78717 19.86196 20.6 19.34773 20.78717 19.58835 20.64825 0 -3.141593 -1 -3.141593 0 -3.926991 0 -3.926991 -1 -3.141593 -1 -3.926991 0 -3.926991 -1 -3.926991 0 -4.712389 0 -4.712389 -1 -3.926991 -1 -4.712389 0 -4.712389 -1 -4.712389 0 -5.497787 0 -5.497787 -1 -4.712389 -1 -5.497787 0 -5.497787 -1 -5.497787 0 -6.283185 0 -6.283185 -1 -5.497787 -1 -6.283185 0 0 1 0 0 0.680678 0 0.680678 1 0 1 0.680678 0 0.680678 1 0.680678 0 1.361357 0 1.361357 1 0.680678 1 1.361357 0 1.361357 1 1.361357 0 2.042035 0 2.042035 1 1.361357 1 2.042035 0 1 -2.7 1 0 0 0 0 -2.7 1 -2.7 0 0 -3.141593 -1 -3.141593 0 -3.926991 0 -3.926991 -1 -3.141593 -1 -3.926991 0 -3.926991 -1 -3.926991 0 -4.712389 0 -4.712389 -1 -3.926991 -1 -4.712389 0 -4.712389 -1 -4.712389 0 -5.497787 0 -5.497787 -1 -4.712389 -1 -5.497787 0 -5.497787 -1 -5.497787 0 -6.283185 0 -6.283185 -1 -5.497787 -1 -6.283185 0 1 -2.2 1 0 0 0 0 -2.2 1 -2.2 0 0 27.4 -1 27.4 0 17.6 0 17.6 -1 27.4 -1 17.6 19.85 1.806416 -44.85 1.806416 19.85 0.903208 19.85 0.903208 -44.85 1.806416 -44.85 0.903208 19.85 0.903208 -44.85 0.903208 19.85 0 19.85 0 -44.85 0.903208 -44.85 0 19.85 0 -44.85 0 19.85 -0.903208 19.85 -0.903208 -44.85 0 -44.85 -0.903208 19.85 -0.903208 -44.85 -0.903208 17.85 -1.806416 17.85 -1.806416 -44.85 -0.903208 -44.85 -1.806416 17.85 -1.806416 19.85 -1.806416 19.85 -0.903208 -8.5 1 0 1 -8.5 3.2 -8.5 3.2 0 1 0 3.2 -17.25 -0.785398 -8.75 -0.785398 -17.25 -0.261799 -17.25 -0.261799 -8.75 -0.785398 -8.75 -0.261799 -17.25 -0.261799 -8.75 -0.261799 -17.25 0.261799 -17.25 0.261799 -8.75 -0.261799 -8.75 0.261799 -17.25 0.261799 -8.75 0.261799 -17.25 0.785398 -17.25 0.785398 -8.75 0.261799 -8.75 0.785398 -26 29 -26 31.7 -34.5 29 -34.5 29 -26 31.7 -39.7 31.7 -34.5 29 -39.7 31.7 -35.45671 28.8097 -35.45671 28.8097 -39.7 31.7 -36.26777 28.26777 -36.26777 28.26777 -39.7 31.7 -36.8097 27.45671 -36.8097 27.45671 -39.7 31.7 -37 26.5 -37 26.5 -39.7 31.7 -39.7 -17 -37 26.5 -39.7 -17 -37 -17 59.55 1.806416 45.85 1.806416 59.55 0.903208 59.55 0.903208 45.85 1.806416 45.85 0.903208 59.55 0.903208 45.85 0.903208 59.55 0 59.55 0 45.85 0.903208 45.85 0 59.55 0 45.85 0 59.55 -0.903208 59.55 -0.903208 45.85 0 45.85 -0.903208 59.55 -0.903208 45.85 -0.903208 59.55 -1.806416 59.55 -1.806416 45.85 -0.903208 45.85 -1.806416 0 -3.141593 -1 -3.141593 0 -3.926991 0 -3.926991 -1 -3.141593 -1 -3.926991 0 -3.926991 -1 -3.926991 0 -4.712389 0 -4.712389 -1 -3.926991 -1 -4.712389 0 -4.712389 -1 -4.712389 0 -5.497787 0 -5.497787 -1 -4.712389 -1 -5.497787 0 -5.497787 -1 -5.497787 0 -6.283185 0 -6.283185 -1 -5.497787 -1 -6.283185 0 0 1 0 0 0.680678 0 0.680678 1 0 1 0.680678 0 0.680678 1 0.680678 0 1.361357 0 1.361357 1 0.680678 1 1.361357 0 1.361357 1 1.361357 0 2.042035 0 2.042035 1 1.361357 1 2.042035 0 1 -2.7 1 0 0 0 0 -2.7 1 -2.7 0 0 -3.141593 -1 -3.141593 0 -3.926991 0 -3.926991 -1 -3.141593 -1 -3.926991 0 -3.926991 -1 -3.926991 0 -4.712389 0 -4.712389 -1 -3.926991 -1 -4.712389 0 -4.712389 -1 -4.712389 0 -5.497787 0 -5.497787 -1 -4.712389 -1 -5.497787 0 -5.497787 -1 -5.497787 0 -6.283185 0 -6.283185 -1 -5.497787 -1 -6.283185 0 1 -2.2 1 0 0 0 0 -2.2 1 -2.2 0 0 27.4 -1 27.4 0 17.6 0 17.6 -1 27.4 -1 17.6 15.85 1.806416 -32.85 1.806416 15.85 0.903208 15.85 0.903208 -32.85 1.806416 -32.85 0.903208 15.85 0.903208 -32.85 0.903208 15.85 0 15.85 0 -32.85 0.903208 -32.85 0 15.85 0 -32.85 0 15.85 -0.903208 15.85 -0.903208 -32.85 0 -32.85 -0.903208 15.85 -0.903208 -32.85 -0.903208 13.85 -1.806416 13.85 -1.806416 -32.85 -0.903208 -32.85 -1.806416 13.85 -1.806416 15.85 -1.806416 15.85 -0.903208 -4.846606 1 0 1 -4.846606 3.2 -4.846606 3.2 0 1 0 3.2 -11.4233 -0.785398 -6.576697 -0.785398 -11.44679 -0.374732 -11.44679 -0.374732 -6.576697 -0.785398 -6.576697 -0.261799 -11.44679 -0.374732 -6.576697 -0.261799 -11.5214 0.02750599 -11.5214 0.02750599 -6.576697 -0.261799 -6.576697 0.261799 -11.5214 0.02750599 -6.576697 0.261799 -11.65429 0.417601 -11.65429 0.417601 -6.576697 0.261799 -6.576697 0.785398 -11.65429 0.417601 -6.576697 0.785398 -11.83939 0.785398 -25 29 31.26269 29 -25 31.7 -25 31.7 31.26269 29 32.06252 29.99657 -25 31.7 32.06252 29.99657 33.125 30.70649 33.125 30.70649 34.35179 31.06407 -25 31.7 -25 31.7 34.35179 31.06407 39.7 31.7 39.7 31.7 34.35179 31.06407 35.62932 31.03619 39.7 31.7 35.62932 31.03619 36.83934 30.62545 36.83934 30.62545 37.86985 29.86985 39.7 31.7 39.7 31.7 37.86985 29.86985 38.62545 28.83934 39.7 31.7 38.62545 28.83934 39.03619 27.62932 39.03619 27.62932 39.06407 26.35179 39.7 31.7 39.7 31.7 39.06407 26.35179 39.7 18 39.7 18 39.06407 26.35179 38.70649 25.125 39.7 18 38.70649 25.125 37.99656 24.06252 37.99656 24.06252 37 23.26269 39.7 18 39.7 18 37 23.26269 37 18 47.55 1.806416 33.85 1.806416 47.55 0.903208 47.55 0.903208 33.85 1.806416 33.85 0.903208 47.55 0.903208 33.85 0.903208 47.55 0 47.55 0 33.85 0.903208 33.85 0 47.55 0 33.85 0 47.55 -0.903208 47.55 -0.903208 33.85 0 33.85 -0.903208 47.55 -0.903208 33.85 -0.903208 47.55 -1.806416 47.55 -1.806416 33.85 -0.903208 33.85 -1.806416 0 -3.141593 -1 -3.141593 0 -3.926991 0 -3.926991 -1 -3.141593 -1 -3.926991 0 -3.926991 -1 -3.926991 0 -4.712389 0 -4.712389 -1 -3.926991 -1 -4.712389 0 -4.712389 -1 -4.712389 0 -5.497787 0 -5.497787 -1 -4.712389 -1 -5.497787 0 -5.497787 -1 -5.497787 0 -6.283185 0 -6.283185 -1 -5.497787 -1 -6.283185 0 1 -2.2 1 0 0 0 0 -2.2 1 -2.2 0 0 0 1 0 0 0.680678 0 0.680678 1 0 1 0.680678 0 0.680678 1 0.680678 0 1.361357 0 1.361357 1 0.680678 1 1.361357 0 1.361357 1 1.361357 0 2.042035 0 2.042035 1 1.361357 1 2.042035 0 1 -2.7 1 0 0 0 0 -2.7 1 -2.7 0 0 -3.141593 -1 -3.141593 0 -3.926991 0 -3.926991 -1 -3.141593 -1 -3.926991 0 -3.926991 -1 -3.926991 0 -4.712389 0 -4.712389 -1 -3.926991 -1 -4.712389 0 -4.712389 -1 -4.712389 0 -5.497787 0 -5.497787 -1 -4.712389 -1 -5.497787 0 -5.497787 -1 -5.497787 0 -6.283185 0 -6.283185 -1 -5.497787 -1 -6.283185 0 27.4 -1 27.4 0 17.6 0 17.6 -1 27.4 -1 17.6 19.85 1.806416 -44.85 1.806416 19.85 0.903208 19.85 0.903208 -44.85 1.806416 -44.85 0.903208 19.85 0.903208 -44.85 0.903208 19.85 0 19.85 0 -44.85 0.903208 -44.85 0 19.85 0 -44.85 0 19.85 -0.903208 19.85 -0.903208 -44.85 0 -44.85 -0.903208 19.85 -0.903208 -44.85 -0.903208 17.85 -1.806416 17.85 -1.806416 -44.85 -0.903208 -44.85 -1.806416 17.85 -1.806416 19.85 -1.806416 19.85 -0.903208 -8.5 1 0 1 -8.5 3.2 -8.5 3.2 0 1 0 3.2 -17.25 -0.785398 -8.75 -0.785398 -17.25 -0.261799 -17.25 -0.261799 -8.75 -0.785398 -8.75 -0.261799 -17.25 -0.261799 -8.75 -0.261799 -17.25 0.261799 -17.25 0.261799 -8.75 -0.261799 -8.75 0.261799 -17.25 0.261799 -8.75 0.261799 -17.25 0.785398 -17.25 0.785398 -8.75 0.261799 -8.75 0.785398 37 17 37 -26.5 39.7 17 39.7 17 37 -26.5 39.7 -31.7 39.7 -31.7 37 -26.5 36.8097 -27.45671 39.7 -31.7 36.8097 -27.45671 36.26777 -28.26777 36.26777 -28.26777 35.45671 -28.8097 39.7 -31.7 39.7 -31.7 35.45671 -28.8097 34.5 -29 39.7 -31.7 34.5 -29 26 -31.7 26 -31.7 34.5 -29 26 -29 59.55 1.806416 45.85 1.806416 59.55 0.903208 59.55 0.903208 45.85 1.806416 45.85 0.903208 59.55 0.903208 45.85 0.903208 59.55 0 59.55 0 45.85 0.903208 45.85 0 59.55 0 45.85 0 59.55 -0.903208 59.55 -0.903208 45.85 0 45.85 -0.903208 59.55 -0.903208 45.85 -0.903208 59.55 -1.806416 59.55 -1.806416 45.85 -0.903208 45.85 -1.806416 0 -3.141593 -1 -3.141593 0 -3.926991 0 -3.926991 -1 -3.141593 -1 -3.926991 0 -3.926991 -1 -3.926991 0 -4.712389 0 -4.712389 -1 -3.926991 -1 -4.712389 0 -4.712389 -1 -4.712389 0 -5.497787 0 -5.497787 -1 -4.712389 -1 -5.497787 0 -5.497787 -1 -5.497787 0 -6.283185 0 -6.283185 -1 -5.497787 -1 -6.283185 0 0 1 0 0 0.680678 0 0.680678 1 0 1 0.680678 0 0.680678 1 0.680678 0 1.361357 0 1.361357 1 0.680678 1 1.361357 0 1.361357 1 1.361357 0 2.042035 0 2.042035 1 1.361357 1 2.042035 0 1 -2.7 1 0 0 0 0 -2.7 1 -2.7 0 0 -3.141593 -1 -3.141593 0 -3.926991 0 -3.926991 -1 -3.141593 -1 -3.926991 0 -3.926991 -1 -3.926991 0 -4.712389 0 -4.712389 -1 -3.926991 -1 -4.712389 0 -4.712389 -1 -4.712389 0 -5.497787 0 -5.497787 -1 -4.712389 -1 -5.497787 0 -5.497787 -1 -5.497787 0 -6.283185 0 -6.283185 -1 -5.497787 -1 -6.283185 0 1 -2.2 1 0 0 0 0 -2.2 1 -2.2 0 0 27.4 -1 27.4 0 17.6 0 17.6 -1 27.4 -1 17.6 15.85 1.806416 -32.85 1.806416 15.85 0.903208 15.85 0.903208 -32.85 1.806416 -32.85 0.903208 15.85 0.903208 -32.85 0.903208 15.85 0 15.85 0 -32.85 0.903208 -32.85 0 15.85 0 -32.85 0 15.85 -0.903208 15.85 -0.903208 -32.85 0 -32.85 -0.903208 15.85 -0.903208 -32.85 -0.903208 13.85 -1.806416 13.85 -1.806416 -32.85 -0.903208 -32.85 -1.806416 13.85 -1.806416 15.85 -1.806416 15.85 -0.903208 47.55 1.806416 33.85 1.806416 47.55 0.903208 47.55 0.903208 33.85 1.806416 33.85 0.903208 47.55 0.903208 33.85 0.903208 47.55 0 47.55 0 33.85 0.903208 33.85 0 47.55 0 33.85 0 47.55 -0.903208 47.55 -0.903208 33.85 0 33.85 -0.903208 47.55 -0.903208 33.85 -0.903208 47.55 -1.806416 47.55 -1.806416 33.85 -0.903208 33.85 -1.806416 -15.85 -1.806416 32.85 -1.806416 -15.85 -0.903208 -15.85 -0.903208 32.85 -1.806416 32.85 -0.903208 -15.85 -0.903208 32.85 -0.903208 -15.85 0 -15.85 0 32.85 -0.903208 32.85 0 -15.85 0 32.85 0 -15.85 0.903208 -15.85 0.903208 32.85 0 32.85 0.903208 -15.85 0.903208 32.85 0.903208 -15.85 1.806416 -15.85 1.806416 32.85 0.903208 32.85 1.806416 25 -29 -31.26269 -29 25 -31.7 25 -31.7 -31.26269 -29 -32.06252 -29.99657 25 -31.7 -32.06252 -29.99657 -33.125 -30.70649 -33.125 -30.70649 -34.35179 -31.06407 25 -31.7 25 -31.7 -34.35179 -31.06407 -39.7 -31.7 -39.7 -31.7 -34.35179 -31.06407 -35.62932 -31.03619 -39.7 -31.7 -35.62932 -31.03619 -36.83934 -30.62545 -36.83934 -30.62545 -37.86985 -29.86985 -39.7 -31.7 -39.7 -31.7 -37.86985 -29.86985 -38.62545 -28.83934 -39.7 -31.7 -38.62545 -28.83934 -39.03619 -27.62932 -39.03619 -27.62932 -39.06407 -26.35179 -39.7 -31.7 -39.7 -31.7 -39.06407 -26.35179 -39.7 -18 -39.7 -18 -39.06407 -26.35179 -38.70649 -25.125 -39.7 -18 -38.70649 -25.125 -37.99656 -24.06252 -37.99656 -24.06252 -37 -23.26269 -39.7 -18 -39.7 -18 -37 -23.26269 -37 -18 -4.846606 1 0 1 -4.846606 3.2 -4.846606 3.2 0 1 0 3.2 -11.4233 -0.785398 -6.576697 -0.785398 -11.44679 -0.374732 -11.44679 -0.374732 -6.576697 -0.785398 -6.576697 -0.261799 -11.44679 -0.374732 -6.576697 -0.261799 -11.5214 0.02750599 -11.5214 0.02750599 -6.576697 -0.261799 -6.576697 0.261799 -11.5214 0.02750599 -6.576697 0.261799 -11.65429 0.417601 -11.65429 0.417601 -6.576697 0.261799 -6.576697 0.785398 -11.65429 0.417601 -6.576697 0.785398 -11.83939 0.785398 0 12.1 -1 12.1 0 0 0 0 -1 12.1 -1 0 0 0 0 12.1 -0.3 12.1 -0.3 12.1 0 12.1 -0.175077 12.98017 -0.3 12.1 -0.175077 12.98017 -0.452241 12.86537 -0.452241 12.86537 -0.175077 12.98017 -0.673654 13.72635 -0.452241 12.86537 -0.673654 13.72635 -0.885786 13.51421 -0.885786 13.51421 -0.673654 13.72635 -1.419828 14.22492 -0.885786 13.51421 -1.419828 14.22492 -1.534633 13.94776 -1.534633 13.94776 -1.419828 14.22492 -2.3 14.4 -1.534633 13.94776 -2.3 14.4 -2.3 14.1 -2.3 14.1 -2.3 14.4 -5 14.1 -5 14.1 -2.3 14.4 -5 14.4 -5 14.1 -5 14.4 -5.5 14.53397 -5 14.1 -5.5 14.53397 -5.65 14.27417 -5.65 14.27417 -5.5 14.53397 -5.866025 14.9 -5.65 14.27417 -5.866025 14.9 -6.125833 14.75 -6.125833 14.75 -5.866025 14.9 -6 15.4 -6.125833 14.75 -6 15.4 -6.3 15.4 -6.3 15.4 -6 15.4 -6.3 17.6 -6.3 17.6 -6 15.4 -6 17.6 -0.3 12.1 -0.3 0 0 0 0 17.6 0 27.4 -0.3 27.4 -0.3 27.4 0 27.4 -0.175077 28.28017 -0.3 27.4 -0.175077 28.28017 -0.452241 28.16537 -0.452241 28.16537 -0.175077 28.28017 -0.673654 29.02635 -0.452241 28.16537 -0.673654 29.02635 -0.885786 28.81421 -0.885786 28.81421 -0.673654 29.02635 -1.419828 29.52492 -0.885786 28.81421 -1.419828 29.52492 -1.534633 29.24776 -1.534633 29.24776 -1.419828 29.52492 -2.3 29.7 -1.534633 29.24776 -2.3 29.7 -2.3 29.4 -0.3 27.4 -0.3 17.6 0 17.6 1.119828 14.22492 1.234633 13.94776 2 14.4 2 14.4 1.234633 13.94776 2 14.1 2 14.4 2 14.1 4.7 14.1 1.234633 13.94776 1.119828 14.22492 0.585786 13.51421 0.585786 13.51421 1.119828 14.22492 0.373654 13.72635 0.585786 13.51421 0.373654 13.72635 0.152241 12.86537 0.152241 12.86537 0.373654 13.72635 -0.124923 12.98017 0.152241 12.86537 -0.124923 12.98017 0 12.1 0 12.1 -0.124923 12.98017 -0.3 12.1 0 12.1 -0.3 12.1 0 0 0 0 -0.3 12.1 -0.3 0 5.35 14.27417 5.2 14.53397 4.7 14.1 4.7 14.1 5.2 14.53397 4.7 14.4 4.7 14.1 4.7 14.4 2 14.4 5.2 14.53397 5.35 14.27417 5.566025 14.9 5.566025 14.9 5.35 14.27417 5.825833 14.75 5.566025 14.9 5.825833 14.75 5.7 15.4 5.7 15.4 5.825833 14.75 6 15.4 5.7 15.4 6 15.4 5.7 17.6 5.7 17.6 6 15.4 6 17.6 2 29.4 2 29.7 1.234633 29.24776 1.234633 29.24776 2 29.7 1.119828 29.52492 1.234633 29.24776 1.119828 29.52492 0.585786 28.81421 0.585786 28.81421 1.119828 29.52492 0.373654 29.02635 0.585786 28.81421 0.373654 29.02635 0.152241 28.16537 0.152241 28.16537 0.373654 29.02635 -0.124923 28.28017 0.152241 28.16537 -0.124923 28.28017 0 27.4 0 27.4 -0.124923 28.28017 -0.3 27.4 0 27.4 -0.3 27.4 0 17.6 0 17.6 -0.3 27.4 -0.3 17.6 0 12.1 -1 12.1 0 0 0 0 -1 12.1 -1 0 0 0 0 12.1 -0.3 12.1 -0.3 12.1 0 12.1 -0.175077 12.98017 -0.3 12.1 -0.175077 12.98017 -0.452241 12.86537 -0.452241 12.86537 -0.175077 12.98017 -0.673654 13.72635 -0.452241 12.86537 -0.673654 13.72635 -0.885786 13.51421 -0.885786 13.51421 -0.673654 13.72635 -1.419828 14.22492 -0.885786 13.51421 -1.419828 14.22492 -1.534633 13.94776 -1.534633 13.94776 -1.419828 14.22492 -2.3 14.4 -1.534633 13.94776 -2.3 14.4 -2.3 14.1 -2.3 14.1 -2.3 14.4 -5 14.1 -5 14.1 -2.3 14.4 -5 14.4 -5 14.1 -5 14.4 -5.5 14.53397 -5 14.1 -5.5 14.53397 -5.65 14.27417 -5.65 14.27417 -5.5 14.53397 -5.866025 14.9 -5.65 14.27417 -5.866025 14.9 -6.125833 14.75 -6.125833 14.75 -5.866025 14.9 -6 15.4 -6.125833 14.75 -6 15.4 -6.3 15.4 -6.3 15.4 -6 15.4 -6.3 17.6 -6.3 17.6 -6 15.4 -6 17.6 -0.3 12.1 -0.3 0 0 0 0 17.6 0 27.4 -0.3 27.4 -0.3 27.4 0 27.4 -0.175077 28.28017 -0.3 27.4 -0.175077 28.28017 -0.452241 28.16537 -0.452241 28.16537 -0.175077 28.28017 -0.673654 29.02635 -0.452241 28.16537 -0.673654 29.02635 -0.885786 28.81421 -0.885786 28.81421 -0.673654 29.02635 -1.419828 29.52492 -0.885786 28.81421 -1.419828 29.52492 -1.534633 29.24776 -1.534633 29.24776 -1.419828 29.52492 -2.3 29.7 -1.534633 29.24776 -2.3 29.7 -2.3 29.4 -0.3 27.4 -0.3 17.6 0 17.6 1.119828 14.22492 1.234633 13.94776 2 14.4 2 14.4 1.234633 13.94776 2 14.1 2 14.4 2 14.1 4.7 14.1 1.234633 13.94776 1.119828 14.22492 0.585786 13.51421 0.585786 13.51421 1.119828 14.22492 0.373654 13.72635 0.585786 13.51421 0.373654 13.72635 0.152241 12.86537 0.152241 12.86537 0.373654 13.72635 -0.124923 12.98017 0.152241 12.86537 -0.124923 12.98017 0 12.1 0 12.1 -0.124923 12.98017 -0.3 12.1 0 12.1 -0.3 12.1 0 0 0 0 -0.3 12.1 -0.3 0 5.35 14.27417 5.2 14.53397 4.7 14.1 4.7 14.1 5.2 14.53397 4.7 14.4 4.7 14.1 4.7 14.4 2 14.4 5.2 14.53397 5.35 14.27417 5.566025 14.9 5.566025 14.9 5.35 14.27417 5.825833 14.75 5.566025 14.9 5.825833 14.75 5.7 15.4 5.7 15.4 5.825833 14.75 6 15.4 5.7 15.4 6 15.4 5.7 17.6 5.7 17.6 6 15.4 6 17.6 2 29.4 2 29.7 1.234633 29.24776 1.234633 29.24776 2 29.7 1.119828 29.52492 1.234633 29.24776 1.119828 29.52492 0.585786 28.81421 0.585786 28.81421 1.119828 29.52492 0.373654 29.02635 0.585786 28.81421 0.373654 29.02635 0.152241 28.16537 0.152241 28.16537 0.373654 29.02635 -0.124923 28.28017 0.152241 28.16537 -0.124923 28.28017 0 27.4 0 27.4 -0.124923 28.28017 -0.3 27.4 0 27.4 -0.3 27.4 0 17.6 0 17.6 -0.3 27.4 -0.3 17.6 0 12.1 -1 12.1 0 0 0 0 -1 12.1 -1 0 0 0 0 12.1 -0.3 12.1 -0.3 12.1 0 12.1 -0.175077 12.98017 -0.3 12.1 -0.175077 12.98017 -0.452241 12.86537 -0.452241 12.86537 -0.175077 12.98017 -0.673654 13.72635 -0.452241 12.86537 -0.673654 13.72635 -0.885786 13.51421 -0.885786 13.51421 -0.673654 13.72635 -1.419828 14.22492 -0.885786 13.51421 -1.419828 14.22492 -1.534633 13.94776 -1.534633 13.94776 -1.419828 14.22492 -2.3 14.4 -1.534633 13.94776 -2.3 14.4 -2.3 14.1 -2.3 14.1 -2.3 14.4 -5 14.1 -5 14.1 -2.3 14.4 -5 14.4 -5 14.1 -5 14.4 -5.5 14.53397 -5 14.1 -5.5 14.53397 -5.65 14.27417 -5.65 14.27417 -5.5 14.53397 -5.866025 14.9 -5.65 14.27417 -5.866025 14.9 -6.125833 14.75 -6.125833 14.75 -5.866025 14.9 -6 15.4 -6.125833 14.75 -6 15.4 -6.3 15.4 -6.3 15.4 -6 15.4 -6.3 17.6 -6.3 17.6 -6 15.4 -6 17.6 -0.3 12.1 -0.3 0 0 0 0 17.6 0 27.4 -0.3 27.4 -0.3 27.4 0 27.4 -0.175077 28.28017 -0.3 27.4 -0.175077 28.28017 -0.452241 28.16537 -0.452241 28.16537 -0.175077 28.28017 -0.673654 29.02635 -0.452241 28.16537 -0.673654 29.02635 -0.885786 28.81421 -0.885786 28.81421 -0.673654 29.02635 -1.419828 29.52492 -0.885786 28.81421 -1.419828 29.52492 -1.534633 29.24776 -1.534633 29.24776 -1.419828 29.52492 -2.3 29.7 -1.534633 29.24776 -2.3 29.7 -2.3 29.4 -0.3 27.4 -0.3 17.6 0 17.6 1.119828 14.22492 1.234633 13.94776 2 14.4 2 14.4 1.234633 13.94776 2 14.1 2 14.4 2 14.1 4.7 14.1 1.234633 13.94776 1.119828 14.22492 0.585786 13.51421 0.585786 13.51421 1.119828 14.22492 0.373654 13.72635 0.585786 13.51421 0.373654 13.72635 0.152241 12.86537 0.152241 12.86537 0.373654 13.72635 -0.124923 12.98017 0.152241 12.86537 -0.124923 12.98017 0 12.1 0 12.1 -0.124923 12.98017 -0.3 12.1 0 12.1 -0.3 12.1 0 0 0 0 -0.3 12.1 -0.3 0 5.35 14.27417 5.2 14.53397 4.7 14.1 4.7 14.1 5.2 14.53397 4.7 14.4 4.7 14.1 4.7 14.4 2 14.4 5.2 14.53397 5.35 14.27417 5.566025 14.9 5.566025 14.9 5.35 14.27417 5.825833 14.75 5.566025 14.9 5.825833 14.75 5.7 15.4 5.7 15.4 5.825833 14.75 6 15.4 5.7 15.4 6 15.4 5.7 17.6 5.7 17.6 6 15.4 6 17.6 2 29.4 2 29.7 1.234633 29.24776 1.234633 29.24776 2 29.7 1.119828 29.52492 1.234633 29.24776 1.119828 29.52492 0.585786 28.81421 0.585786 28.81421 1.119828 29.52492 0.373654 29.02635 0.585786 28.81421 0.373654 29.02635 0.152241 28.16537 0.152241 28.16537 0.373654 29.02635 -0.124923 28.28017 0.152241 28.16537 -0.124923 28.28017 0 27.4 0 27.4 -0.124923 28.28017 -0.3 27.4 0 27.4 -0.3 27.4 0 17.6 0 17.6 -0.3 27.4 -0.3 17.6 0 12.1 -1 12.1 0 0 0 0 -1 12.1 -1 0 0 0 0 12.1 -0.3 12.1 -0.3 12.1 0 12.1 -0.175077 12.98017 -0.3 12.1 -0.175077 12.98017 -0.452241 12.86537 -0.452241 12.86537 -0.175077 12.98017 -0.673654 13.72635 -0.452241 12.86537 -0.673654 13.72635 -0.885786 13.51421 -0.885786 13.51421 -0.673654 13.72635 -1.419828 14.22492 -0.885786 13.51421 -1.419828 14.22492 -1.534633 13.94776 -1.534633 13.94776 -1.419828 14.22492 -2.3 14.4 -1.534633 13.94776 -2.3 14.4 -2.3 14.1 -2.3 14.1 -2.3 14.4 -5 14.1 -5 14.1 -2.3 14.4 -5 14.4 -5 14.1 -5 14.4 -5.5 14.53397 -5 14.1 -5.5 14.53397 -5.65 14.27417 -5.65 14.27417 -5.5 14.53397 -5.866025 14.9 -5.65 14.27417 -5.866025 14.9 -6.125833 14.75 -6.125833 14.75 -5.866025 14.9 -6 15.4 -6.125833 14.75 -6 15.4 -6.3 15.4 -6.3 15.4 -6 15.4 -6.3 17.6 -6.3 17.6 -6 15.4 -6 17.6 -0.3 12.1 -0.3 0 0 0 0 17.6 0 27.4 -0.3 27.4 -0.3 27.4 0 27.4 -0.175077 28.28017 -0.3 27.4 -0.175077 28.28017 -0.452241 28.16537 -0.452241 28.16537 -0.175077 28.28017 -0.673654 29.02635 -0.452241 28.16537 -0.673654 29.02635 -0.885786 28.81421 -0.885786 28.81421 -0.673654 29.02635 -1.419828 29.52492 -0.885786 28.81421 -1.419828 29.52492 -1.534633 29.24776 -1.534633 29.24776 -1.419828 29.52492 -2.3 29.7 -1.534633 29.24776 -2.3 29.7 -2.3 29.4 -0.3 27.4 -0.3 17.6 0 17.6 1.119828 14.22492 1.234633 13.94776 2 14.4 2 14.4 1.234633 13.94776 2 14.1 2 14.4 2 14.1 4.7 14.1 1.234633 13.94776 1.119828 14.22492 0.585786 13.51421 0.585786 13.51421 1.119828 14.22492 0.373654 13.72635 0.585786 13.51421 0.373654 13.72635 0.152241 12.86537 0.152241 12.86537 0.373654 13.72635 -0.124923 12.98017 0.152241 12.86537 -0.124923 12.98017 0 12.1 0 12.1 -0.124923 12.98017 -0.3 12.1 0 12.1 -0.3 12.1 0 0 0 0 -0.3 12.1 -0.3 0 5.35 14.27417 5.2 14.53397 4.7 14.1 4.7 14.1 5.2 14.53397 4.7 14.4 4.7 14.1 4.7 14.4 2 14.4 5.2 14.53397 5.35 14.27417 5.566025 14.9 5.566025 14.9 5.35 14.27417 5.825833 14.75 5.566025 14.9 5.825833 14.75 5.7 15.4 5.7 15.4 5.825833 14.75 6 15.4 5.7 15.4 6 15.4 5.7 17.6 5.7 17.6 6 15.4 6 17.6 2 29.4 2 29.7 1.234633 29.24776 1.234633 29.24776 2 29.7 1.119828 29.52492 1.234633 29.24776 1.119828 29.52492 0.585786 28.81421 0.585786 28.81421 1.119828 29.52492 0.373654 29.02635 0.585786 28.81421 0.373654 29.02635 0.152241 28.16537 0.152241 28.16537 0.373654 29.02635 -0.124923 28.28017 0.152241 28.16537 -0.124923 28.28017 0 27.4 0 27.4 -0.124923 28.28017 -0.3 27.4 0 27.4 -0.3 27.4 0 17.6 0 17.6 -0.3 27.4 -0.3 17.6 -33.85 -1.806416 -33.85 -0.903208 -45.55 -1.806416 -45.55 -1.806416 -33.85 -0.903208 -47.55 -0.903208 -45.55 -1.806416 -47.55 -0.903208 -47.55 -1.806416 -47.55 -0.903208 -33.85 -0.903208 -47.55 0 -47.55 0 -33.85 -0.903208 -33.85 0 -47.55 0 -33.85 0 -47.55 0.903208 -47.55 0.903208 -33.85 0 -33.85 0.903208 -47.55 0.903208 -33.85 0.903208 -47.55 1.806416 -47.55 1.806416 -33.85 0.903208 -33.85 1.806416 49.7 20.6 53.6 26.7 49.7 30.4 49.7 30.4 53.6 26.7 53.80096 27.45 49.7 30.4 53.80096 27.45 54.35 27.99904 63.4 20.6 55.1 25.2 49.7 20.6 49.7 20.6 55.1 25.2 54.35 25.40096 49.7 20.6 54.35 25.40096 53.80096 25.95 63.4 30.4 56.6 26.7 63.4 20.6 63.4 20.6 56.6 26.7 56.39904 25.95 63.4 20.6 56.39904 25.95 55.85 25.40096 49.7 30.4 55.1 28.2 63.4 30.4 63.4 30.4 55.1 28.2 55.85 27.99904 63.4 30.4 55.85 27.99904 56.39904 27.45 53.80096 25.95 53.6 26.7 49.7 20.6 54.35 27.99904 55.1 28.2 49.7 30.4 56.39904 27.45 56.6 26.7 63.4 30.4 55.85 25.40096 55.1 25.2 63.4 20.6 48.7 15.1 0 15.1 48.7 3 48.7 3 0 15.1 0 3 49.7 3 63.4 3 49.7 15.1 49.7 15.1 63.4 3 63.4 15.1 -45.85 -1.806416 -45.85 -0.903208 -57.55 -1.806416 -57.55 -1.806416 -45.85 -0.903208 -59.55 -0.903208 -57.55 -1.806416 -59.55 -0.903208 -59.55 -1.806416 -59.55 -0.903208 -45.85 -0.903208 -59.55 0 -59.55 0 -45.85 -0.903208 -45.85 0 -59.55 0 -45.85 0 -59.55 0.903208 -59.55 0.903208 -45.85 0 -45.85 0.903208 -59.55 0.903208 -45.85 0.903208 -59.55 1.806416 -59.55 1.806416 -45.85 0.903208 -45.85 1.806416 65.7 20.6 79.4 20.6 65.7 30.4 65.7 30.4 79.4 20.6 79.4 30.4 64.7 15.1 0 15.1 64.7 3 64.7 3 0 15.1 0 3 65.7 3 79.4 3 65.7 15.1 65.7 15.1 79.4 3 79.4 15.1 64.7 30.4 0 30.4 64.7 20.6 64.7 20.6 0 30.4 0 20.6 65.7 20.6 79.4 20.6 65.7 30.4 65.7 30.4 79.4 20.6 79.4 30.4 64.7 15.1 0 15.1 64.7 3 64.7 3 0 15.1 0 3 65.7 3 79.4 3 65.7 15.1 65.7 15.1 79.4 3 79.4 15.1 48.7 30.4 0 30.4 48.7 20.6 48.7 20.6 0 30.4 0 20.6 55.85 27.99904 63.4 30.4 55.1 28.2 55.1 28.2 63.4 30.4 49.7 30.4 55.1 28.2 49.7 30.4 54.35 27.99904 54.35 27.99904 49.7 30.4 53.80096 27.45 53.80096 27.45 49.7 30.4 53.6 26.7 53.6 26.7 49.7 30.4 49.7 20.6 53.6 26.7 49.7 20.6 53.80096 25.95 53.80096 25.95 49.7 20.6 54.35 25.40096 54.35 25.40096 49.7 20.6 55.1 25.2 55.1 25.2 49.7 20.6 63.4 20.6 55.1 25.2 63.4 20.6 55.85 25.40096 55.85 25.40096 63.4 20.6 56.39904 25.95 56.39904 25.95 63.4 20.6 56.6 26.7 56.6 26.7 63.4 20.6 63.4 30.4 56.6 26.7 63.4 30.4 56.39904 27.45 56.39904 27.45 63.4 30.4 55.85 27.99904 -29.26196 34 -33.49685 30.85868 -29.26196 32 -29.26196 32 -33.49685 30.85868 -32.3171 30.21189 -29.26196 32 -32.3171 30.21189 -31.4024 29.22525 -33.49685 30.85868 -29.26196 34 -34.82059 31.09925 -34.82059 31.09925 -29.26196 34 -39.7 34 -34.82059 31.09925 -39.7 34 -36.15247 30.90891 -36.15247 30.90891 -39.7 34 -37.35583 30.30718 -37.35583 30.30718 -39.7 34 -40.58017 33.82492 -37.35583 30.30718 -40.58017 33.82492 -41.32635 33.32635 -41.32635 33.32635 -41.82492 32.58017 -37.35583 30.30718 -37.35583 30.30718 -41.82492 32.58017 -42 31.7 -37.35583 30.30718 -42 31.7 -38.30718 29.35583 -38.30718 29.35583 -42 31.7 -38.9089 28.15247 -38.9089 28.15247 -42 31.7 -39.09925 26.82059 -39.09925 26.82059 -42 31.7 -42 18 -39.09925 26.82059 -42 18 -38.85868 25.49685 -38.85868 25.49685 -42 18 -38.21189 24.3171 -38.21189 24.3171 -42 18 -41.7 18 -38.21189 24.3171 -41.7 18 -37.22525 23.4024 -37.22525 23.4024 -41.7 18 -36 18 -37.22525 23.4024 -36 18 -36 22.84661 -36 18 -41.7 18 -36 17 -36 17 -41.7 18 -41.7 17 -36 17 -41.7 17 -36 -26.5 -36 -26.5 -41.7 17 -42 17 -36 -26.5 -42 17 -42 -31.7 -41.82492 -32.58017 -39.7 -34 -42 -31.7 -42 -31.7 -39.7 -34 -35.25 -27.79904 -42 -31.7 -35.25 -27.79904 -35.79904 -27.25 -41.82492 -32.58017 -41.32635 -33.32635 -39.7 -34 -39.7 -34 -41.32635 -33.32635 -40.58017 -33.82492 -26 -34 -26 -33.7 -39.7 -34 -39.7 -34 -26 -33.7 -34.5 -28 -39.7 -34 -34.5 -28 -35.25 -27.79904 -34.5 -28 -26 -33.7 -26 -28 -26 -28 -26 -33.7 -25 -33.7 -26 -28 -25 -33.7 -25 -28 -25 -28 -25 -33.7 30.84661 -28 30.84661 -28 -25 -33.7 -25 -34 30.84661 -28 -25 -34 31.4024 -29.22525 31.4024 -29.22525 -25 -34 32.3171 -30.21189 32.3171 -30.21189 -25 -34 33.49685 -30.85868 33.49685 -30.85868 -25 -34 39.7 -34 33.49685 -30.85868 39.7 -34 34.82059 -31.09925 34.82059 -31.09925 39.7 -34 36.15247 -30.90891 36.15247 -30.90891 39.7 -34 37.35583 -30.30718 37.35583 -30.30718 39.7 -34 40.58017 -33.82492 37.35583 -30.30718 40.58017 -33.82492 41.32635 -33.32635 41.32635 -33.32635 41.82492 -32.58017 37.35583 -30.30718 37.35583 -30.30718 41.82492 -32.58017 42 -31.7 37.35583 -30.30718 42 -31.7 38.30718 -29.35583 38.30718 -29.35583 42 -31.7 38.9089 -28.15247 38.9089 -28.15247 42 -31.7 39.09925 -26.82059 39.09925 -26.82059 42 -31.7 42 -18 39.09925 -26.82059 42 -18 38.85868 -25.49685 38.85868 -25.49685 42 -18 38.21189 -24.3171 38.21189 -24.3171 42 -18 41.7 -18 38.21189 -24.3171 41.7 -18 37.22525 -23.4024 37.22525 -23.4024 41.7 -18 36 -18 37.22525 -23.4024 36 -18 36 -22.84661 36 -18 41.7 -18 36 -17 36 -17 41.7 -18 41.7 -17 36 -17 41.7 -17 36 26.5 36 26.5 41.7 -17 42 -17 36 26.5 42 -17 42 31.7 41.82492 32.58017 39.7 34 42 31.7 42 31.7 39.7 34 35.25 27.79904 42 31.7 35.25 27.79904 35.79904 27.25 41.82492 32.58017 41.32635 33.32635 39.7 34 39.7 34 41.32635 33.32635 40.58017 33.82492 26 34 26 33.7 39.7 34 39.7 34 26 33.7 34.5 28 39.7 34 34.5 28 35.25 27.79904 34.5 28 26 33.7 26 28 26 28 26 33.7 25 33.7 26 28 25 33.7 25 28 25 28 25 33.7 -19.83804 32 25 28 -19.83804 32 -30.84661 28 -30.84661 28 -19.83804 32 -29.26196 32 -30.84661 28 -29.26196 32 -31.4024 29.22525 25 34 -19.83804 34 25 33.7 25 33.7 -19.83804 34 -19.83804 32 35.79904 27.25 36 26.5 42 31.7 36 -17 35.7 -17 36 -18 36 -18 35.7 -17 35.7 -18 -25 -27.7 -26 -27.7 -25 -28 -25 -28 -26 -27.7 -26 -28 -35.79904 -27.25 -36 -26.5 -42 -31.7 -36 17 -35.7 17 -36 18 -36 18 -35.7 17 -35.7 18 25 27.7 26 27.7 25 28 25 28 26 27.7 26 28 48.7 15.1 0 15.1 48.7 3 48.7 3 0 15.1 0 3 49.7 3 63.4 3 49.7 15.1 49.7 15.1 63.4 3 63.4 15.1 37.9233 0.785398 -5.576697 0.785398 37.9233 0.261799 37.9233 0.261799 -5.576697 0.785398 -5.576697 0.261799 37.9233 0.261799 -5.576697 0.261799 37.9233 -0.261799 37.9233 -0.261799 -5.576697 0.261799 -5.576697 -0.261799 37.9233 -0.261799 -5.576697 -0.261799 37.9233 -0.785398 37.9233 -0.785398 -5.576697 -0.261799 -5.576697 -0.785398 -3.141593 1.877513 -3.141593 2.81627 -3.665191 2.253016 -3.665191 2.253016 -3.141593 2.81627 -3.665191 2.81627 -3.665191 2.253016 -3.665191 2.81627 -4.18879 2.81627 -3.665191 2.253016 -4.18879 2.81627 -4.18879 2.253016 -4.18879 2.253016 -4.18879 2.81627 -4.712389 2.81627 -4.18879 2.253016 -4.712389 2.81627 -4.712389 2.112202 -4.18879 2.253016 -4.712389 2.112202 -4.18879 1.689762 -4.18879 1.689762 -4.712389 2.112202 -4.712389 1.408135 -4.18879 1.689762 -4.712389 1.408135 -4.18879 1.126508 -4.18879 1.126508 -4.712389 1.408135 -4.712389 0.704068 -4.18879 1.126508 -4.712389 0.704068 -4.18879 0.563254 -4.18879 0.563254 -4.712389 0.704068 -4.712389 0 -4.18879 0.563254 -4.712389 0 -4.18879 0 -4.18879 0 -3.665191 0 -4.18879 0.563254 -4.18879 0.563254 -3.665191 0 -3.665191 0.563254 -4.18879 0.563254 -3.665191 0.563254 -4.18879 1.126508 -4.18879 1.126508 -3.665191 0.563254 -3.665191 1.126508 -4.18879 1.126508 -3.665191 1.126508 -4.18879 1.689762 -4.18879 1.689762 -3.665191 1.126508 -3.665191 1.689762 -4.18879 1.689762 -3.665191 1.689762 -4.18879 2.253016 -4.18879 2.253016 -3.665191 1.689762 -3.665191 2.253016 -3.665191 0 -3.141593 0 -3.665191 0.563254 -3.665191 0.563254 -3.141593 0 -3.141593 0.938757 -3.665191 0.563254 -3.141593 0.938757 -3.665191 1.126508 -3.665191 1.126508 -3.141593 0.938757 -3.141593 1.877513 -3.665191 1.126508 -3.141593 1.877513 -3.665191 1.689762 -3.665191 1.689762 -3.141593 1.877513 -3.665191 2.253016 48.51269 0.785398 -7.75 0.785398 48.32759 0.417601 48.32759 0.417601 -7.75 0.785398 -7.75 0.261799 48.32759 0.417601 -7.75 0.261799 48.1947 0.02750599 48.1947 0.02750599 -7.75 0.261799 -7.75 -0.261799 48.1947 0.02750599 -7.75 -0.261799 48.12009 -0.374732 48.12009 -0.374732 -7.75 -0.261799 -7.75 -0.785398 48.12009 -0.374732 -7.75 -0.785398 48.09661 -0.785398 0 -3.481932 0 -2.199115 -3.2 -2.464216 -3.2 -2.464216 0 -2.199115 -0.06688696 -1.794552 -3.2 -2.464216 -0.06688696 -1.794552 -0.273744 -1.440729 -3.2 -2.464216 -0.273744 -1.440729 -3.2 -1.11298 -3.2 -1.11298 -0.273744 -1.440729 -0.600785 -1.199392 -3.2 -1.11298 -0.600785 -1.199392 -1 -1.11298 -3.2 -2.464216 -3.2 -3.815453 0 -3.481932 0 -3.481932 -3.2 -3.815453 0 -4.764749 0 -4.764749 -3.2 -3.815453 -3.2 -5.166689 0 -4.764749 -3.2 -5.166689 0 -6.047565 0 -6.047565 -3.2 -5.166689 -3.2 -6.517926 0 -6.047565 -3.2 -6.517926 0 -7.330382 0 -7.330382 -3.2 -6.517926 -3.2 -7.869162 0 -7.330382 -3.2 -7.869162 0 -8.613201 0 -8.613201 -3.2 -7.869162 -3.2 -9.220398 0 -8.613201 -3.2 -9.220398 0 -9.896017 0 -9.896017 -3.2 -9.220398 -3.2 -10.57163 0 -9.896017 -3.2 -10.57163 0 -11.17883 0 -11.17883 -3.2 -10.57163 -3.2 -11.92287 0 -11.17883 -3.2 -11.92287 0 -12.46165 0 -12.46165 -3.2 -11.92287 -3.2 -13.27411 0 -12.46165 -3.2 -13.27411 0 -13.74447 0 -13.74447 -3.2 -13.27411 -3.2 -14.62534 0 -13.74447 -3.2 -14.62534 0 -15.02728 0 -15.02728 -3.2 -14.62534 -3.2 -15.97658 0 -15.02728 -3.2 -15.97658 0 -16.3101 0 -16.3101 -3.2 -15.97658 -3.2 -17.32782 0 -16.3101 -3.2 -17.32782 0 -17.59292 0 -17.59292 -3.2 -17.32782 -0.06688696 -17.99748 -0.06688696 -17.99748 -3.2 -17.32782 -3.2 -18.67905 -0.06688696 -17.99748 -3.2 -18.67905 -0.273744 -18.35131 -0.273744 -18.35131 -3.2 -18.67905 -0.600785 -18.59264 -0.600785 -18.59264 -3.2 -18.67905 -1 -18.67905 -9.5 3.2 -65.34661 3.2 -9.5 1 -9.5 1 -65.34661 3.2 -65.34661 1 -3.2 -4.712389 -1 -4.712389 -3.2 -3.926991 -3.2 -3.926991 -1 -4.712389 -1 -3.926991 -3.2 -3.926991 -1 -3.926991 -3.2 -3.141593 -3.2 -3.141593 -1 -3.926991 -1 -3.141593 -3.2 -3.141593 -1 -3.141593 -3.2 -2.356194 -3.2 -2.356194 -1 -3.141593 -1 -2.356194 -5.846606 3.2 -49.34661 3.2 -5.846606 1 -5.846606 1 -49.34661 3.2 -49.34661 1 37.9233 0.785398 -5.576697 0.785398 37.9233 0.261799 37.9233 0.261799 -5.576697 0.785398 -5.576697 0.261799 37.9233 0.261799 -5.576697 0.261799 37.9233 -0.261799 37.9233 -0.261799 -5.576697 0.261799 -5.576697 -0.261799 37.9233 -0.261799 -5.576697 -0.261799 37.9233 -0.785398 37.9233 -0.785398 -5.576697 -0.261799 -5.576697 -0.785398 -3.141593 -3.755027 -3.141593 -2.81627 -3.665191 -3.379524 -3.665191 -3.379524 -3.141593 -2.81627 -3.665191 -2.81627 -3.665191 -3.379524 -3.665191 -2.81627 -4.18879 -2.81627 -3.665191 -3.379524 -4.18879 -2.81627 -4.18879 -3.379524 -4.18879 -3.379524 -4.18879 -2.81627 -4.712389 -2.81627 -4.18879 -3.379524 -4.712389 -2.81627 -4.712389 -3.520337 -4.18879 -3.379524 -4.712389 -3.520337 -4.18879 -3.942778 -4.18879 -3.942778 -4.712389 -3.520337 -4.712389 -4.224405 -4.18879 -3.942778 -4.712389 -4.224405 -4.18879 -4.506032 -4.18879 -4.506032 -4.712389 -4.224405 -4.712389 -4.928473 -4.18879 -4.506032 -4.712389 -4.928473 -4.18879 -5.069286 -4.18879 -5.069286 -4.712389 -4.928473 -4.712389 -5.63254 -4.18879 -5.069286 -4.712389 -5.63254 -4.18879 -5.63254 -4.18879 -5.63254 -3.665191 -5.63254 -4.18879 -5.069286 -4.18879 -5.069286 -3.665191 -5.63254 -3.665191 -5.069286 -4.18879 -5.069286 -3.665191 -5.069286 -4.18879 -4.506032 -4.18879 -4.506032 -3.665191 -5.069286 -3.665191 -4.506032 -4.18879 -4.506032 -3.665191 -4.506032 -4.18879 -3.942778 -4.18879 -3.942778 -3.665191 -4.506032 -3.665191 -3.942778 -4.18879 -3.942778 -3.665191 -3.942778 -4.18879 -3.379524 -4.18879 -3.379524 -3.665191 -3.942778 -3.665191 -3.379524 -3.665191 -5.63254 -3.141593 -5.63254 -3.665191 -5.069286 -3.665191 -5.069286 -3.141593 -5.63254 -3.141593 -4.693783 -3.665191 -5.069286 -3.141593 -4.693783 -3.665191 -4.506032 -3.665191 -4.506032 -3.141593 -4.693783 -3.141593 -3.755027 -3.665191 -4.506032 -3.141593 -3.755027 -3.665191 -3.942778 -3.665191 -3.942778 -3.141593 -3.755027 -3.665191 -3.379524 48.51269 0.785398 -7.75 0.785398 48.32759 0.417601 48.32759 0.417601 -7.75 0.785398 -7.75 0.261799 48.32759 0.417601 -7.75 0.261799 48.1947 0.02750599 48.1947 0.02750599 -7.75 0.261799 -7.75 -0.261799 48.1947 0.02750599 -7.75 -0.261799 48.12009 -0.374732 48.12009 -0.374732 -7.75 -0.261799 -7.75 -0.785398 48.12009 -0.374732 -7.75 -0.785398 48.09661 -0.785398 -1 -5.484364 -0.600785 -5.397953 -3.2 -5.484364 -3.2 -5.484364 -0.600785 -5.397953 -0.273744 -5.156616 -3.2 -5.484364 -0.273744 -5.156616 -0.06688696 -4.802793 -3.2 -5.484364 -0.06688696 -4.802793 -3.2 -4.133128 -3.2 -4.133128 -0.06688696 -4.802793 0 -4.39823 -3.2 -4.133128 0 -4.39823 0 -3.115412 -3.2 -4.133128 0 -3.115412 -3.2 -2.781891 -3.2 -2.781891 0 -3.115412 0 -1.832596 -3.2 -2.781891 0 -1.832596 -3.2 -1.430655 -3.2 -1.430655 0 -1.832596 0 -0.549779 -3.2 -1.430655 0 -0.549779 -3.2 -0.07941895 -3.2 -0.07941895 0 -0.549779 0 0.733038 -3.2 -0.07941895 0 0.733038 -3.2 1.271818 -3.2 1.271818 0 0.733038 0 2.015855 -3.2 1.271818 0 2.015855 -3.2 2.623054 -3.2 2.623054 0 2.015855 0 3.298672 -3.2 2.623054 0 3.298672 -3.2 3.97429 -3.2 3.97429 0 3.298672 0 4.581489 -3.2 3.97429 0 4.581489 -3.2 5.325527 -3.2 5.325527 0 4.581489 0 5.864306 -3.2 5.325527 0 5.864306 -3.2 6.676763 -3.2 6.676763 0 5.864306 0 7.147123 -3.2 6.676763 0 7.147123 -3.2 8.027999 -3.2 8.027999 0 7.147123 0 8.429941 -3.2 8.027999 0 8.429941 -3.2 9.379236 -3.2 9.379236 0 8.429941 0 9.712758 -3.2 9.379236 0 9.712758 -3.2 10.73047 -3.2 10.73047 0 9.712758 0 10.99557 -3.2 10.73047 0 10.99557 -0.06688696 11.40014 -0.06688696 11.40014 -0.273744 11.75396 -3.2 10.73047 -3.2 10.73047 -0.273744 11.75396 -3.2 12.08171 -3.2 12.08171 -0.273744 11.75396 -0.600785 11.9953 -3.2 12.08171 -0.600785 11.9953 -1 12.08171 -9.5 3.2 -65.34661 3.2 -9.5 1 -9.5 1 -65.34661 3.2 -65.34661 1 -3.2 -4.712389 -1 -4.712389 -3.2 -3.926991 -3.2 -3.926991 -1 -4.712389 -1 -3.926991 -3.2 -3.926991 -1 -3.926991 -3.2 -3.141593 -3.2 -3.141593 -1 -3.926991 -1 -3.141593 -3.2 -3.141593 -1 -3.141593 -3.2 -2.356194 -3.2 -2.356194 -1 -3.141593 -1 -2.356194 -5.846606 3.2 -49.34661 3.2 -5.846606 1 -5.846606 1 -49.34661 3.2 -49.34661 1 -19.85 -1.806416 44.85 -1.806416 -19.85 -0.903208 -19.85 -0.903208 44.85 -1.806416 44.85 -0.903208 -19.85 -0.903208 44.85 -0.903208 -19.85 0 -19.85 0 44.85 -0.903208 44.85 0 -19.85 0 44.85 0 -19.85 0.903208 -19.85 0.903208 44.85 0 44.85 0.903208 -19.85 0.903208 44.85 0.903208 -19.85 1.806416 -19.85 1.806416 44.85 0.903208 44.85 1.806416 1.474637 -0.780761 2.197228 0 1.29402 0 1.29402 0 2.197228 0 1.474637 0.780761 1.29402 0 1.474637 0.780761 0.673538 1.245575 -0.148943 1.617925 0.390812 1.004314 0.673538 1.245575 0.673538 1.245575 0.390812 1.004314 0.390812 0 0.673538 1.245575 0.390812 0 1.29402 0 1.29402 0 0.390812 0 1.474637 -0.780761 0.390812 1.004314 -0.148943 1.617925 -0.512395 1.004314 -0.512395 1.004314 -0.148943 1.617925 -0.967229 2.008628 -0.512395 1.004314 -0.967229 2.008628 -1.29402 1.064243 -0.512395 1.004314 -1.29402 1.064243 -0.512395 0 -0.512395 0 -1.29402 1.064243 -1.415603 0 -0.512395 0 -1.415603 0 -1.29402 -1.064243 -0.512395 0 -1.29402 -1.064243 -0.512395 -1.004314 -0.512395 -1.004314 -1.29402 -1.064243 -0.967229 -2.008628 -0.512395 -1.004314 -0.967229 -2.008628 -0.148943 -1.617925 -0.512395 -1.004314 -0.148943 -1.617925 0.390812 -1.004314 0.390812 -1.004314 -0.148943 -1.617925 0.673538 -1.245575 0.390812 -1.004314 0.673538 -1.245575 1.474637 -0.780761 0.390812 1.004314 -0.512395 1.004314 0.390812 0 0.390812 0 -0.512395 1.004314 -0.512395 0 0.390812 0 -0.512395 0 0.390812 -1.004314 0.390812 -1.004314 -0.512395 0 -0.512395 -1.004314 1.474637 -0.780761 0.390812 0 0.390812 -1.004314 -19.85 -1.806416 44.85 -1.806416 -19.85 -0.903208 -19.85 -0.903208 44.85 -1.806416 44.85 -0.903208 -19.85 -0.903208 44.85 -0.903208 -19.85 0 -19.85 0 44.85 -0.903208 44.85 0 -19.85 0 44.85 0 -19.85 0.903208 -19.85 0.903208 44.85 0 44.85 0.903208 -19.85 0.903208 44.85 0.903208 -19.85 1.806416 -19.85 1.806416 44.85 0.903208 44.85 1.806416 1.474637 -0.780761 2.197228 0 1.29402 0 1.29402 0 2.197228 0 1.474637 0.780761 1.29402 0 1.474637 0.780761 0.673538 1.245575 -0.148943 1.617925 0.390812 1.004314 0.673538 1.245575 0.673538 1.245575 0.390812 1.004314 0.390812 0 0.673538 1.245575 0.390812 0 1.29402 0 1.29402 0 0.390812 0 1.474637 -0.780761 0.390812 1.004314 -0.148943 1.617925 -0.512395 1.004314 -0.512395 1.004314 -0.148943 1.617925 -0.967229 2.008628 -0.512395 1.004314 -0.967229 2.008628 -1.29402 1.064243 -0.512395 1.004314 -1.29402 1.064243 -0.512395 0 -0.512395 0 -1.29402 1.064243 -1.415603 0 -0.512395 0 -1.415603 0 -1.29402 -1.064243 -0.512395 0 -1.29402 -1.064243 -0.512395 -1.004314 -0.512395 -1.004314 -1.29402 -1.064243 -0.967229 -2.008628 -0.512395 -1.004314 -0.967229 -2.008628 -0.148943 -1.617925 -0.512395 -1.004314 -0.148943 -1.617925 0.390812 -1.004314 0.390812 -1.004314 -0.148943 -1.617925 0.673538 -1.245575 0.390812 -1.004314 0.673538 -1.245575 1.474637 -0.780761 0.390812 1.004314 -0.512395 1.004314 0.390812 0 0.390812 0 -0.512395 1.004314 -0.512395 0 0.390812 0 -0.512395 0 0.390812 -1.004314 0.390812 -1.004314 -0.512395 0 -0.512395 -1.004314 1.474637 -0.780761 0.390812 0 0.390812 -1.004314 -15.85 -1.806416 32.85 -1.806416 -15.85 -0.903208 -15.85 -0.903208 32.85 -1.806416 32.85 -0.903208 -15.85 -0.903208 32.85 -0.903208 -15.85 0 -15.85 0 32.85 -0.903208 32.85 0 -15.85 0 32.85 0 -15.85 0.903208 -15.85 0.903208 32.85 0 32.85 0.903208 -15.85 0.903208 32.85 0.903208 -15.85 1.806416 -15.85 1.806416 32.85 0.903208 32.85 1.806416 1.474637 -0.780761 2.197228 0 1.29402 0 1.29402 0 2.197228 0 1.474637 0.780761 1.29402 0 1.474637 0.780761 0.673538 1.245575 -0.148943 1.617925 0.390812 1.004314 0.673538 1.245575 0.673538 1.245575 0.390812 1.004314 0.390812 0 0.673538 1.245575 0.390812 0 1.29402 0 1.29402 0 0.390812 0 1.474637 -0.780761 0.390812 1.004314 -0.148943 1.617925 -0.512395 1.004314 -0.512395 1.004314 -0.148943 1.617925 -0.967229 2.008628 -0.512395 1.004314 -0.967229 2.008628 -1.29402 1.064243 -0.512395 1.004314 -1.29402 1.064243 -0.512395 0 -0.512395 0 -1.29402 1.064243 -1.415603 0 -0.512395 0 -1.415603 0 -1.29402 -1.064243 -0.512395 0 -1.29402 -1.064243 -0.512395 -1.004314 -0.512395 -1.004314 -1.29402 -1.064243 -0.967229 -2.008628 -0.512395 -1.004314 -0.967229 -2.008628 -0.148943 -1.617925 -0.512395 -1.004314 -0.148943 -1.617925 0.390812 -1.004314 0.390812 -1.004314 -0.148943 -1.617925 0.673538 -1.245575 0.390812 -1.004314 0.673538 -1.245575 1.474637 -0.780761 0.390812 1.004314 -0.512395 1.004314 0.390812 0 0.390812 0 -0.512395 1.004314 -0.512395 0 0.390812 0 -0.512395 0 0.390812 -1.004314 0.390812 -1.004314 -0.512395 0 -0.512395 -1.004314 1.474637 -0.780761 0.390812 0 0.390812 -1.004314 1.474637 -0.780761 2.197228 0 1.29402 0 1.29402 0 2.197228 0 1.474637 0.780761 1.29402 0 1.474637 0.780761 0.673538 1.245575 -0.148943 1.617925 0.390812 1.004314 0.673538 1.245575 0.673538 1.245575 0.390812 1.004314 0.390812 0 0.673538 1.245575 0.390812 0 1.29402 0 1.29402 0 0.390812 0 1.474637 -0.780761 0.390812 1.004314 -0.148943 1.617925 -0.512395 1.004314 -0.512395 1.004314 -0.148943 1.617925 -0.967229 2.008628 -0.512395 1.004314 -0.967229 2.008628 -1.29402 1.064243 -0.512395 1.004314 -1.29402 1.064243 -0.512395 0 -0.512395 0 -1.29402 1.064243 -1.415603 0 -0.512395 0 -1.415603 0 -1.29402 -1.064243 -0.512395 0 -1.29402 -1.064243 -0.512395 -1.004314 -0.512395 -1.004314 -1.29402 -1.064243 -0.967229 -2.008628 -0.512395 -1.004314 -0.967229 -2.008628 -0.148943 -1.617925 -0.512395 -1.004314 -0.148943 -1.617925 0.390812 -1.004314 0.390812 -1.004314 -0.148943 -1.617925 0.673538 -1.245575 0.390812 -1.004314 0.673538 -1.245575 1.474637 -0.780761 0.390812 1.004314 -0.512395 1.004314 0.390812 0 0.390812 0 -0.512395 1.004314 -0.512395 0 0.390812 0 -0.512395 0 0.390812 -1.004314 0.390812 -1.004314 -0.512395 0 -0.512395 -1.004314 1.474637 -0.780761 0.390812 0 0.390812 -1.004314 -3 3.612832 -15.1 3.612832 -3 2.709624 -3 2.709624 -15.1 3.612832 -15.1 2.709624 -3 2.709624 -15.1 2.709624 -3 1.806416 -3 1.806416 -15.1 2.709624 -15.1 1.806416 -3 1.806416 -15.1 1.806416 -3 0.903208 -3 0.903208 -15.1 1.806416 -15.1 0.903208 -3 0.903208 -15.1 0.903208 -3 0 -3 0 -15.1 0.903208 -15.1 0 -3 3.612832 -15.1 3.612832 -3 2.709624 -3 2.709624 -15.1 3.612832 -15.1 2.709624 -3 2.709624 -15.1 2.709624 -3 1.806416 -3 1.806416 -15.1 2.709624 -15.1 1.806416 -3 1.806416 -15.1 1.806416 -3 0.903208 -3 0.903208 -15.1 1.806416 -15.1 0.903208 -3 0.903208 -15.1 0.903208 -3 0 -3 0 -15.1 0.903208 -15.1 0 -45.85 -1.806416 -45.85 -0.903208 -57.55 -1.806416 -57.55 -1.806416 -45.85 -0.903208 -59.55 -0.903208 -57.55 -1.806416 -59.55 -0.903208 -59.55 -1.806416 -59.55 -0.903208 -45.85 -0.903208 -59.55 0 -59.55 0 -45.85 -0.903208 -45.85 0 -59.55 0 -45.85 0 -59.55 0.903208 -59.55 0.903208 -45.85 0 -45.85 0.903208 -59.55 0.903208 -45.85 0.903208 -59.55 1.806416 -59.55 1.806416 -45.85 0.903208 -45.85 1.806416 0.148943 -1.617925 0.967229 -2.008628 0.512395 -1.004314 0.512395 -1.004314 0.967229 -2.008628 1.29402 -1.064243 0.512395 -1.004314 1.29402 -1.064243 0.512395 0 0.512395 0 1.29402 -1.064243 1.415603 0 0.512395 0 1.415603 0 1.29402 1.064243 0.512395 0 1.29402 1.064243 0.512395 1.004314 0.512395 1.004314 1.29402 1.064243 0.967229 2.008628 0.512395 1.004314 0.967229 2.008628 0.148943 1.617925 0.512395 1.004314 0.148943 1.617925 -0.390812 1.004314 -0.390812 1.004314 0.148943 1.617925 -0.673538 1.245575 -0.390812 1.004314 -0.673538 1.245575 -1.474637 0.780761 -2.197228 0 -1.29402 0 -1.474637 0.780761 -1.474637 0.780761 -1.29402 0 -0.390812 0 -1.474637 0.780761 -0.390812 0 -0.390812 1.004314 -0.390812 1.004314 -0.390812 0 0.512395 0 -0.390812 1.004314 0.512395 0 0.512395 1.004314 -2.197228 0 -1.474637 -0.780761 -1.29402 0 -1.29402 0 -1.474637 -0.780761 -0.390812 -1.004314 -1.29402 0 -0.390812 -1.004314 -0.390812 0 -0.390812 0 -0.390812 -1.004314 0.512395 -1.004314 -0.390812 0 0.512395 -1.004314 0.512395 0 -1.474637 -0.780761 -0.673538 -1.245575 -0.390812 -1.004314 -0.390812 -1.004314 -0.673538 -1.245575 0.148943 -1.617925 -0.390812 -1.004314 0.148943 -1.617925 0.512395 -1.004314 -1.29402 -1.064243 -0.967229 -2.008628 -0.512395 -1.004314 -0.512395 -1.004314 -0.967229 -2.008628 -0.148943 -1.617925 -0.512395 -1.004314 -0.148943 -1.617925 0.390812 -1.004314 0.390812 -1.004314 -0.148943 -1.617925 0.673538 -1.245575 0.390812 -1.004314 0.673538 -1.245575 1.474637 -0.780761 2.197228 0 1.29402 0 1.474637 -0.780761 1.474637 -0.780761 1.29402 0 0.390812 0 1.474637 -0.780761 0.390812 0 0.390812 -1.004314 0.390812 -1.004314 0.390812 0 -0.512395 0 0.390812 -1.004314 -0.512395 0 -0.512395 -1.004314 -0.512395 -1.004314 -0.512395 0 -1.29402 -1.064243 2.197228 0 1.474637 0.780761 1.29402 0 1.29402 0 1.474637 0.780761 0.673538 1.245575 1.29402 0 0.673538 1.245575 0.390812 0 0.390812 0 0.673538 1.245575 0.390812 1.004314 0.390812 0 0.390812 1.004314 -0.512395 1.004314 -0.512395 1.004314 0.390812 1.004314 -0.148943 1.617925 -0.512395 1.004314 -0.148943 1.617925 -0.967229 2.008628 0.673538 1.245575 -0.148943 1.617925 0.390812 1.004314 -0.967229 2.008628 -1.29402 1.064243 -0.512395 1.004314 -0.512395 1.004314 -1.29402 1.064243 -0.512395 0 -0.512395 1.004314 -0.512395 0 0.390812 0 -1.29402 1.064243 -1.415603 0 -0.512395 0 -0.512395 0 -1.415603 0 -1.29402 -1.064243 -33.85 -1.806416 -33.85 -0.903208 -45.55 -1.806416 -45.55 -1.806416 -33.85 -0.903208 -47.55 -0.903208 -45.55 -1.806416 -47.55 -0.903208 -47.55 -1.806416 -47.55 -0.903208 -33.85 -0.903208 -47.55 0 -47.55 0 -33.85 -0.903208 -33.85 0 -47.55 0 -33.85 0 -47.55 0.903208 -47.55 0.903208 -33.85 0 -33.85 0.903208 -47.55 0.903208 -33.85 0.903208 -47.55 1.806416 -47.55 1.806416 -33.85 0.903208 -33.85 1.806416 -0.148943 1.617925 -0.967229 2.008628 -0.512395 1.004314 -0.512395 1.004314 -0.967229 2.008628 -1.29402 1.064243 -0.512395 1.004314 -1.29402 1.064243 -0.512395 0 -0.512395 0 -1.29402 1.064243 -1.415603 0 -0.512395 0 -1.415603 0 -1.29402 -1.064243 -0.512395 0 -1.29402 -1.064243 -0.512395 -1.004314 -0.512395 -1.004314 -1.29402 -1.064243 -0.967229 -2.008628 -0.512395 -1.004314 -0.967229 -2.008628 -0.148943 -1.617925 -0.512395 -1.004314 -0.148943 -1.617925 0.390812 -1.004314 0.390812 -1.004314 -0.148943 -1.617925 0.673538 -1.245575 0.390812 -1.004314 0.673538 -1.245575 1.474637 -0.780761 2.197228 0 1.29402 0 1.474637 -0.780761 1.474637 -0.780761 1.29402 0 0.390812 0 1.474637 -0.780761 0.390812 0 0.390812 -1.004314 0.390812 -1.004314 0.390812 0 -0.512395 0 0.390812 -1.004314 -0.512395 0 -0.512395 -1.004314 2.197228 0 1.474637 0.780761 1.29402 0 1.29402 0 1.474637 0.780761 0.673538 1.245575 1.29402 0 0.673538 1.245575 0.390812 0 0.390812 0 0.673538 1.245575 0.390812 1.004314 0.390812 0 0.390812 1.004314 -0.512395 1.004314 -0.512395 1.004314 0.390812 1.004314 -0.148943 1.617925 0.673538 1.245575 -0.148943 1.617925 0.390812 1.004314 -0.512395 0 0.390812 0 -0.512395 1.004314 -1.29402 -1.064243 -0.967229 -2.008628 -0.512395 -1.004314 -0.512395 -1.004314 -0.967229 -2.008628 -0.148943 -1.617925 -0.512395 -1.004314 -0.148943 -1.617925 0.390812 -1.004314 0.390812 -1.004314 -0.148943 -1.617925 0.673538 -1.245575 0.390812 -1.004314 0.673538 -1.245575 1.474637 -0.780761 2.197228 0 1.29402 0 1.474637 -0.780761 1.474637 -0.780761 1.29402 0 0.390812 0 1.474637 -0.780761 0.390812 0 0.390812 -1.004314 0.390812 -1.004314 0.390812 0 -0.512395 0 0.390812 -1.004314 -0.512395 0 -0.512395 -1.004314 -0.512395 -1.004314 -0.512395 0 -1.29402 -1.064243 2.197228 0 1.474637 0.780761 1.29402 0 1.29402 0 1.474637 0.780761 0.673538 1.245575 1.29402 0 0.673538 1.245575 0.390812 0 0.390812 0 0.673538 1.245575 0.390812 1.004314 0.390812 0 0.390812 1.004314 -0.512395 1.004314 -0.512395 1.004314 0.390812 1.004314 -0.148943 1.617925 -0.512395 1.004314 -0.148943 1.617925 -0.967229 2.008628 0.673538 1.245575 -0.148943 1.617925 0.390812 1.004314 -0.967229 2.008628 -1.29402 1.064243 -0.512395 1.004314 -0.512395 1.004314 -1.29402 1.064243 -0.512395 0 -0.512395 1.004314 -0.512395 0 0.390812 0 -1.29402 1.064243 -1.415603 0 -0.512395 0 -0.512395 0 -1.415603 0 -1.29402 -1.064243 -20.6 3.612832 -30.4 3.612832 -20.6 2.709624 -20.6 2.709624 -30.4 3.612832 -30.4 2.709624 -20.6 2.709624 -30.4 2.709624 -20.6 1.806416 -20.6 1.806416 -30.4 2.709624 -30.4 1.806416 -20.6 1.806416 -30.4 1.806416 -20.6 0.903208 -20.6 0.903208 -30.4 1.806416 -30.4 0.903208 -20.6 0.903208 -30.4 0.903208 -20.6 0 -20.6 0 -30.4 0.903208 -30.4 0 -20.6 3.612832 -30.4 3.612832 -20.6 2.709624 -20.6 2.709624 -30.4 3.612832 -30.4 2.709624 -20.6 2.709624 -30.4 2.709624 -20.6 1.806416 -20.6 1.806416 -30.4 2.709624 -30.4 1.806416 -20.6 1.806416 -30.4 1.806416 -20.6 0.903208 -20.6 0.903208 -30.4 1.806416 -30.4 0.903208 -20.6 0.903208 -30.4 0.903208 -20.6 0 -20.6 0 -30.4 0.903208 -30.4 0 -37.7 31.7 -39.7 31.7 -38.46537 31.54776 -38.46537 31.54776 -39.7 31.7 -39.11421 31.11421 -39.11421 31.11421 -39.7 31.7 -39.54776 30.46537 -39.54776 30.46537 -39.7 31.7 -39.7 29.7 -37.7 -31.7 -38.46537 -31.54776 -39.7 -31.7 -39.7 -31.7 -38.46537 -31.54776 -39.11421 -31.11421 -39.7 -31.7 -39.11421 -31.11421 -39.54776 -30.46537 -39.54776 -30.46537 -39.7 -29.7 -39.7 -31.7 39.7 -29.7 39.54776 -30.46537 39.7 -31.7 39.7 -31.7 39.54776 -30.46537 39.11421 -31.11421 39.7 -31.7 39.11421 -31.11421 38.46537 -31.54776 38.46537 -31.54776 37.7 -31.7 39.7 -31.7 39.7 29.7 39.7 31.7 39.54776 30.46537 39.54776 30.46537 39.7 31.7 39.11421 31.11421 39.11421 31.11421 39.7 31.7 38.46537 31.54776 38.46537 31.54776 39.7 31.7 37.7 31.7 -1.8 -0.785398 0 -0.785398 -1.8 0 -1.8 0 0 -0.785398 0 0 -1.8 0 0 0 -1.8 0.785398 -1.8 0.785398 0 0 0 0.785398 -1.8 0.785398 0 0.785398 -1.8 1.570796 -1.8 1.570796 0 0.785398 0 1.570796 -1.8 1.570796 0 1.570796 -1.8 2.356194 -1.8 2.356194 0 1.570796 0 2.356194 -1.8 2.356194 0 2.356194 -1.8 3.141593 -1.8 3.141593 0 2.356194 0 3.141593 -1.8 3.141593 0 3.141593 -1.8 3.926991 -1.8 3.926991 0 3.141593 0 3.926991 -1.8 3.926991 0 3.926991 -1.8 4.712389 -1.8 4.712389 0 3.926991 0 4.712389 -1.8 -4.712389 0 -4.712389 -1.8 -3.926991 -1.8 -3.926991 0 -4.712389 0 -3.926991 -1.8 -3.926991 0 -3.926991 -1.8 -3.141593 -1.8 -3.141593 0 -3.926991 0 -3.141593 -1.8 -3.141593 0 -3.141593 -1.8 -2.356194 -1.8 -2.356194 0 -3.141593 0 -2.356194 -1.8 -2.356194 0 -2.356194 -1.8 -1.570796 -1.8 -1.570796 0 -2.356194 0 -1.570796 -1.8 -1.570796 0 -1.570796 -1.8 -0.785398 -1.8 -0.785398 0 -1.570796 0 -0.785398 1.299038 0.75 -1.299038 0.75 1.5 0 1.5 0 -1.299038 0.75 -1.5 0 1.5 0 -1.5 0 1.299038 -0.75 1.299038 -0.75 -1.5 0 -1.299038 -0.75 1.299038 -0.75 -1.299038 -0.75 0.75 -1.299038 0.75 -1.299038 -1.299038 -0.75 -0.75 -1.299038 0.75 -1.299038 -0.75 -1.299038 0 -1.5 -1.299038 0.75 1.299038 0.75 -0.75 1.299038 -0.75 1.299038 1.299038 0.75 0.75 1.299038 -0.75 1.299038 0.75 1.299038 0 1.5 -1.8 -0.759218 0 0 -1.8 0 -1.8 0 0 0 0 0.759218 -1.8 0 0 0.759218 -1.8 0.759218 -1.8 0.759218 0 0.759218 0 1.518437 -1.8 0.759218 0 1.518437 -1.8 1.518437 -1.8 1.518437 0 1.518437 0 2.277655 -1.8 1.518437 0 2.277655 -1.8 2.277655 -1.8 2.277655 0 2.277655 0 3.036873 -1.8 2.277655 0 3.036873 -1.8 3.036873 -1.8 3.036873 0 3.036873 0 3.796091 -1.8 3.036873 0 3.796091 -1.8 3.796091 -1.8 3.796091 0 3.796091 -1.8 4.55531 -1.8 4.55531 0 3.796091 0 4.55531 -1.8 -4.55531 0 -4.55531 -1.8 -3.796091 -1.8 -3.796091 0 -4.55531 0 -3.796091 -1.8 -3.796091 0 -3.796091 0 -3.036873 0 0 -1.8 -0.759218 0 -0.759218 0 -0.759218 -1.8 -0.759218 -1.8 -1.518437 0 -0.759218 -1.8 -1.518437 0 -1.518437 0 -1.518437 -1.8 -1.518437 -1.8 -2.277655 0 -1.518437 -1.8 -2.277655 0 -2.277655 0 -2.277655 -1.8 -2.277655 -1.8 -3.036873 0 -2.277655 -1.8 -3.036873 0 -3.036873 0 -3.036873 -1.8 -3.036873 -1.8 -3.796091 1.255737 0.725 -1.255737 0.725 1.45 0 1.45 0 -1.255737 0.725 -1.45 0 1.45 0 -1.45 0 1.255737 -0.725 1.255737 -0.725 -1.45 0 -1.255737 -0.725 1.255737 -0.725 -1.255737 -0.725 0.725 -1.255737 0.725 -1.255737 -1.255737 -0.725 -0.725 -1.255737 0.725 -1.255737 -0.725 -1.255737 0 -1.45 -1.255737 0.725 1.255737 0.725 -0.725 1.255737 -0.725 1.255737 1.255737 0.725 0.725 1.255737 -0.725 1.255737 0.725 1.255737 0 1.45 0 0 5.3 0 0 0.3 0 0.3 5.3 0 5.3 0.3 -0.3 0 0 0 -0.3 0.314159 -0.3 0.314159 0 0 0 0.314159 -0.3 0.314159 0 0.314159 -0.3 0.628319 -0.3 0.628319 0 0.314159 0 0.628319 -0.3 0.628319 0 0.628319 -0.3 0.942478 -0.3 0.942478 0 0.628319 0 0.942478 0 0 18.8 0 0 0.3 0 0.3 18.8 0 18.8 0.3 -0.3 0 0 0 -0.3 0.314159 -0.3 0.314159 0 0 0 0.314159 -0.3 0.314159 0 0.314159 -0.3 0.628319 -0.3 0.628319 0 0.314159 0 0.628319 -0.3 0.628319 0 0.628319 -0.3 0.942478 -0.3 0.942478 0 0.628319 0 0.942478 0 0 5.3 0 0 0.3 0 0.3 5.3 0 5.3 0.3 -0.3 0 0 0 -0.3 0.314159 -0.3 0.314159 0 0 0 0.314159 -0.3 0.314159 0 0.314159 -0.3 0.628319 -0.3 0.628319 0 0.314159 0 0.628319 -0.3 0.628319 0 0.628319 -0.3 0.942478 -0.3 0.942478 0 0.628319 0 0.942478 0 0 18.8 0 0 0.3 0 0.3 18.8 0 18.8 0.3 -0.3 0 0 0 -0.3 0.314159 -0.3 0.314159 0 0 0 0.314159 -0.3 0.314159 0 0.314159 -0.3 0.628319 -0.3 0.628319 0 0.314159 0 0.628319 -0.3 0.628319 0 0.628319 -0.3 0.942478 -0.3 0.942478 0 0.628319 0 0.942478 2.95 -9.919615 3.25 -9.4 2.65 -10 2.65 -10 3.25 -9.4 2.65 10 2.65 -10 2.65 10 -2.65 10 2.95 -9.919615 3.169615 -9.7 3.25 -9.4 3.25 -9.4 3.25 9.4 2.65 10 2.65 10 3.25 9.4 2.95 9.919615 2.95 9.919615 3.25 9.4 3.169615 9.7 -2.95 9.919615 -3.25 9.4 -2.65 10 -2.65 10 -3.25 9.4 -3.25 -9.4 -2.65 10 -3.25 -9.4 -2.65 -10 -2.65 -10 -3.25 -9.4 -2.95 -9.919615 -2.95 -9.919615 -3.25 -9.4 -3.169615 -9.7 -2.95 9.919615 -3.169615 9.7 -3.25 9.4 -2.65 -10 2.65 -10 -2.65 10 -2.4 -0.785398 0 -0.785398 -2.4 0 -2.4 0 0 -0.785398 0 0 -2.4 0 0 0 -2.4 0.785398 -2.4 0.785398 0 0 0 0.785398 -2.4 0.785398 0 0.785398 -2.4 1.570796 -2.4 1.570796 0 0.785398 0 1.570796 -2.4 1.570796 0 1.570796 -2.4 2.356194 -2.4 2.356194 0 1.570796 0 2.356194 -2.4 2.356194 0 2.356194 -2.4 3.141593 -2.4 3.141593 0 2.356194 0 3.141593 -2.4 3.141593 0 3.141593 -2.4 3.926991 -2.4 3.926991 0 3.141593 0 3.926991 -2.4 3.926991 0 3.926991 -2.4 4.712389 -2.4 4.712389 0 3.926991 0 4.712389 -2.4 -4.712389 0 -4.712389 -2.4 -3.926991 -2.4 -3.926991 0 -4.712389 0 -3.926991 -2.4 -3.926991 0 -3.926991 -2.4 -3.141593 -2.4 -3.141593 0 -3.926991 0 -3.141593 -2.4 -3.141593 0 -3.141593 -2.4 -2.356194 -2.4 -2.356194 0 -3.141593 0 -2.356194 -2.4 -2.356194 0 -2.356194 -2.4 -1.570796 -2.4 -1.570796 0 -2.356194 0 -1.570796 -2.4 -1.570796 0 -1.570796 -2.4 -0.785398 -2.4 -0.785398 0 -1.570796 0 -0.785398 1.299038 0.75 -1.299038 0.75 1.5 0 1.5 0 -1.299038 0.75 -1.5 0 1.5 0 -1.5 0 1.299038 -0.75 1.299038 -0.75 -1.5 0 -1.299038 -0.75 1.299038 -0.75 -1.299038 -0.75 0.75 -1.299038 0.75 -1.299038 -1.299038 -0.75 -0.75 -1.299038 0.75 -1.299038 -0.75 -1.299038 0 -1.5 -1.299038 0.75 1.299038 0.75 -0.75 1.299038 -0.75 1.299038 1.299038 0.75 0.75 1.299038 -0.75 1.299038 0.75 1.299038 0 1.5 -2.4 -0.785398 0 -0.785398 -2.4 0 -2.4 0 0 -0.785398 0 0 -2.4 0 0 0 -2.4 0.785398 -2.4 0.785398 0 0 0 0.785398 -2.4 0.785398 0 0.785398 -2.4 1.570796 -2.4 1.570796 0 0.785398 0 1.570796 -2.4 1.570796 0 1.570796 -2.4 2.356194 -2.4 2.356194 0 1.570796 0 2.356194 -2.4 2.356194 0 2.356194 -2.4 3.141593 -2.4 3.141593 0 2.356194 0 3.141593 -2.4 3.141593 0 3.141593 -2.4 3.926991 -2.4 3.926991 0 3.141593 0 3.926991 -2.4 3.926991 0 3.926991 -2.4 4.712389 -2.4 4.712389 0 3.926991 0 4.712389 -2.4 -4.712389 0 -4.712389 -2.4 -3.926991 -2.4 -3.926991 0 -4.712389 0 -3.926991 -2.4 -3.926991 0 -3.926991 -2.4 -3.141593 -2.4 -3.141593 0 -3.926991 0 -3.141593 -2.4 -3.141593 0 -3.141593 -2.4 -2.356194 -2.4 -2.356194 0 -3.141593 0 -2.356194 -2.4 -2.356194 0 -2.356194 -2.4 -1.570796 -2.4 -1.570796 0 -2.356194 0 -1.570796 -2.4 -1.570796 0 -1.570796 -2.4 -0.785398 -2.4 -0.785398 0 -1.570796 0 -0.785398 1.299038 0.75 -1.299038 0.75 1.5 0 1.5 0 -1.299038 0.75 -1.5 0 1.5 0 -1.5 0 1.299038 -0.75 1.299038 -0.75 -1.5 0 -1.299038 -0.75 1.299038 -0.75 -1.299038 -0.75 0.75 -1.299038 0.75 -1.299038 -1.299038 -0.75 -0.75 -1.299038 0.75 -1.299038 -0.75 -1.299038 0 -1.5 -1.299038 0.75 1.299038 0.75 -0.75 1.299038 -0.75 1.299038 1.299038 0.75 0.75 1.299038 -0.75 1.299038 0.75 1.299038 0 1.5 -20.6 3.612832 -30.4 3.612832 -20.6 2.709624 -20.6 2.709624 -30.4 3.612832 -30.4 2.709624 -20.6 2.709624 -30.4 2.709624 -20.6 1.806416 -20.6 1.806416 -30.4 2.709624 -30.4 1.806416 -20.6 1.806416 -30.4 1.806416 -20.6 0.903208 -20.6 0.903208 -30.4 1.806416 -30.4 0.903208 -20.6 0.903208 -30.4 0.903208 -20.6 0 -20.6 0 -30.4 0.903208 -30.4 0 -20.6 3.612832 -30.4 3.612832 -20.6 2.709624 -20.6 2.709624 -30.4 3.612832 -30.4 2.709624 -20.6 2.709624 -30.4 2.709624 -20.6 1.806416 -20.6 1.806416 -30.4 2.709624 -30.4 1.806416 -20.6 1.806416 -30.4 1.806416 -20.6 0.903208 -20.6 0.903208 -30.4 1.806416 -30.4 0.903208 -20.6 0.903208 -30.4 0.903208 -20.6 0 -20.6 0 -30.4 0.903208 -30.4 0 -3 3.612832 -15.1 3.612832 -3 2.709624 -3 2.709624 -15.1 3.612832 -15.1 2.709624 -3 2.709624 -15.1 2.709624 -3 1.806416 -3 1.806416 -15.1 2.709624 -15.1 1.806416 -3 1.806416 -15.1 1.806416 -3 0.903208 -3 0.903208 -15.1 1.806416 -15.1 0.903208 -3 0.903208 -15.1 0.903208 -3 0 -3 0 -15.1 0.903208 -15.1 0 -0.3 0 0 0 -0.3 0.785398 -0.3 0.785398 0 0 0 0.785398 -0.3 0.785398 0 0.785398 -0.3 1.570796 -0.3 1.570796 0 0.785398 0 1.570796 -0.3 1.570796 0 1.570796 -0.3 2.356194 -0.3 2.356194 0 1.570796 0 2.356194 -0.3 2.356194 0 2.356194 -0.3 3.141593 -0.3 3.141593 0 2.356194 0 3.141593 59.4 0 59.4 0.3 47.7 0 47.7 0 59.4 0.3 46.7 0 47.7 0 46.7 0 47.7 -0.3 47.7 -0.3 46.7 0 46.7 -0.3 59.4 0.3 0 0.3 46.7 0 46.7 0 0 0.3 0 0 -0.3 0 0 0 -0.3 0.785398 -0.3 0.785398 0 0 0 0.785398 -0.3 0.785398 0 0.785398 -0.3 1.570796 -0.3 1.570796 0 0.785398 0 1.570796 -0.3 1.570796 0 1.570796 -0.3 2.356194 -0.3 2.356194 0 1.570796 0 2.356194 -0.3 2.356194 0 2.356194 -0.3 3.141593 -0.3 3.141593 0 2.356194 0 3.141593 75.4 0 75.4 0.3 63.7 0 63.7 0 75.4 0.3 62.7 0 63.7 0 62.7 0 63.7 -0.3 63.7 -0.3 62.7 0 62.7 -0.3 75.4 0.3 0 0.3 62.7 0 62.7 0 0 0.3 0 0 -0.3 0 0 0 -0.3 0.785398 -0.3 0.785398 0 0 0 0.785398 -0.3 0.785398 0 0.785398 -0.3 1.570796 -0.3 1.570796 0 0.785398 0 1.570796 -0.3 1.570796 0 1.570796 -0.3 2.356194 -0.3 2.356194 0 1.570796 0 2.356194 -0.3 2.356194 0 2.356194 -0.3 3.141593 -0.3 3.141593 0 2.356194 0 3.141593 59.4 0 59.4 0.3 47.7 0 47.7 0 59.4 0.3 46.7 0 47.7 0 46.7 0 47.7 -0.3 47.7 -0.3 46.7 0 46.7 -0.3 59.4 0.3 0 0.3 46.7 0 46.7 0 0 0.3 0 0 -0.3 0 0 0 -0.3 0.785398 -0.3 0.785398 0 0 0 0.785398 -0.3 0.785398 0 0.785398 -0.3 1.570796 -0.3 1.570796 0 0.785398 0 1.570796 -0.3 1.570796 0 1.570796 -0.3 2.356194 -0.3 2.356194 0 1.570796 0 2.356194 -0.3 2.356194 0 2.356194 -0.3 3.141593 -0.3 3.141593 0 2.356194 0 3.141593 75.4 0 75.4 0.3 63.7 0 63.7 0 75.4 0.3 62.7 0 63.7 0 62.7 0 63.7 -0.3 63.7 -0.3 62.7 0 62.7 -0.3 75.4 0.3 0 0.3 62.7 0 62.7 0 0 0.3 0 0 37.7 -31.7 -39.7 -29.7 -37.7 -31.7 -37.7 -31.7 -39.7 -29.7 -39.54776 -30.46537 -37.7 -31.7 -39.54776 -30.46537 -39.11421 -31.11421 38.46537 -31.54776 39.11421 -31.11421 37.7 -31.7 37.7 -31.7 39.11421 -31.11421 39.54776 -30.46537 37.7 -31.7 39.54776 -30.46537 39.7 -29.7 39.7 29.7 -39.7 29.7 39.7 -29.7 39.7 -29.7 -39.7 29.7 -39.7 -29.7 39.7 -29.7 -39.7 -29.7 37.7 -31.7 39.54776 30.46537 37.7 31.7 39.7 29.7 39.7 29.7 37.7 31.7 -37.7 31.7 39.7 29.7 -37.7 31.7 -39.7 29.7 -39.7 29.7 -37.7 31.7 -39.54776 30.46537 -39.54776 30.46537 -37.7 31.7 -39.11421 31.11421 -39.11421 31.11421 -37.7 31.7 -38.46537 31.54776 39.54776 30.46537 39.11421 31.11421 37.7 31.7 37.7 31.7 39.11421 31.11421 38.46537 31.54776 -39.11421 -31.11421 -38.46537 -31.54776 -37.7 -31.7 48.7 30.4 44.55574 26.075 48.7 20.6 48.7 20.6 44.55574 26.075 44.025 25.54426 48.7 20.6 44.025 25.54426 43.3 25.35 0 30.4 20.1 28.3 48.7 30.4 48.7 30.4 20.1 28.3 43.3 28.25 48.7 30.4 43.3 28.25 44.025 28.05574 0 20.6 18.80096 26.05 0 30.4 0 30.4 18.80096 26.05 18.6 26.8 0 30.4 18.6 26.8 18.80096 27.55 48.7 20.6 22.3 21.4 0 20.6 0 20.6 22.3 21.4 22 21.48039 0 20.6 22 21.48039 21.78038 21.7 19.35 25.50096 0 20.6 20.1 25.3 20.1 25.3 0 20.6 21.7 22 20.1 25.3 21.7 22 20.85 25.50096 20.85 25.50096 21.7 22 21.39904 26.05 21.39904 26.05 21.7 22 21.6 26.8 21.6 26.8 21.7 22 21.7 27.3 21.6 26.8 21.7 27.3 21.39904 27.55 21.39904 27.55 21.7 27.3 21.78038 27.6 21.39904 27.55 21.78038 27.6 22 27.81962 19.35 25.50096 18.80096 26.05 0 20.6 18.80096 27.55 19.35 28.09904 0 30.4 0 30.4 19.35 28.09904 20.1 28.3 20.85 28.09904 22.3 27.9 20.1 28.3 20.1 28.3 22.3 27.9 41.1 27.9 20.1 28.3 41.1 27.9 43.3 28.25 43.3 28.25 41.1 27.9 42.575 28.05574 42.575 28.05574 41.1 27.9 41.4 27.81962 42.575 28.05574 41.4 27.81962 41.61961 27.6 22.3 27.9 20.85 28.09904 22 27.81962 22 27.81962 20.85 28.09904 21.39904 27.55 48.7 20.6 43.3 25.35 41.7 22 41.7 22 43.3 25.35 42.575 25.54426 41.7 22 42.575 25.54426 42.04426 26.075 42.04426 26.075 41.85 26.8 41.7 22 41.7 22 41.85 26.8 41.7 27.3 41.7 27.3 41.85 26.8 42.04426 27.525 41.7 27.3 42.04426 27.525 41.61961 27.6 41.61961 27.6 42.04426 27.525 42.575 28.05574 44.025 28.05574 44.55574 27.525 48.7 30.4 48.7 30.4 44.55574 27.525 44.75 26.8 48.7 30.4 44.75 26.8 44.55574 26.075 41.7 22 41.61961 21.7 48.7 20.6 48.7 20.6 41.61961 21.7 41.4 21.48039 48.7 20.6 41.4 21.48039 41.1 21.4 41.1 21.4 22.3 21.4 48.7 20.6 21.78038 21.7 21.7 22 0 20.6 -3 3.612832 -15.1 3.612832 -3 2.709624 -3 2.709624 -15.1 3.612832 -15.1 2.709624 -3 2.709624 -15.1 2.709624 -3 1.806416 -3 1.806416 -15.1 2.709624 -15.1 1.806416 -3 1.806416 -15.1 1.806416 -3 0.903208 -3 0.903208 -15.1 1.806416 -15.1 0.903208 -3 0.903208 -15.1 0.903208 -3 0 -3 0 -15.1 0.903208 -15.1 0</float_array>
          <technique_common>
            <accessor source="#EMROX-Argo_IPA-HN_V1_02_03_Simu_EMROX_IPA-HN_Plattform_V1_02_03-mesh-map-0-array" count="5700" stride="2">
              <param name="S" type="float"/>
              <param name="T" type="float"/>
            </accessor>
          </technique_common>
        </source>
        <vertices id="EMROX-Argo_IPA-HN_V1_02_03_Simu_EMROX_IPA-HN_Plattform_V1_02_03-mesh-vertices">
          <input semantic="POSITION" source="#EMROX-Argo_IPA-HN_V1_02_03_Simu_EMROX_IPA-HN_Plattform_V1_02_03-mesh-positions"/>
        </vertices>
        <triangles material="_91_191_191-material" count="244">
          <input semantic="VERTEX" source="#EMROX-Argo_IPA-HN_V1_02_03_Simu_EMROX_IPA-HN_Plattform_V1_02_03-mesh-vertices" offset="0"/>
          <input semantic="NORMAL" source="#EMROX-Argo_IPA-HN_V1_02_03_Simu_EMROX_IPA-HN_Plattform_V1_02_03-mesh-normals" offset="1"/>
          <input semantic="TEXCOORD" source="#EMROX-Argo_IPA-HN_V1_02_03_Simu_EMROX_IPA-HN_Plattform_V1_02_03-mesh-map-0" offset="2" set="0"/>
          <p>446 0 0 439 1 1 438 2 2 438 3 3 439 4 4 445 5 5 438 6 6 445 7 7 444 8 8 444 9 9 445 10 10 453 11 11 444 12 12 453 13 13 452 14 14 452 15 15 453 16 16 495 17 17 452 18 18 495 19 19 494 20 20 494 21 21 495 22 22 537 23 23 494 24 24 537 25 25 536 26 26 536 27 27 537 28 28 553 29 29 536 30 30 553 31 31 552 32 32 552 33 33 553 34 34 569 35 35 552 36 36 569 37 37 568 38 38 568 39 39 569 40 40 583 41 41 568 42 42 583 43 43 582 44 44 582 45 45 583 46 46 594 47 47 582 48 48 594 49 49 593 50 50 593 51 51 594 52 52 603 53 53 593 54 54 603 55 55 602 56 56 602 57 57 603 58 58 612 59 59 602 60 60 612 61 61 611 62 62 611 63 63 612 64 64 614 65 65 611 66 66 614 67 67 613 68 68 613 69 69 614 70 70 605 71 71 613 72 72 605 73 73 604 74 74 604 75 75 605 76 76 596 77 77 604 78 78 596 79 79 595 80 80 595 81 81 596 82 82 585 83 83 595 84 84 585 85 85 584 86 86 584 87 87 585 88 88 571 89 89 584 90 90 571 91 91 570 92 92 570 93 93 571 94 94 555 95 95 570 96 96 555 97 97 554 98 98 554 99 99 555 100 100 539 101 101 554 102 102 539 103 103 538 104 104 538 105 105 539 106 106 497 107 107 538 108 108 497 109 109 496 110 110 496 111 111 497 112 112 455 113 113 496 114 114 455 115 115 454 116 116 454 117 117 455 118 118 447 119 119 454 120 120 447 121 121 446 122 122 446 123 123 447 124 124 439 125 125 445 126 126 439 126 127 569 126 128 569 127 129 439 127 130 447 127 131 569 128 132 447 128 133 455 128 134 455 129 135 497 129 136 569 129 137 569 130 138 497 130 139 539 130 140 569 131 141 539 131 142 555 131 143 555 126 144 571 126 145 569 126 146 569 126 147 571 126 148 583 126 149 583 132 150 571 132 151 585 132 152 583 126 153 585 126 154 594 126 155 594 133 156 585 133 157 596 133 158 594 134 159 596 134 160 603 134 161 603 126 162 596 126 163 605 126 164 603 126 165 605 126 166 612 126 167 612 126 168 605 126 169 614 126 170 553 126 171 537 126 172 569 126 173 569 126 174 537 126 175 495 126 176 569 135 177 495 135 178 453 135 179 453 126 180 445 126 181 569 126 182 267 136 183 260 137 184 259 138 185 259 139 186 260 140 187 266 141 188 259 142 189 266 143 190 265 144 191 265 145 192 266 146 193 276 147 194 265 148 195 276 149 196 275 150 197 275 151 198 276 152 199 286 153 200 275 154 201 286 155 202 285 20 203 285 156 204 286 157 205 301 158 206 285 159 207 301 160 208 300 161 209 300 162 210 301 163 211 309 164 212 300 165 213 309 31 214 308 166 215 308 33 216 309 34 217 317 35 218 308 36 219 317 37 220 316 38 221 316 39 222 317 40 223 325 41 224 316 42 225 325 43 226 324 44 227 324 45 228 325 46 229 367 47 230 324 48 231 367 49 232 366 50 233 366 167 234 367 52 235 409 168 236 366 169 237 409 170 238 408 171 239 408 172 240 409 173 241 417 174 242 408 175 243 417 176 244 416 177 245 416 63 246 417 64 247 419 65 248 416 66 249 419 67 250 418 68 251 418 178 252 419 179 253 411 180 254 418 181 255 411 182 256 410 183 257 410 184 258 411 185 259 369 186 260 410 187 261 369 188 262 368 80 263 368 81 264 369 82 265 327 83 266 368 84 267 327 85 268 326 86 269 326 87 270 327 88 271 319 89 272 326 90 273 319 91 274 318 92 275 318 93 276 319 94 277 311 95 278 318 96 279 311 97 280 310 98 281 310 189 282 311 190 283 303 191 284 310 192 285 303 193 286 302 194 287 302 195 288 303 196 289 288 197 290 302 198 291 288 199 292 287 200 293 287 201 294 288 202 295 278 203 296 287 204 297 278 205 298 277 116 299 277 206 300 278 207 301 268 208 302 277 209 303 268 210 304 267 211 305 267 212 306 268 213 307 260 214 308 266 126 309 260 126 310 317 126 311 317 215 312 260 215 313 268 215 314 317 216 315 268 216 316 278 216 317 278 217 318 288 217 319 317 217 320 317 218 321 288 218 322 303 218 323 317 219 324 303 219 325 311 219 326 311 126 327 319 126 328 317 126 329 317 126 330 319 126 331 325 126 332 325 132 333 319 132 334 327 132 335 325 126 336 327 126 337 367 126 338 367 133 339 327 133 340 369 133 341 367 220 342 369 220 343 409 220 344 409 126 345 369 126 346 411 126 347 409 126 348 411 126 349 417 126 350 417 126 351 411 126 352 419 126 353 309 126 354 301 126 355 317 126 356 317 126 357 301 126 358 286 126 359 317 135 360 286 135 361 276 135 362 276 126 363 266 126 364 317 126 365 263 136 366 258 137 367 257 138 368 257 139 369 258 140 370 262 141 371 257 142 372 262 143 373 261 144 374 261 145 375 262 146 376 272 147 377 261 148 378 272 149 379 271 150 380 271 221 381 272 222 382 282 223 383 271 224 384 282 225 385 281 226 386 281 227 387 282 228 388 297 229 389 281 230 390 297 231 391 296 232 392 296 233 393 297 234 394 305 235 395 296 236 396 305 237 397 304 238 398 304 33 399 305 34 400 313 35 401 304 36 402 313 37 403 312 38 404 312 39 405 313 40 406 321 41 407 312 42 408 321 43 409 320 44 410 320 45 411 321 46 412 363 47 413 320 48 414 363 49 415 362 50 416 362 167 417 363 52 418 405 168 419 362 169 420 405 170 421 404 171 422 404 239 423 405 240 424 413 241 425 404 242 426 413 243 427 412 244 428 412 63 429 413 64 430 415 65 431 412 66 432 415 67 433 414 68 434 414 245 435 415 246 436 407 247 437 414 248 438 407 249 439 406 250 440 406 184 441 407 185 442 365 186 443 406 187 444 365 188 445 364 80 446 364 81 447 365 82 448 323 83 449 364 84 450 323 85 451 322 86 452 322 87 453 323 88 454 315 89 455 322 90 456 315 91 457 314 92 458 314 93 459 315 94 460 307 95 461 314 96 462 307 97 463 306 98 464 306 251 465 307 252 466 299 253 467 306 254 468 299 255 469 298 256 470 298 257 471 299 258 472 284 259 473 298 260 474 284 261 475 283 262 476 283 263 477 284 264 478 274 265 479 283 266 480 274 267 481 273 268 482 273 206 483 274 207 484 264 208 485 273 209 486 264 210 487 263 211 488 263 212 489 264 213 490 258 214 491 262 126 492 258 126 493 313 126 494 313 269 495 258 269 496 264 269 497 313 270 498 264 270 499 274 270 500 274 271 501 284 271 502 313 271 503 313 272 504 284 272 505 299 272 506 313 273 507 299 273 508 307 273 509 307 126 510 315 126 511 313 126 512 313 126 513 315 126 514 321 126 515 321 132 516 315 132 517 323 132 518 321 126 519 323 126 520 363 126 521 363 274 522 323 274 523 365 274 524 363 275 525 365 275 526 405 275 527 405 126 528 365 126 529 407 126 530 405 126 531 407 126 532 413 126 533 413 276 534 407 276 535 415 276 536 305 126 537 297 126 538 313 126 539 313 277 540 297 277 541 282 277 542 313 126 543 282 126 544 272 126 545 272 126 546 262 126 547 313 126 548 442 0 549 437 1 550 436 2 551 436 3 552 437 4 553 441 5 554 436 6 555 441 7 556 440 8 557 440 9 558 441 10 559 449 11 560 440 12 561 449 13 562 448 14 563 448 278 564 449 222 565 491 279 566 448 224 567 491 280 568 490 281 569 490 282 570 491 283 571 533 284 572 490 285 573 533 286 574 532 287 575 532 288 576 533 289 577 549 290 578 532 291 579 549 292 580 548 293 581 548 33 582 549 34 583 565 35 584 548 36 585 565 37 586 564 38 587 564 39 588 565 40 589 579 41 590 564 42 591 579 43 592 578 44 593 578 45 594 579 46 595 590 47 596 578 48 597 590 49 598 589 50 599 589 51 600 590 52 601 599 53 602 589 54 603 599 55 604 598 56 605 598 294 606 599 295 607 608 296 608 598 297 609 608 298 610 607 299 611 607 63 612 608 64 613 610 65 614 607 66 615 610 67 616 609 68 617 609 300 618 610 301 619 601 302 620 609 303 621 601 304 622 600 305 623 600 75 624 601 76 625 592 77 626 600 78 627 592 79 628 591 80 629 591 81 630 592 82 631 581 83 632 591 84 633 581 85 634 580 86 635 580 87 636 581 88 637 567 89 638 580 90 639 567 91 640 566 92 641 566 93 642 567 94 643 551 95 644 566 96 645 551 97 646 550 98 647 550 251 648 551 306 649 535 307 650 550 308 651 535 309 652 534 310 653 534 311 654 535 312 655 493 313 656 534 314 657 493 315 658 492 316 659 492 317 660 493 318 661 451 265 662 492 319 663 451 320 664 450 268 665 450 117 666 451 118 667 443 119 668 450 120 669 443 121 670 442 122 671 442 123 672 443 124 673 437 125 674 441 126 675 437 126 676 565 126 677 565 215 678 437 215 679 443 215 680 565 128 681 443 128 682 451 128 683 451 271 684 493 271 685 565 271 686 565 321 687 493 321 688 535 321 689 565 322 690 535 322 691 551 322 692 551 126 693 567 126 694 565 126 695 565 126 696 567 126 697 579 126 698 579 132 699 567 132 700 581 132 701 579 126 702 581 126 703 590 126 704 590 274 705 581 274 706 592 274 707 590 323 708 592 323 709 599 323 710 599 126 711 592 126 712 601 126 713 599 126 714 601 126 715 608 126 716 608 324 717 601 324 718 610 324 719 549 126 720 533 126 721 565 126 722 565 325 723 533 325 724 491 325 725 565 126 726 491 126 727 449 126 728 449 126 729 441 126 730 565 126 731</p>
        </triangles>
        <triangles material="_45_245_245_001-material" count="1334">
          <input semantic="VERTEX" source="#EMROX-Argo_IPA-HN_V1_02_03_Simu_EMROX_IPA-HN_Plattform_V1_02_03-mesh-vertices" offset="0"/>
          <input semantic="NORMAL" source="#EMROX-Argo_IPA-HN_V1_02_03_Simu_EMROX_IPA-HN_Plattform_V1_02_03-mesh-normals" offset="1"/>
          <input semantic="TEXCOORD" source="#EMROX-Argo_IPA-HN_V1_02_03_Simu_EMROX_IPA-HN_Plattform_V1_02_03-mesh-map-0" offset="2" set="0"/>
          <p>444 126 732 416 126 733 438 126 734 438 126 735 416 126 736 418 126 737 438 126 738 418 126 739 446 126 740 446 126 741 418 126 742 410 126 743 446 126 744 410 126 745 394 126 746 394 126 747 410 126 748 368 126 749 394 326 750 368 326 751 326 326 752 416 126 753 444 126 754 408 126 755 408 126 756 444 126 757 452 126 758 408 126 759 452 126 760 366 126 761 366 126 762 452 126 763 494 126 764 366 327 765 494 327 766 492 327 767 492 328 768 494 328 769 536 328 770 492 329 771 536 329 772 534 329 773 534 330 774 536 330 775 552 330 776 534 126 777 552 126 778 550 126 779 550 126 780 552 126 781 566 126 782 566 331 783 552 331 784 568 331 785 566 332 786 568 332 787 804 332 788 804 126 789 568 126 790 582 126 791 804 126 792 582 126 793 593 126 794 804 126 795 593 126 796 808 126 797 808 126 798 593 126 799 602 126 800 808 333 801 602 333 802 611 333 803 611 126 804 613 126 805 808 126 806 808 126 807 613 126 808 880 126 809 880 126 810 613 126 811 896 126 812 896 126 813 613 126 814 604 126 815 896 126 816 604 126 817 595 126 818 896 126 819 595 126 820 732 126 821 732 334 822 595 334 823 584 334 824 732 126 825 584 126 826 570 126 827 570 126 828 554 126 829 732 126 830 732 335 831 554 335 832 538 335 833 732 126 834 538 126 835 400 126 836 400 336 837 538 336 838 496 336 839 400 337 840 496 337 841 454 337 842 400 126 843 454 126 844 394 126 845 394 338 846 454 338 847 446 338 848 267 126 849 259 126 850 36 126 851 36 339 852 259 339 853 265 339 854 36 340 855 265 340 856 275 340 857 36 126 858 275 126 859 32 126 860 32 341 861 275 341 862 285 341 863 32 342 864 285 342 865 300 342 866 32 126 867 300 126 868 64 126 869 64 343 870 300 343 871 308 343 872 64 344 873 308 344 874 306 344 875 306 126 876 308 126 877 314 126 878 314 331 879 308 331 880 316 331 881 314 345 882 316 345 883 322 345 884 322 346 885 316 346 886 324 346 887 322 126 888 324 126 889 364 126 890 364 347 891 324 347 892 366 347 893 364 126 894 366 126 895 492 126 896 326 126 897 318 126 898 394 126 899 394 126 900 318 126 901 352 126 902 352 348 903 318 348 904 310 348 905 352 349 906 310 349 907 302 349 908 352 126 909 302 126 910 168 126 911 168 350 912 302 350 913 287 350 914 168 126 915 287 126 916 36 126 917 36 351 918 287 351 919 277 351 920 36 352 921 277 352 922 267 352 923 263 126 924 257 126 925 60 126 926 60 353 927 257 353 928 261 353 929 60 126 930 261 126 931 28 126 932 28 126 933 261 126 934 12 126 935 12 352 936 261 352 937 271 352 938 12 351 939 271 351 940 281 351 941 12 126 942 281 126 943 136 126 944 136 350 945 281 350 946 296 350 947 136 354 948 296 354 949 304 354 950 304 355 951 312 355 952 136 355 953 136 126 954 312 126 955 456 126 956 456 126 957 312 126 958 320 126 959 456 356 960 320 356 961 362 356 962 362 126 963 404 126 964 456 126 965 456 126 966 404 126 967 462 126 968 462 126 969 404 126 970 440 126 971 462 357 972 440 357 973 448 357 974 404 126 975 412 126 976 440 126 977 440 126 978 412 126 979 436 126 980 436 126 981 412 126 982 414 126 983 436 126 984 414 126 985 442 126 986 442 126 987 414 126 988 406 126 989 442 126 990 406 126 991 450 126 992 450 126 993 406 126 994 364 126 995 450 126 996 364 126 997 492 126 998 306 126 999 298 126 1000 64 126 1001 64 358 1002 298 358 1003 283 358 1004 64 359 1005 283 359 1006 273 359 1007 64 126 1008 273 126 1009 60 126 1010 60 360 1011 273 360 1012 263 360 1013 448 126 1014 490 126 1015 462 126 1016 462 361 1017 490 361 1018 532 361 1019 462 126 1020 532 126 1021 504 126 1022 504 362 1023 532 362 1024 548 362 1025 504 363 1026 548 363 1027 564 363 1028 504 126 1029 564 126 1030 700 126 1031 700 126 1032 564 126 1033 578 126 1034 700 334 1035 578 334 1036 589 334 1037 700 126 1038 589 126 1039 832 126 1040 832 126 1041 589 126 1042 598 126 1043 832 126 1044 598 126 1045 607 126 1046 607 364 1047 609 364 1048 832 364 1049 832 365 1050 609 365 1051 600 365 1052 832 126 1053 600 126 1054 876 126 1055 876 126 1056 600 126 1057 591 126 1058 876 366 1059 591 366 1060 580 366 1061 876 126 1062 580 126 1063 804 126 1064 804 367 1065 580 367 1066 566 367 1067 764 126 1068 792 126 1069 732 126 1070 732 126 1071 792 126 1072 828 126 1073 732 126 1074 828 126 1075 896 126 1076 832 126 1077 816 126 1078 700 126 1079 700 126 1080 816 126 1081 780 126 1082 700 126 1083 780 126 1084 752 126 1085 700 126 1086 498 126 1087 504 126 1088 104 126 1089 76 126 1090 136 126 1091 136 126 1092 76 126 1093 40 126 1094 136 126 1095 40 126 1096 12 126 1097 36 126 1098 52 126 1099 168 126 1100 168 126 1101 52 126 1102 88 126 1103 168 126 1104 88 126 1105 116 126 1106 168 126 1107 358 126 1108 352 126 1109 420 368 1110 421 369 1111 422 370 1112 422 371 1113 421 372 1114 423 373 1115 422 374 1116 423 375 1117 425 376 1118 427 377 1119 426 378 1120 425 379 1121 425 380 1122 426 381 1123 424 382 1124 425 383 1125 424 384 1126 422 385 1127 427 386 1128 429 386 1129 426 386 1130 426 387 1131 429 387 1132 428 387 1133 428 388 1134 429 389 1135 430 390 1136 430 391 1137 429 392 1138 431 393 1139 430 394 1140 431 395 1141 433 396 1142 435 397 1143 434 398 1144 433 399 1145 433 400 1146 434 401 1147 432 402 1148 433 403 1149 432 404 1150 430 405 1151 435 126 1152 541 126 1153 434 126 1154 434 126 1155 541 126 1156 540 126 1157 540 406 1158 541 407 1159 542 408 1160 542 409 1161 541 410 1162 543 411 1163 542 412 1164 543 413 1165 545 414 1166 547 415 1167 546 416 1168 545 417 1169 545 418 1170 546 419 1171 544 420 1172 545 421 1173 544 422 1174 542 423 1175 547 424 1176 557 424 1177 546 424 1178 546 425 1179 557 425 1180 556 425 1181 556 426 1182 557 427 1183 558 428 1184 558 429 1185 557 430 1186 559 431 1187 558 432 1188 559 433 1189 561 434 1190 563 435 1191 562 436 1192 561 437 1193 561 438 1194 562 439 1195 560 440 1196 561 441 1197 560 442 1198 558 443 1199 558 444 1200 424 444 1201 556 444 1202 556 444 1203 424 444 1204 426 444 1205 556 444 1206 426 444 1207 546 444 1208 546 445 1209 426 445 1210 428 445 1211 546 444 1212 428 444 1213 430 444 1214 424 444 1215 558 444 1216 422 444 1217 422 444 1218 558 444 1219 560 444 1220 422 444 1221 560 444 1222 420 444 1223 420 444 1224 560 444 1225 562 444 1226 432 444 1227 434 444 1228 430 444 1229 430 444 1230 434 444 1231 546 444 1232 546 444 1233 434 444 1234 544 444 1235 544 444 1236 434 444 1237 540 444 1238 544 444 1239 540 444 1240 542 444 1241 561 444 1242 559 444 1243 563 444 1244 563 444 1245 559 444 1246 734 444 1247 734 446 1248 559 446 1249 557 446 1250 734 447 1251 557 447 1252 547 447 1253 547 444 1254 545 444 1255 734 444 1256 734 448 1257 545 448 1258 543 448 1259 734 444 1260 543 444 1261 735 444 1262 735 449 1263 543 449 1264 541 449 1265 735 450 1266 541 450 1267 435 450 1268 735 451 1269 435 451 1270 403 451 1271 403 452 1272 435 452 1273 433 452 1274 403 444 1275 433 444 1276 402 444 1277 402 453 1278 433 453 1279 431 453 1280 402 454 1281 431 454 1282 429 454 1283 429 444 1284 427 444 1285 402 444 1286 402 455 1287 427 455 1288 421 455 1289 421 456 1290 427 456 1291 425 456 1292 421 444 1293 425 444 1294 423 444 1295 735 512 1380 403 513 1381 731 514 1382 731 515 1383 403 516 1384 399 517 1385 731 518 1386 399 519 1387 729 520 1388 729 521 1389 399 522 1390 391 523 1391 729 524 1392 391 525 1393 727 526 1394 727 527 1395 391 528 1396 387 529 1397 727 530 1398 387 531 1399 675 532 1400 675 533 1401 387 534 1402 383 535 1403 675 536 1404 725 537 1405 727 538 1406 331 444 1407 251 444 1408 332 444 1409 332 444 1410 251 444 1411 252 444 1412 251 539 1413 331 540 1414 253 541 1415 253 542 1416 331 543 1417 333 544 1418 253 545 1419 333 546 1420 254 547 1421 254 548 1422 333 549 1423 335 550 1424 254 551 1425 335 552 1426 255 553 1427 255 554 1428 335 555 1429 337 556 1430 337 499 1431 339 499 1432 255 499 1433 255 499 1434 339 499 1435 160 499 1436 255 499 1437 160 499 1438 245 499 1439 245 499 1440 160 499 1441 217 499 1442 217 499 1443 160 499 1444 208 499 1445 208 499 1446 160 499 1447 206 499 1448 206 499 1449 160 499 1450 155 499 1451 206 499 1452 155 499 1453 205 499 1454 160 557 1455 339 558 1456 162 559 1457 162 560 1458 339 561 1459 344 562 1460 162 563 1461 344 564 1462 164 565 1463 164 566 1464 344 567 1465 348 568 1466 164 569 1467 348 570 1468 166 571 1469 166 572 1470 348 573 1471 356 574 1472 166 575 1473 356 576 1474 169 577 1475 169 578 1476 356 579 1477 359 580 1478 835 645 1563 879 646 1564 821 647 1565 821 648 1566 879 649 1567 823 650 1568 821 651 1569 823 652 1570 785 653 1571 785 654 1572 823 655 1573 787 656 1574 785 657 1575 787 658 1576 757 659 1577 757 660 1578 787 661 1579 759 662 1580 757 663 1581 759 664 1582 712 665 1583 712 666 1584 759 667 1585 717 668 1586 712 669 1587 711 670 1588 757 671 1589 643 644 1590 645 644 1591 644 644 1592 644 644 1593 645 644 1594 646 644 1595 645 672 1596 643 673 1597 648 674 1598 648 675 1599 643 676 1600 652 677 1601 648 678 1602 652 679 1603 655 680 1604 655 681 1605 652 682 1606 661 683 1607 655 684 1608 661 685 1609 662 686 1610 662 687 1611 661 688 1612 669 689 1613 662 690 1614 669 691 1615 670 692 1616 379 499 1617 577 499 1618 381 499 1619 381 693 1620 577 693 1621 587 693 1622 381 694 1623 587 694 1624 597 694 1625 597 499 1626 615 499 1627 381 499 1628 381 499 1629 615 499 1630 724 499 1631 724 695 1632 615 695 1633 628 695 1634 724 696 1635 628 696 1636 664 696 1637 664 499 1638 677 499 1639 724 499 1640 724 697 1641 677 697 1642 685 697 1643 724 698 1644 685 698 1645 689 698 1646 689 499 1647 690 499 1648 724 499 1649 724 499 1650 690 499 1651 719 499 1652 719 499 1653 690 499 1654 686 499 1655 719 699 1656 686 699 1657 678 699 1658 678 499 1659 670 499 1660 719 499 1661 719 499 1662 670 499 1663 669 499 1664 724 700 1665 719 701 1666 762 702 1667 762 703 1668 719 704 1669 760 705 1670 762 706 1671 760 707 1672 790 708 1673 790 709 1674 760 710 1675 788 711 1676 790 712 1677 788 713 1678 826 714 1679 826 715 1680 788 716 1681 824 717 1682 826 718 1683 824 719 1684 897 720 1685 897 721 1686 824 722 1687 881 723 1688 139 779 1773 459 780 1774 141 781 1775 141 782 1776 459 783 1777 461 784 1778 141 785 1779 461 786 1780 143 787 1781 143 788 1782 461 789 1783 469 790 1784 143 791 1785 469 792 1786 145 793 1787 145 794 1788 469 795 1789 473 796 1790 145 797 1791 473 798 1792 195 799 1793 195 800 1794 473 801 1795 479 802 1796 195 803 1797 147 804 1798 145 805 1799 527 748 1800 619 748 1801 528 748 1802 528 748 1803 619 748 1804 620 748 1805 619 806 1806 527 807 1807 618 808 1808 618 809 1809 527 810 1810 526 811 1811 618 812 1812 526 813 1813 617 814 1814 617 815 1815 526 816 1816 524 817 1817 617 818 1818 524 819 1819 616 820 1820 616 821 1821 524 822 1822 523 823 1823 667 499 1824 665 499 1825 715 499 1826 715 499 1827 665 499 1828 710 499 1829 710 824 1830 665 824 1831 663 824 1832 710 499 1833 663 499 1834 654 499 1835 654 825 1836 626 825 1837 710 825 1838 710 826 1839 626 826 1840 616 826 1841 710 499 1842 616 499 1843 519 499 1844 519 499 1845 616 499 1846 523 499 1847 710 827 1848 519 828 1849 708 829 1850 708 830 1851 519 831 1852 514 832 1853 708 833 1854 514 834 1855 706 835 1856 706 836 1857 514 837 1858 510 838 1859 706 839 1860 510 840 1861 704 841 1862 704 842 1863 510 843 1864 502 844 1865 704 845 1866 502 846 1867 701 847 1868 701 848 1869 502 849 1870 499 850 1871 39 915 1956 35 916 1957 51 917 1958 51 918 1959 35 919 1960 49 920 1961 51 921 1962 49 922 1963 87 923 1964 87 924 1965 49 925 1966 85 926 1967 87 927 1968 85 928 1969 115 929 1970 115 930 1971 85 931 1972 113 932 1973 115 933 1974 113 934 1975 158 935 1976 158 936 1977 113 937 1978 157 938 1979 158 939 1980 161 940 1981 115 941 1982 146 942 1983 151 943 1984 108 944 1985 108 945 1986 151 946 1987 110 947 1988 108 948 1989 110 949 1990 80 950 1991 80 951 1992 110 952 1993 82 953 1994 80 954 1995 82 955 1996 44 956 1997 44 957 1998 82 958 1999 46 959 2000 44 960 2001 46 961 2002 13 962 2003 13 963 2004 46 964 2005 29 965 2006 37 966 2007 33 967 2008 50 968 2009 50 969 2010 33 970 2011 48 971 2012 50 921 2013 48 922 2014 86 923 2015 86 972 2016 48 973 2017 84 974 2018 86 975 2019 84 976 2020 114 977 2021 114 978 2022 84 979 2023 112 980 2024 114 981 2025 112 982 2026 160 983 2027 160 984 2028 112 985 2029 155 986 2030 481 499 2031 290 499 2032 477 499 2033 477 987 2034 290 987 2035 280 987 2036 477 988 2037 280 988 2038 270 988 2039 270 499 2040 256 499 2041 477 499 2042 477 499 2043 256 499 2044 146 499 2045 146 989 2046 256 989 2047 243 989 2048 146 990 2049 243 990 2050 207 990 2051 207 499 2052 194 499 2053 146 499 2054 146 991 2055 194 991 2056 186 991 2057 146 992 2058 186 992 2059 182 992 2060 182 499 2061 181 499 2062 146 499 2063 146 499 2064 181 499 2065 151 499 2066 151 499 2067 181 499 2068 185 499 2069 151 993 2070 185 993 2071 193 993 2072 193 499 2073 201 499 2074 151 499 2075 151 499 2076 201 499 2077 203 499 2078 227 914 2079 225 914 2080 228 914 2081 228 914 2082 225 914 2083 226 914 2084 225 994 2085 227 995 2086 223 996 2087 223 997 2088 227 998 2089 219 999 2090 223 1000 2091 219 1001 2092 216 1002 2093 216 1003 2094 219 1004 2095 210 1005 2096 216 1006 2097 210 1007 2098 209 1008 2099 209 1009 2100 210 1010 2101 203 1011 2102 209 1012 2103 203 1013 2104 201 1014 2105 880 748 2112 881 748 2113 809 748 2114 809 748 2115 881 748 2116 824 748 2117 809 748 2118 824 748 2119 802 748 2120 802 748 2121 824 748 2122 788 748 2123 802 748 2124 788 748 2125 774 748 2126 774 748 2127 788 748 2128 760 748 2129 774 748 2130 760 748 2131 750 748 2132 750 748 2133 760 748 2134 719 748 2135 750 748 2136 719 748 2137 718 748 2138 718 748 2139 719 748 2140 668 748 2141 668 748 2142 719 748 2143 669 748 2144 668 748 2145 669 748 2146 661 748 2147 668 748 2148 661 748 2149 657 748 2150 657 748 2151 661 748 2152 652 748 2153 657 748 2154 652 748 2155 638 748 2156 638 748 2157 652 748 2158 643 748 2159 638 748 2160 643 748 2161 632 748 2162 632 748 2163 643 748 2164 633 748 2165 633 748 2166 643 748 2167 644 748 2168 809 748 2169 808 748 2170 880 748 2171 882 748 2172 883 748 2173 811 748 2174 811 748 2175 883 748 2176 825 748 2177 811 748 2178 825 748 2179 803 748 2180 803 748 2181 825 748 2182 789 748 2183 803 748 2184 789 748 2185 775 748 2186 775 748 2187 789 748 2188 761 748 2189 775 748 2190 761 748 2191 751 748 2192 751 748 2193 761 748 2194 721 748 2195 751 748 2196 721 748 2197 720 748 2198 811 748 2199 810 748 2200 882 748 2201 758 444 2202 748 444 2203 715 444 2204 715 444 2205 748 444 2206 714 444 2207 715 444 2208 714 444 2209 666 444 2210 748 444 2211 758 444 2212 772 444 2213 772 444 2214 758 444 2215 786 444 2216 772 444 2217 786 444 2218 800 444 2219 800 444 2220 786 444 2221 822 444 2222 800 444 2223 822 444 2224 805 444 2225 805 444 2226 822 444 2227 877 444 2228 805 444 2229 877 444 2230 804 444 2231 804 444 2232 877 444 2233 876 444 2234 656 444 2235 660 444 2236 666 444 2237 666 444 2238 660 444 2239 667 444 2240 666 444 2241 667 444 2242 715 444 2243 660 444 2244 656 444 2245 651 444 2246 651 444 2247 656 444 2248 637 444 2249 651 444 2250 637 444 2251 641 444 2252 641 444 2253 637 444 2254 630 444 2255 641 444 2256 630 444 2257 642 444 2258 642 444 2259 630 444 2260 631 444 2261 716 444 2262 717 444 2263 749 444 2264 749 444 2265 717 444 2266 759 444 2267 749 444 2268 759 444 2269 773 444 2270 773 444 2271 759 444 2272 787 444 2273 773 444 2274 787 444 2275 801 444 2276 801 444 2277 787 444 2278 823 444 2279 801 444 2280 823 444 2281 807 444 2282 807 444 2283 823 444 2284 879 444 2285 807 444 2286 879 444 2287 806 444 2288 806 444 2289 879 444 2290 878 444 2291 358 644 2298 359 644 2299 353 644 2300 353 644 2301 359 644 2302 356 644 2303 353 1015 2304 356 1015 2305 350 1015 2306 350 644 2307 356 644 2308 348 644 2309 350 1016 2310 348 1016 2311 346 1016 2312 346 644 2313 348 644 2314 344 644 2315 346 1017 2316 344 1017 2317 342 1017 2318 342 644 2319 344 644 2320 339 644 2321 342 644 2322 339 644 2323 338 644 2324 338 644 2325 339 644 2326 336 644 2327 336 644 2328 339 644 2329 337 644 2330 336 1018 2331 337 1018 2332 335 1018 2333 336 1019 2334 335 1019 2335 334 1019 2336 334 1020 2337 335 1020 2338 333 1020 2339 334 644 2340 333 644 2341 330 644 2342 330 644 2343 333 644 2344 331 644 2345 330 644 2346 331 644 2347 328 644 2348 328 644 2349 331 644 2350 329 644 2351 329 644 2352 331 644 2353 332 644 2354 353 644 2355 352 644 2356 358 644 2357 360 644 2358 361 644 2359 355 644 2360 355 644 2361 361 644 2362 357 644 2363 355 1021 2364 357 1021 2365 351 1021 2366 351 644 2367 357 644 2368 349 644 2369 351 644 2370 349 644 2371 347 644 2372 347 644 2373 349 644 2374 345 644 2375 347 644 2376 345 644 2377 343 644 2378 343 644 2379 345 644 2380 341 644 2381 343 644 2382 341 644 2383 340 644 2384 355 644 2385 354 644 2386 360 644 2387 386 914 2388 384 914 2389 381 914 2390 381 914 2391 384 914 2392 380 914 2393 381 914 2394 380 914 2395 378 914 2396 384 914 2397 386 914 2398 388 914 2399 388 1022 2400 386 1022 2401 390 1022 2402 388 914 2403 390 914 2404 392 914 2405 392 914 2406 390 914 2407 398 914 2408 392 914 2409 398 914 2410 395 914 2411 395 914 2412 398 914 2413 401 914 2414 395 914 2415 401 914 2416 394 914 2417 394 914 2418 401 914 2419 400 914 2420 376 914 2421 377 914 2422 378 914 2423 378 1023 2424 377 1023 2425 379 1023 2426 378 914 2427 379 914 2428 381 914 2429 377 914 2430 376 914 2431 375 914 2432 375 914 2433 376 914 2434 372 914 2435 375 914 2436 372 914 2437 373 914 2438 373 914 2439 372 914 2440 370 914 2441 373 914 2442 370 914 2443 374 914 2444 374 914 2445 370 914 2446 371 914 2447 382 914 2448 383 914 2449 385 914 2450 385 914 2451 383 914 2452 387 914 2453 385 914 2454 387 914 2455 389 914 2456 389 914 2457 387 914 2458 391 914 2459 389 914 2460 391 914 2461 393 914 2462 393 1024 2463 391 1024 2464 399 1024 2465 393 914 2466 399 914 2467 397 914 2468 397 914 2469 399 914 2470 403 914 2471 397 914 2472 403 914 2473 396 914 2474 396 914 2475 403 914 2476 402 914 2477 498 914 2484 499 914 2485 505 914 2486 505 914 2487 499 914 2488 502 914 2489 505 1025 2490 502 1025 2491 508 1025 2492 508 914 2493 502 914 2494 510 914 2495 508 1026 2496 510 1026 2497 512 1026 2498 512 914 2499 510 914 2500 514 914 2501 512 1027 2502 514 1027 2503 516 1027 2504 516 914 2505 514 914 2506 519 914 2507 516 914 2508 519 914 2509 518 914 2510 518 914 2511 519 914 2512 522 914 2513 522 914 2514 519 914 2515 523 914 2516 522 1028 2517 523 1028 2518 524 1028 2519 522 1029 2520 524 1029 2521 525 1029 2522 525 1030 2523 524 1030 2524 526 1030 2525 525 914 2526 526 914 2527 529 914 2528 529 914 2529 526 914 2530 527 914 2531 529 914 2532 527 914 2533 530 914 2534 530 914 2535 527 914 2536 531 914 2537 531 914 2538 527 914 2539 528 914 2540 505 914 2541 504 914 2542 498 914 2543 500 914 2544 501 914 2545 507 914 2546 507 914 2547 501 914 2548 503 914 2549 507 1031 2550 503 1031 2551 509 1031 2552 509 914 2553 503 914 2554 511 914 2555 509 914 2556 511 914 2557 513 914 2558 513 914 2559 511 914 2560 515 914 2561 513 914 2562 515 914 2563 517 914 2564 517 914 2565 515 914 2566 521 914 2567 517 914 2568 521 914 2569 520 914 2570 507 914 2571 506 914 2572 500 914 2573 472 644 2574 474 644 2575 477 644 2576 477 644 2577 474 644 2578 476 644 2579 477 644 2580 476 644 2581 480 644 2582 474 644 2583 472 644 2584 470 644 2585 470 1032 2586 472 1032 2587 468 1032 2588 470 644 2589 468 644 2590 466 644 2591 466 644 2592 468 644 2593 460 644 2594 466 644 2595 460 644 2596 463 644 2597 463 644 2598 460 644 2599 457 644 2600 463 644 2601 457 644 2602 462 644 2603 462 644 2604 457 644 2605 456 644 2606 483 644 2607 482 644 2608 480 644 2609 480 1033 2610 482 1033 2611 481 1033 2612 480 644 2613 481 644 2614 477 644 2615 482 644 2616 483 644 2617 484 644 2618 484 644 2619 483 644 2620 487 644 2621 484 644 2622 487 644 2623 485 644 2624 485 644 2625 487 644 2626 488 644 2627 485 644 2628 488 644 2629 486 644 2630 486 644 2631 488 644 2632 489 644 2633 478 644 2634 479 644 2635 475 644 2636 475 644 2637 479 644 2638 473 644 2639 475 644 2640 473 644 2641 471 644 2642 471 644 2643 473 644 2644 469 644 2645 471 644 2646 469 644 2647 467 644 2648 467 1034 2649 469 1034 2650 461 1034 2651 467 644 2652 461 644 2653 465 644 2654 465 644 2655 461 644 2656 459 644 2657 465 644 2658 459 644 2659 464 644 2660 464 644 2661 459 644 2662 458 644 2663 28 444 2670 29 444 2671 61 444 2672 61 444 2673 29 444 2674 46 444 2675 61 444 2676 46 444 2677 68 444 2678 68 444 2679 46 444 2680 82 444 2681 68 444 2682 82 444 2683 96 444 2684 96 444 2685 82 444 2686 110 444 2687 96 444 2688 110 444 2689 120 444 2690 120 444 2691 110 444 2692 151 444 2693 120 444 2694 151 444 2695 150 444 2696 150 444 2697 151 444 2698 202 444 2699 202 444 2700 151 444 2701 203 444 2702 202 444 2703 203 444 2704 210 444 2705 202 444 2706 210 444 2707 214 444 2708 214 444 2709 210 444 2710 219 444 2711 214 444 2712 219 444 2713 233 444 2714 233 444 2715 219 444 2716 227 444 2717 233 444 2718 227 444 2719 238 444 2720 238 444 2721 227 444 2722 239 444 2723 239 444 2724 227 444 2725 228 444 2726 61 444 2727 60 444 2728 28 444 2729 30 444 2730 31 444 2731 63 444 2732 63 444 2733 31 444 2734 47 444 2735 63 444 2736 47 444 2737 69 444 2738 69 444 2739 47 444 2740 83 444 2741 69 444 2742 83 444 2743 97 444 2744 97 444 2745 83 444 2746 111 444 2747 97 444 2748 111 444 2749 121 444 2750 121 444 2751 111 444 2752 153 444 2753 121 444 2754 153 444 2755 152 444 2756 63 444 2757 62 444 2758 30 444 2759 112 748 2760 122 748 2761 155 748 2762 155 748 2763 122 748 2764 154 748 2765 155 748 2766 154 748 2767 204 748 2768 122 748 2769 112 748 2770 98 748 2771 98 748 2772 112 748 2773 84 748 2774 98 748 2775 84 748 2776 70 748 2777 70 748 2778 84 748 2779 48 748 2780 70 748 2781 48 748 2782 65 748 2783 65 748 2784 48 748 2785 33 748 2786 65 748 2787 33 748 2788 64 748 2789 64 748 2790 33 748 2791 32 748 2792 215 748 2793 211 748 2794 204 748 2795 204 748 2796 211 748 2797 205 748 2798 204 748 2799 205 748 2800 155 748 2801 211 748 2802 215 748 2803 220 748 2804 220 748 2805 215 748 2806 234 748 2807 220 748 2808 234 748 2809 229 748 2810 229 748 2811 234 748 2812 240 748 2813 229 748 2814 240 748 2815 230 748 2816 230 748 2817 240 748 2818 241 748 2819 156 748 2820 157 748 2821 123 748 2822 123 748 2823 157 748 2824 113 748 2825 123 748 2826 113 748 2827 99 748 2828 99 748 2829 113 748 2830 85 748 2831 99 748 2832 85 748 2833 71 748 2834 71 748 2835 85 748 2836 49 748 2837 71 748 2838 49 748 2839 67 748 2840 67 748 2841 49 748 2842 35 748 2843 67 748 2844 35 748 2845 66 748 2846 66 748 2847 35 748 2848 34 748 2849 721 1035 2850 761 1036 2851 722 1037 2852 722 1038 2853 761 1039 2854 763 1040 2855 722 1041 2856 763 1042 2857 725 1043 2858 763 1044 2859 761 1045 2860 791 1046 2861 791 1047 2862 761 1048 2863 789 1049 2864 791 712 2865 789 713 2866 827 714 2867 827 715 2868 789 716 2869 825 717 2870 827 1050 2871 825 1051 2872 899 1052 2873 899 1053 2874 825 1054 2875 883 1055 2876 882 644 2877 884 644 2878 883 644 2879 883 644 2880 884 644 2881 886 644 2882 883 1056 2883 886 1056 2884 888 1056 2885 898 644 2886 889 644 2887 882 644 2888 882 1057 2889 889 1057 2890 887 1057 2891 882 1058 2892 887 1058 2893 885 1058 2894 899 644 2895 895 644 2896 898 644 2897 898 644 2898 895 644 2899 893 644 2900 898 1059 2901 893 1059 2902 891 1059 2903 883 644 2904 890 644 2905 899 644 2906 899 1060 2907 890 1060 2908 892 1060 2909 899 1061 2910 892 1061 2911 894 1061 2912 885 644 2913 884 644 2914 882 644 2915 888 644 2916 890 644 2917 883 644 2918 894 644 2919 895 644 2920 899 644 2921 891 644 2922 889 644 2923 898 644 2924 877 644 2925 833 644 2926 876 644 2927 876 644 2928 833 644 2929 832 644 2930 880 644 2931 896 644 2932 881 644 2933 881 644 2934 896 644 2935 897 644 2936 341 1062 2937 345 1063 2938 197 1064 2939 197 1065 2940 345 1066 2941 163 1067 2942 197 1068 2943 163 1069 2944 161 1070 2945 163 1071 2946 345 1072 2947 165 1073 2948 165 1074 2949 345 1075 2950 349 1076 2951 165 569 2952 349 570 2953 167 571 2954 167 572 2955 349 573 2956 357 574 2957 167 575 2958 357 576 2959 171 577 2960 171 578 2961 357 579 2962 361 580 2963 360 444 2964 170 444 2965 361 444 2966 361 444 2967 170 444 2968 171 444 2969 401 444 2970 733 444 2971 400 444 2972 400 444 2973 733 444 2974 732 444 2975 358 444 2976 168 444 2977 359 444 2978 359 444 2979 168 444 2980 169 444 2981 459 748 2982 139 748 2983 458 748 2984 458 748 2985 139 748 2986 138 748 2987 500 748 2988 702 748 2989 501 748 2990 501 748 2991 702 748 2992 703 748 2993 457 748 2994 137 748 2995 456 748 2996 456 748 2997 137 748 2998 136 748 2999 498 748 3000 700 748 3001 499 748 3002 499 748 3003 700 748 3004 701 748 3005 35 914 3006 39 914 3007 34 914 3008 34 914 3009 39 914 3010 38 914 3011 20 914 3012 15 914 3013 22 914 3014 22 914 3015 15 914 3016 31 914 3017 22 914 3018 31 914 3019 24 914 3020 24 914 3021 31 914 3022 26 914 3023 26 914 3024 31 914 3025 27 914 3026 27 914 3027 31 914 3028 30 914 3029 27 914 3030 30 914 3031 25 914 3032 25 914 3033 30 914 3034 23 914 3035 23 914 3036 30 914 3037 21 914 3038 21 914 3039 30 914 3040 14 914 3041 21 914 3042 14 914 3043 19 914 3044 19 914 3045 14 914 3046 17 914 3047 17 914 3048 14 914 3049 16 914 3050 16 914 3051 14 914 3052 15 914 3053 16 914 3054 15 914 3055 18 914 3056 18 914 3057 15 914 3058 20 914 3059 563 1077 3060 606 1077 3061 562 1077 3062 562 126 3063 606 126 3064 588 126 3065 562 126 3066 588 126 3067 586 126 3068 606 1078 3069 563 1078 3070 621 1078 3071 621 126 3072 563 126 3073 734 126 3074 621 1079 3075 734 1079 3076 653 1079 3077 653 126 3078 734 126 3079 672 126 3080 672 1080 3081 734 1080 3082 766 1080 3083 672 1081 3084 766 1081 3085 794 1081 3086 794 1082 3087 830 1082 3088 672 1082 3089 672 126 3090 830 126 3091 898 126 3092 672 126 3093 898 126 3094 680 126 3095 680 126 3096 898 126 3097 688 126 3098 688 126 3099 898 126 3100 691 126 3101 691 126 3102 898 126 3103 882 126 3104 691 126 3105 882 126 3106 687 126 3107 687 1083 3108 882 1083 3109 679 1083 3110 679 126 3111 882 126 3112 810 126 3113 679 126 3114 810 126 3115 671 126 3116 671 126 3117 810 126 3118 644 126 3119 671 126 3120 644 126 3121 646 126 3122 644 126 3123 810 126 3124 642 126 3125 642 126 3126 810 126 3127 806 126 3128 642 126 3129 806 126 3130 640 126 3131 640 126 3132 806 126 3133 878 126 3134 640 126 3135 878 126 3136 834 126 3137 818 126 3138 702 126 3139 834 126 3140 834 126 3141 702 126 3142 625 126 3143 834 1084 3144 625 1084 3145 635 1084 3146 818 1085 3147 782 1085 3148 702 1085 3149 702 126 3150 782 126 3151 754 126 3152 500 126 3153 506 126 3154 702 126 3155 702 126 3156 506 126 3157 620 126 3158 702 1086 3159 620 1086 3160 625 1086 3161 620 126 3162 506 126 3163 528 126 3164 528 126 3165 506 126 3166 464 126 3167 528 126 3168 464 126 3169 486 126 3170 486 126 3171 464 126 3172 295 126 3173 295 126 3174 464 126 3175 458 126 3176 295 126 3177 458 126 3178 289 126 3179 289 126 3180 458 126 3181 279 126 3182 279 1087 3183 458 1087 3184 269 1087 3185 269 126 3186 458 126 3187 138 126 3188 269 1088 3189 138 1088 3190 250 1088 3191 250 1089 3192 138 1089 3193 218 1089 3194 218 126 3195 138 126 3196 199 126 3197 199 1090 3198 138 1090 3199 106 1090 3200 199 1091 3201 106 1091 3202 78 1091 3203 78 1092 3204 42 1092 3205 199 1092 3206 199 126 3207 42 126 3208 14 126 3209 199 126 3210 14 126 3211 191 126 3212 191 126 3213 14 126 3214 183 126 3215 183 126 3216 14 126 3217 180 126 3218 180 126 3219 14 126 3220 30 126 3221 180 126 3222 30 126 3223 184 126 3224 184 1093 3225 30 1093 3226 192 1093 3227 192 126 3228 30 126 3229 62 126 3230 192 126 3231 62 126 3232 200 126 3233 200 126 3234 62 126 3235 228 126 3236 200 126 3237 228 126 3238 226 126 3239 228 126 3240 62 126 3241 230 126 3242 230 126 3243 62 126 3244 66 126 3245 230 126 3246 66 126 3247 232 126 3248 232 126 3249 66 126 3250 34 126 3251 232 126 3252 34 126 3253 38 126 3254 54 126 3255 170 126 3256 38 126 3257 38 126 3258 170 126 3259 247 126 3260 38 1094 3261 247 1094 3262 237 1094 3263 54 1095 3264 90 1095 3265 170 1095 3266 170 126 3267 90 126 3268 118 126 3269 360 126 3270 354 126 3271 170 126 3272 170 126 3273 354 126 3274 252 126 3275 170 1096 3276 252 1096 3277 247 1096 3278 252 126 3279 354 126 3280 332 126 3281 332 126 3282 354 126 3283 396 126 3284 332 126 3285 396 126 3286 374 126 3287 374 126 3288 396 126 3289 420 126 3290 374 126 3291 420 126 3292 573 126 3293 573 126 3294 420 126 3295 562 126 3296 573 126 3297 562 126 3298 586 126 3299 402 126 3300 421 126 3301 396 126 3302 396 126 3303 421 126 3304 420 126 3305 237 126 3306 232 126 3307 38 126 3308 230 126 3309 241 126 3310 228 126 3311 228 126 3312 241 126 3313 239 126 3314 489 126 3315 531 126 3316 486 126 3317 486 126 3318 531 126 3319 528 126 3320 635 126 3321 640 126 3322 834 126 3323 642 126 3324 631 126 3325 644 126 3326 644 126 3327 631 126 3328 633 126 3329 371 126 3330 329 126 3331 374 126 3332 374 126 3333 329 126 3334 332 126 3335 33 914 3336 37 914 3337 32 914 3338 32 914 3339 37 914 3340 36 914 3341 28 914 3342 12 914 3343 29 914 3344 29 914 3345 12 914 3346 13 914 3347 206 1097 3348 205 1098 3349 212 1099 3350 212 1100 3351 205 1101 3352 211 1102 3353 212 1103 3354 211 1104 3355 221 1105 3356 221 1106 3357 211 1107 3358 220 1108 3359 221 1109 3360 220 1110 3361 231 1111 3362 231 1112 3363 220 1113 3364 229 1114 3365 246 1115 3366 251 1116 3367 249 1117 3368 249 1118 3369 251 1119 3370 253 1120 3371 249 1121 3372 253 1122 3373 254 1123 3374 249 1124 3375 254 1125 3376 248 1126 3377 248 1127 3378 254 1128 3379 255 1129 3380 248 1130 3381 255 1131 3382 245 1132 3383 248 1133 3384 245 1134 3385 242 1135 3386 242 1136 3387 245 1137 3388 217 1138 3389 242 1139 3390 217 1140 3391 222 1141 3392 222 1142 3393 217 1143 3394 208 1144 3395 222 1145 3396 208 1146 3397 213 1147 3398 213 1148 3399 208 1149 3400 206 1150 3401 213 1151 3402 206 1152 3403 212 1153 3404 212 1154 3405 221 1155 3406 213 1156 3407 213 1157 3408 221 1158 3409 224 1159 3410 213 1160 3411 224 1161 3412 222 1162 3413 222 1163 3414 224 1164 3415 235 1165 3416 222 1166 3417 235 1167 3418 242 1168 3419 242 1169 3420 235 1170 3421 244 1171 3422 242 1172 3423 244 1173 3424 248 1174 3425 248 1175 3426 244 1176 3427 249 1177 3428 221 1178 3429 231 1179 3430 224 1180 3431 224 1181 3432 231 1182 3433 236 1183 3434 224 1184 3435 236 1185 3436 235 1186 3437 235 1187 3438 236 1188 3439 246 1189 3440 235 1190 3441 246 1191 3442 244 1192 3443 244 1193 3444 246 1194 3445 249 1195 3446 577 1196 3447 379 1197 3448 576 1198 3449 576 1199 3450 379 1200 3451 377 1201 3452 576 1202 3453 377 1203 3454 575 1204 3455 575 1205 3456 377 1206 3457 375 1207 3458 575 1208 3459 375 1209 3460 574 1210 3461 574 1211 3462 375 1212 3463 373 1213 3464 574 1214 3465 373 1215 3466 572 1216 3467 374 444 3567 573 444 3568 373 444 3569 373 444 3570 573 444 3571 572 444 3572 252 1316 3573 251 1317 3574 247 1318 3575 247 1319 3576 251 1320 3577 246 1321 3578 247 1322 3579 246 1323 3580 237 1324 3581 237 1325 3582 246 1326 3583 236 1327 3584 237 1328 3585 236 1329 3586 232 1330 3587 232 1331 3588 236 1332 3589 231 1333 3590 230 914 3591 232 914 3592 229 914 3593 229 914 3594 232 914 3595 231 914 3596 665 1334 3597 667 1335 3598 659 1336 3599 659 1337 3600 667 1338 3601 660 1339 3602 659 1340 3603 660 1341 3604 650 1342 3605 650 1343 3606 660 1344 3607 651 1345 3608 650 1346 3609 651 1347 3610 639 1348 3611 639 1349 3612 651 1350 3613 641 1351 3614 624 1352 3615 619 1353 3616 622 1354 3617 622 1355 3618 619 1356 3619 618 1357 3620 622 1358 3621 618 1359 3622 617 1360 3623 622 1361 3624 617 1362 3625 623 1363 3626 623 1364 3627 617 1365 3628 616 1366 3629 623 1367 3630 616 1368 3631 626 1369 3632 623 1370 3633 626 1371 3634 629 1372 3635 629 1373 3636 626 1374 3637 654 1375 3638 629 1376 3639 654 1377 3640 649 1378 3641 649 1379 3642 654 1380 3643 663 1381 3644 649 1382 3645 663 1383 3646 658 1384 3647 658 1385 3648 663 1386 3649 665 1387 3650 658 1388 3651 665 1389 3652 659 1390 3653 659 1391 3654 650 1392 3655 658 1393 3656 658 1394 3657 650 1395 3658 647 1396 3659 658 1397 3660 647 1398 3661 649 1399 3662 649 1400 3663 647 1401 3664 636 1402 3665 649 1403 3666 636 1404 3667 629 1405 3668 629 1406 3669 636 1407 3670 627 1408 3671 629 1409 3672 627 1410 3673 623 1411 3674 623 1412 3675 627 1413 3676 622 1414 3677 650 1415 3678 639 1416 3679 647 1417 3680 647 1418 3681 639 1419 3682 634 1420 3683 647 1421 3684 634 1422 3685 636 1423 3686 636 1424 3687 634 1425 3688 624 1426 3689 636 1427 3690 624 1428 3691 627 1429 3692 627 1430 3693 624 1431 3694 622 1432 3695 290 1433 3696 481 1434 3697 291 1435 3698 291 1436 3699 481 1437 3700 482 1438 3701 291 1439 3702 482 1440 3703 292 1441 3704 292 1442 3705 482 1443 3706 484 1444 3707 292 1445 3708 484 1446 3709 293 1447 3710 293 1448 3711 484 1449 3712 485 1450 3713 293 1451 3714 485 1452 3715 294 1453 3716 486 748 3816 295 748 3817 485 748 3818 485 748 3819 295 748 3820 294 748 3821 620 1553 3822 619 1554 3823 625 1555 3824 625 1556 3825 619 1557 3826 624 1558 3827 625 1559 3828 624 1560 3829 635 1561 3830 635 1562 3831 624 1563 3832 634 1564 3833 635 1565 3834 634 1566 3835 640 1567 3836 640 1568 3837 634 1569 3838 639 1570 3839 642 644 3840 640 644 3841 641 644 3842 641 644 3843 640 644 3844 639 644 3845 137 779 3846 457 780 3847 140 781 3848 140 782 3849 457 783 3850 460 784 3851 140 785 3852 460 786 3853 142 787 3854 142 788 3855 460 789 3856 468 790 3857 142 1571 3858 468 1572 3859 144 1573 3860 144 1574 3861 468 1575 3862 472 1576 3863 144 1577 3864 472 1578 3865 146 1579 3866 146 1580 3867 472 1581 3868 477 1582 3869 144 1583 3870 146 1584 3871 128 1585 3872 128 1586 3873 146 1587 3874 108 1588 3875 128 1589 3876 108 1590 3877 80 1591 3878 44 1592 3879 72 1593 3880 80 1594 3881 80 1595 3882 72 1596 3883 100 1597 3884 80 1598 3885 100 1599 3886 128 1600 3887 128 1601 3888 100 1602 3889 144 1603 3890 72 1604 3891 44 1605 3892 56 1606 3893 56 1607 3894 44 1608 3895 13 1609 3896 56 1610 3897 13 1611 3898 41 1612 3899 56 1613 3900 41 1614 3901 92 1615 3902 92 1616 3903 41 1617 3904 77 1618 3905 92 1619 3906 77 1620 3907 105 1621 3908 92 1622 3909 105 1623 3910 124 1624 3911 124 1625 3912 105 1626 3913 137 1627 3914 124 1628 3915 137 1629 3916 140 1630 3917 124 1631 3918 140 1632 3919 132 1633 3920 132 1634 3921 140 1635 3922 142 1636 3923 132 1637 3924 142 1638 3925 144 1639 3926 72 1640 3927 56 1641 3928 100 1642 3929 100 1643 3930 56 1644 3931 92 1645 3932 100 1646 3933 92 1647 3934 132 1648 3935 132 1649 3936 92 1650 3937 124 1651 3938 144 1652 3939 100 1653 3940 132 1654 3941 733 512 3942 401 513 3943 730 514 3944 730 515 3945 401 516 3946 398 517 3947 730 518 3948 398 519 3949 728 520 3950 728 521 3951 398 522 3952 390 523 3953 728 1655 3954 390 1656 3955 726 1657 3956 726 1658 3957 390 1659 3958 386 1660 3959 726 1661 3960 386 1662 3961 724 1663 3962 724 1664 3963 386 1665 3964 381 1666 3965 114 1667 3966 160 1668 3967 130 1669 3968 130 1670 3969 160 1671 3970 162 1672 3971 130 1673 3972 162 1674 3973 164 1675 3974 166 1676 3975 135 1677 3976 164 1678 3977 164 1679 3978 135 1680 3979 102 1681 3980 164 1682 3981 102 1683 3982 130 1684 3983 130 1685 3984 102 1686 3985 114 1687 3986 135 1688 3987 166 1689 3988 127 1690 3989 127 1691 3990 166 1692 3991 169 1693 3992 127 1694 3993 169 1695 3994 117 1696 3995 127 1697 3996 117 1698 3997 95 1699 3998 95 1700 3999 117 1701 4000 89 1702 4001 95 1703 4002 89 1704 4003 53 1705 4004 95 1706 4005 53 1707 4006 58 1708 4007 58 1709 4008 53 1710 4009 37 1711 4010 58 1712 4011 37 1713 4012 50 1714 4013 58 1715 4014 50 1716 4015 74 1717 4016 74 1718 4017 50 1719 4018 86 1720 4019 74 1721 4020 86 1722 4021 114 1723 4022 135 1724 4023 127 1725 4024 102 1726 4025 102 1727 4026 127 1728 4027 95 1729 4028 102 1730 4029 95 1731 4030 74 1732 4031 74 1733 4032 95 1734 4033 58 1735 4034 114 1736 4035 102 1737 4036 74 1738 4037 833 1739 4038 877 1740 4039 820 1741 4040 820 1742 4041 877 1743 4042 822 1744 4043 820 651 4044 822 652 4045 784 653 4046 784 1745 4047 822 1746 4048 786 1747 4049 784 1748 4050 786 1749 4051 756 1750 4052 756 1751 4053 786 1752 4054 758 1753 4055 756 1754 4056 758 1755 4057 710 1756 4058 710 1757 4059 758 1758 4060 715 1759 4061 726 1760 4062 724 1761 4063 742 1762 4064 742 1763 4065 724 1764 4066 762 1765 4067 742 1766 4068 762 1767 4069 790 1768 4070 826 1769 4071 798 1770 4072 790 1771 4073 790 1772 4074 798 1773 4075 770 1774 4076 790 1775 4077 770 1776 4078 742 1777 4079 742 1778 4080 770 1779 4081 726 1780 4082 798 1781 4083 826 1782 4084 814 1783 4085 814 1784 4086 826 1785 4087 897 1786 4088 814 1787 4089 897 1788 4090 829 1789 4091 814 1790 4092 829 1791 4093 778 1792 4094 778 1793 4095 829 1794 4096 793 1795 4097 778 1796 4098 793 1797 4099 765 1798 4100 778 1799 4101 765 1800 4102 746 1801 4103 746 1802 4104 765 1803 4105 733 1804 4106 746 1805 4107 733 1806 4108 730 1807 4109 746 1808 4110 730 1809 4111 738 1810 4112 738 1811 4113 730 1812 4114 728 1813 4115 738 1814 4116 728 1815 4117 726 1816 4118 798 1817 4119 814 1818 4120 770 1819 4121 770 1820 4122 814 1821 4123 778 1822 4124 770 1823 4125 778 1824 4126 738 1825 4127 738 1826 4128 778 1827 4129 746 1828 4130 726 1829 4131 770 1830 4132 738 1831 4133 756 1832 4134 710 1833 4135 741 1834 4136 741 1835 4137 710 1836 4138 708 1837 4139 741 1838 4140 708 1839 4141 706 1840 4142 704 1841 4143 736 1842 4144 706 1843 4145 706 1844 4146 736 1845 4147 769 1846 4148 706 1847 4149 769 1848 4150 741 1849 4151 741 1850 4152 769 1851 4153 756 1852 4154 736 1853 4155 704 1854 4156 744 1855 4157 744 1856 4158 704 1857 4159 701 1858 4160 744 1859 4161 701 1860 4162 753 1861 4163 744 1862 4164 753 1863 4165 776 1864 4166 776 1865 4167 753 1866 4168 781 1867 4169 776 1868 4170 781 1869 4171 817 1870 4172 776 1871 4173 817 1872 4174 813 1873 4175 813 1874 4176 817 1875 4177 833 1876 4178 813 1877 4179 833 1878 4180 820 1879 4181 813 1880 4182 820 1881 4183 797 1882 4184 797 1883 4185 820 1884 4186 784 1885 4187 797 1886 4188 784 1887 4189 756 1888 4190 736 1889 4191 744 1890 4192 769 1891 4193 769 1892 4194 744 1893 4195 776 1894 4196 769 1895 4197 776 1896 4198 797 1897 4199 797 1898 4200 776 1899 4201 813 1900 4202 756 1901 4203 769 1902 4204 797 1903 4205 36 1904 4206 37 1905 4207 52 1906 4208 52 1907 4209 37 1908 4210 53 1909 4211 52 1910 4212 53 1911 4213 88 1912 4214 88 1913 4215 53 1914 4216 89 1915 4217 88 1916 4218 89 1917 4219 116 1918 4220 116 1919 4221 89 1920 4222 117 1921 4223 116 1922 4224 117 1923 4225 168 1924 4226 168 1925 4227 117 1926 4228 169 1927 4229 732 1928 4230 733 1929 4231 764 1930 4232 764 1931 4233 733 1932 4234 765 1933 4235 764 1934 4236 765 1935 4237 792 1936 4238 792 1937 4239 765 1938 4240 793 1939 4241 792 1940 4242 793 1941 4243 828 1942 4244 828 1943 4245 793 1944 4246 829 1945 4247 828 1946 4248 829 1947 4249 896 1948 4250 896 1949 4251 829 1950 4252 897 1951 4253 521 1952 4254 515 1953 4255 673 1954 4256 673 1955 4257 515 1956 4258 709 1957 4259 673 1958 4260 709 1959 4261 711 1960 4262 709 1961 4263 515 1962 4264 707 1963 4265 707 1964 4266 515 1965 4267 511 1966 4268 707 839 4269 511 840 4270 705 841 4271 705 842 4272 511 843 4273 503 844 4274 705 845 4275 503 846 4276 703 847 4277 703 848 4278 503 849 4279 501 850 4280 819 1967 4281 835 1968 4282 812 1969 4283 812 1970 4284 835 1971 4285 821 1972 4286 812 1973 4287 821 1974 4288 777 1975 4289 777 1976 4290 821 1977 4291 785 1978 4292 777 1979 4293 785 1980 4294 757 1981 4295 777 1982 4296 757 1983 4297 745 1984 4298 745 1985 4299 757 1986 4300 711 1987 4301 745 1988 4302 711 1989 4303 709 1990 4304 745 1991 4305 709 1992 4306 737 1993 4307 737 1994 4308 709 1995 4309 707 1996 4310 737 1997 4311 707 1998 4312 705 1999 4313 703 2000 4314 740 2001 4315 705 2002 4316 705 2003 4317 740 2004 4318 768 2005 4319 705 2006 4320 768 2007 4321 737 2008 4322 737 2009 4323 768 2010 4324 777 2011 4325 737 2012 4326 777 2013 4327 745 2014 4328 703 2015 4329 755 2016 4330 740 2017 4331 740 2018 4332 755 2019 4333 796 2020 4334 740 2021 4335 796 2022 4336 768 2023 4337 768 2024 4338 796 2025 4339 812 2026 4340 768 2027 4341 812 2028 4342 777 2029 4343 755 2030 4344 783 2031 4345 796 2032 4346 796 2033 4347 783 2034 4348 819 2035 4349 796 2036 4350 819 2037 4351 812 2038 4352 767 2039 4353 735 2040 4354 747 2041 4355 747 2042 4356 735 2043 4357 731 2044 4358 747 2045 4359 731 2046 4360 739 2047 4361 739 2048 4362 731 2049 4363 729 2050 4364 739 2051 4365 729 2052 4366 727 2053 4367 725 2054 4368 743 2055 4369 727 2056 4370 727 2057 4371 743 2058 4372 771 2059 4373 727 2060 4374 771 2061 4375 739 2062 4376 739 2063 4377 771 2064 4378 779 2065 4379 739 2066 4380 779 2067 4381 747 2068 4382 747 2069 4383 779 2070 4384 767 2071 4385 725 2072 4386 763 2073 4387 743 2074 4388 743 2075 4389 763 2076 4390 791 2077 4391 743 2078 4392 791 2079 4393 771 2080 4394 771 2081 4395 791 2082 4396 799 2083 4397 771 2084 4398 799 2085 4399 815 2086 4400 815 2087 4401 799 2088 4402 827 2089 4403 815 2090 4404 827 2091 4405 899 2092 4406 791 2093 4407 827 2094 4408 799 2095 4409 899 2096 4410 831 2097 4411 815 2098 4412 815 2099 4413 831 2100 4414 779 2101 4415 815 2102 4416 779 2103 4417 771 2104 4418 831 2105 4419 795 2106 4420 779 2107 4421 779 2108 4422 795 2109 4423 767 2110 4424 153 2111 4425 111 2112 4426 148 2113 4427 148 2114 4428 111 2115 4429 109 2116 4430 148 2117 4431 109 2118 4432 147 2119 4433 109 2120 4434 111 2121 4435 81 2122 4436 81 2123 4437 111 2124 4438 83 2125 4439 81 954 4440 83 955 4441 45 956 4442 45 957 4443 83 958 4444 47 959 4445 45 2126 4446 47 2127 4447 15 2128 4448 15 2129 4449 47 2130 4450 31 2131 4451 55 2132 4452 39 2133 4453 59 2134 4454 59 2135 4455 39 2136 4456 51 2137 4457 59 2138 4458 51 2139 4459 94 2140 4460 94 2141 4461 51 2142 4462 87 2143 4463 94 2144 4464 87 2145 4465 115 2146 4466 94 2147 4467 115 2148 4468 126 2149 4469 126 2150 4470 115 2151 4471 161 2152 4472 126 2153 4473 161 2154 4474 163 2155 4475 126 2156 4476 163 2157 4477 134 2158 4478 134 2159 4479 163 2160 4480 165 2161 4481 134 2162 4482 165 2163 4483 167 2164 4484 171 2165 4485 131 2166 4486 167 2167 4487 167 2168 4488 131 2169 4489 103 2170 4490 167 2171 4491 103 2172 4492 134 2173 4493 134 2174 4494 103 2175 4495 94 2176 4496 134 2177 4497 94 2178 4498 126 2179 4499 171 2180 4500 119 2181 4501 131 2182 4502 131 2183 4503 119 2184 4504 91 2185 4505 131 2186 4506 91 2187 4507 103 2188 4508 103 2189 4509 91 2190 4510 75 2191 4511 103 2192 4512 75 2193 4513 59 2194 4514 59 2195 4515 75 2196 4516 55 2197 4517 91 2198 4518 55 2199 4519 75 2200 4520 94 2201 4521 103 2202 4522 59 2203 4523 107 2204 4524 139 2205 4525 125 2206 4526 125 2207 4527 139 2208 4528 141 2209 4529 125 2210 4530 141 2211 4531 133 2212 4532 133 2213 4533 141 2214 4534 143 2215 4535 133 2216 4536 143 2217 4537 145 2218 4538 147 2219 4539 129 2220 4540 145 2221 4541 145 2222 4542 129 2223 4543 101 2224 4544 145 2225 4545 101 2226 4546 133 2227 4547 133 2228 4548 101 2229 4549 93 2230 4550 133 2231 4551 93 2232 4552 125 2233 4553 125 2234 4554 93 2235 4555 107 2236 4556 147 2237 4557 109 2238 4558 129 2239 4559 129 2240 4560 109 2241 4561 81 2242 4562 129 2243 4563 81 2244 4564 101 2245 4565 101 2246 4566 81 2247 4567 73 2248 4568 101 2249 4569 73 2250 4570 57 2251 4571 57 2252 4572 73 2253 4573 45 2254 4574 57 2255 4575 45 2256 4576 15 2257 4577 81 2258 4578 45 2259 4579 73 2260 4580 15 2261 4581 43 2262 4582 57 2263 4583 57 2264 4584 43 2265 4585 93 2266 4586 57 2267 4587 93 2268 4588 101 2269 4589 43 2270 4590 79 2271 4591 93 2272 4592 93 2273 4593 79 2274 4594 107 2275 4595 834 2276 4596 835 2277 4597 818 2278 4598 818 2279 4599 835 2280 4600 819 2281 4601 818 2282 4602 819 2283 4603 782 2284 4604 782 2285 4605 819 2286 4606 783 2287 4607 782 2288 4608 783 2289 4609 754 2290 4610 754 2291 4611 783 2292 4612 755 2293 4613 754 2294 4614 755 2295 4615 702 2296 4616 702 2297 4617 755 2298 4618 703 2299 4619 138 2300 4620 139 2301 4621 106 2302 4622 106 2303 4623 139 2304 4624 107 2305 4625 106 2306 4626 107 2307 4627 78 2308 4628 78 2309 4629 107 2310 4630 79 2311 4631 78 2312 4632 79 2313 4633 42 2314 4634 42 2315 4635 79 2316 4636 43 2317 4637 42 2318 4638 43 2319 4639 14 2320 4640 14 2321 4641 43 2322 4642 15 2323 4643 197 499 4644 161 499 4645 189 499 4646 189 499 4647 161 499 4648 178 499 4649 178 499 4650 161 499 4651 174 499 4652 174 499 4653 161 499 4654 158 499 4655 195 499 4656 187 499 4657 147 499 4658 147 499 4659 187 499 4660 176 499 4661 147 499 4662 176 499 4663 172 499 4664 172 499 4665 148 499 4666 147 499 4667 712 499 4668 696 499 4669 711 499 4670 711 499 4671 696 499 4672 692 499 4673 711 499 4674 692 499 4675 681 499 4676 681 499 4677 673 499 4678 711 499 4679 722 499 4680 725 499 4681 698 499 4682 698 499 4683 725 499 4684 694 499 4685 694 2324 4686 725 2324 4687 683 2324 4688 683 499 4689 725 499 4690 675 499 4691 849 748 4896 848 748 4897 901 748 4898 901 748 4899 848 748 4900 900 748 4901 907 2478 4902 855 2479 4903 905 2480 4904 905 2481 4905 855 2482 4906 853 2483 4907 905 2484 4908 853 2485 4909 903 2486 4910 903 2487 4911 853 2488 4912 851 2489 4913 903 2490 4914 851 2491 4915 901 2492 4916 901 2493 4917 851 2494 4918 849 2495 4919 857 499 4920 855 499 4921 909 499 4922 909 499 4923 855 499 4924 907 499 4925 915 2496 4926 863 2497 4927 913 2498 4928 913 2499 4929 863 2500 4930 861 2501 4931 913 2502 4932 861 2503 4933 911 2504 4934 911 2505 4935 861 2506 4936 859 2507 4937 911 2508 4938 859 2509 4939 909 2510 4940 909 2511 4941 859 2512 4942 857 2513 4943 862 444 4944 863 444 4945 914 444 4946 914 444 4947 863 444 4948 915 444 4949 908 2514 4950 856 2515 4951 910 2516 4952 910 2517 4953 856 2518 4954 858 2519 4955 910 2520 4956 858 2521 4957 912 2522 4958 912 2523 4959 858 2524 4960 860 2525 4961 912 2526 4962 860 2527 4963 914 2528 4964 914 2529 4965 860 2530 4966 862 2531 4967 854 126 4968 856 126 4969 906 126 4970 906 126 4971 856 126 4972 908 126 4973 900 2532 4974 848 2533 4975 902 2534 4976 902 2535 4977 848 2536 4978 850 2537 4979 902 2538 4980 850 2539 4981 904 2540 4982 904 2541 4983 850 2542 4984 852 2543 4985 904 2544 4986 852 2545 4987 906 2546 4988 906 2547 4989 852 2548 4990 854 2549 4991 902 644 4992 906 644 4993 900 644 4994 900 644 4995 906 644 4996 914 644 4997 900 644 4998 914 644 4999 915 644 5000 902 644 5001 904 644 5002 906 644 5003 906 644 5004 908 644 5005 914 644 5006 914 644 5007 908 644 5008 912 644 5009 912 644 5010 908 644 5011 910 644 5012 913 644 5013 909 644 5014 915 644 5015 915 644 5016 909 644 5017 907 644 5018 915 644 5019 907 644 5020 901 644 5021 901 644 5022 907 644 5023 903 644 5024 903 2550 5025 907 2550 5026 905 2550 5027 913 2551 5028 911 2551 5029 909 2551 5030 901 644 5031 900 644 5032 915 644 5033 734 2682 5238 735 2683 5239 766 2684 5240 766 2685 5241 735 2686 5242 767 2687 5243 766 2688 5244 767 2689 5245 794 2690 5246 794 2691 5247 767 2692 5248 795 2693 5249 794 2694 5250 795 2695 5251 830 2696 5252 830 2697 5253 795 2698 5254 831 2699 5255 830 2700 5256 831 2701 5257 898 2702 5258 898 2703 5259 831 2704 5260 899 2705 5261 38 2706 5262 39 2707 5263 54 2708 5264 54 2709 5265 39 2710 5266 55 2711 5267 54 2712 5268 55 2713 5269 90 2714 5270 90 2715 5271 55 2716 5272 91 2717 5273 90 2718 5274 91 2719 5275 118 2720 5276 118 2721 5277 91 2722 5278 119 2723 5279 118 2724 5280 119 2725 5281 170 2726 5282 170 2727 5283 119 2728 5284 171 2729 5285 136 2730 5286 137 2731 5287 104 2732 5288 104 2733 5289 137 2734 5290 105 2735 5291 104 2736 5292 105 2737 5293 76 2738 5294 76 2739 5295 105 2740 5296 77 2741 5297 76 2742 5298 77 2743 5299 40 2744 5300 40 2745 5301 77 2746 5302 41 2747 5303 40 2748 5304 41 2749 5305 12 2750 5306 12 2751 5307 41 2752 5308 13 2753 5309 149 2754 5310 148 2755 5311 173 2756 5312 173 2757 5313 148 2758 5314 172 2759 5315 173 2760 5316 172 2761 5317 177 2762 5318 177 2763 5319 172 2764 5320 176 2765 5321 177 2766 5322 176 2767 5323 188 2768 5324 188 2769 5325 176 2770 5326 187 2771 5327 188 2772 5328 187 2773 5329 196 2774 5330 196 2775 5331 187 2776 5332 195 2777 5333 148 914 5334 149 914 5335 153 914 5336 153 914 5337 149 914 5338 157 914 5339 153 914 5340 157 914 5341 152 914 5342 152 914 5343 157 914 5344 156 914 5345 149 914 5346 159 914 5347 157 914 5348 157 914 5349 159 914 5350 158 914 5351 198 2778 5352 197 2779 5353 190 2780 5354 190 2781 5355 197 2782 5356 189 2783 5357 190 2784 5358 189 2785 5359 179 2786 5360 179 2787 5361 189 2788 5362 178 2789 5363 179 2790 5364 178 2791 5365 175 2792 5366 175 2793 5367 178 2794 5368 174 2795 5369 175 2796 5370 174 2797 5371 159 2798 5372 159 2799 5373 174 2800 5374 158 2801 5375 197 444 5376 198 444 5377 341 444 5378 341 444 5379 198 444 5380 383 444 5381 341 444 5382 383 444 5383 340 444 5384 340 444 5385 383 444 5386 382 444 5387 198 444 5388 676 444 5389 383 444 5390 383 444 5391 676 444 5392 675 444 5393 723 2802 5394 722 2803 5395 699 2804 5396 699 2805 5397 722 2806 5398 698 2807 5399 699 2808 5400 698 2809 5401 695 2810 5402 695 2811 5403 698 2812 5404 694 2813 5405 695 2814 5406 694 2815 5407 684 2816 5408 684 2817 5409 694 2818 5410 683 2819 5411 684 2820 5412 683 2821 5413 676 2822 5414 676 2823 5415 683 2824 5416 675 2825 5417 722 644 5418 723 644 5419 721 644 5420 721 644 5421 723 644 5422 717 644 5423 721 644 5424 717 644 5425 720 644 5426 720 644 5427 717 644 5428 716 644 5429 723 644 5430 713 644 5431 717 644 5432 717 644 5433 713 644 5434 712 644 5435 674 2826 5436 673 2827 5437 682 2828 5438 682 2829 5439 673 2830 5440 681 2831 5441 682 2832 5442 681 2833 5443 693 2834 5444 693 2835 5445 681 2836 5446 692 2837 5447 693 2838 5448 692 2839 5449 697 2840 5450 697 2841 5451 692 2842 5452 696 2843 5453 697 2844 5454 696 2845 5455 713 2846 5456 713 2847 5457 696 2848 5458 712 2849 5459 673 748 5460 674 748 5461 521 748 5462 521 748 5463 674 748 5464 479 748 5465 521 748 5466 479 748 5467 520 748 5468 520 748 5469 479 748 5470 478 748 5471 674 748 5472 196 748 5473 479 748 5474 479 748 5475 196 748 5476 195 748 5477 674 499 5478 149 499 5479 196 499 5480 196 499 5481 149 499 5482 173 499 5483 196 2850 5484 173 2850 5485 177 2850 5486 682 499 5487 693 499 5488 674 499 5489 674 2851 5490 693 2851 5491 697 2851 5492 674 499 5493 697 499 5494 713 499 5495 723 499 5496 159 499 5497 713 499 5498 713 499 5499 159 499 5500 149 499 5501 713 499 5502 149 499 5503 674 499 5504 699 499 5505 676 499 5506 723 499 5507 723 499 5508 676 499 5509 198 499 5510 723 499 5511 198 499 5512 159 499 5513 159 499 5514 198 499 5515 175 499 5516 175 2852 5517 198 2852 5518 179 2852 5519 179 499 5520 198 499 5521 190 499 5522 699 2853 5523 695 2853 5524 676 2853 5525 676 499 5526 695 499 5527 684 499 5528 177 499 5529 188 499 5530 196 499 5531 879 644 5532 873 644 5533 878 644 5534 878 2854 5535 873 2854 5536 871 2854 5537 878 2855 5538 871 2855 5539 869 2855 5540 835 644 5541 842 644 5542 879 644 5543 879 644 5544 842 644 5545 870 644 5546 879 644 5547 870 644 5548 872 644 5549 834 644 5550 837 644 5551 835 644 5552 835 644 5553 837 644 5554 836 644 5555 835 644 5556 836 644 5557 838 644 5558 878 644 5559 854 644 5560 834 644 5561 834 2856 5562 854 2856 5563 852 2856 5564 834 644 5565 852 644 5566 850 644 5567 839 644 5568 834 644 5569 841 644 5570 841 2857 5571 834 2857 5572 848 2857 5573 841 644 5574 848 644 5575 843 644 5576 843 644 5577 848 644 5578 845 644 5579 845 644 5580 848 644 5581 847 644 5582 847 644 5583 848 644 5584 849 644 5585 847 644 5586 849 644 5587 846 644 5588 846 644 5589 849 644 5590 851 644 5591 846 644 5592 851 644 5593 853 644 5594 839 644 5595 837 644 5596 834 644 5597 838 644 5598 840 644 5599 835 644 5600 835 2858 5601 840 2858 5602 842 2858 5603 844 644 5604 855 644 5605 842 644 5606 842 644 5607 855 644 5608 857 644 5609 842 644 5610 857 644 5611 870 644 5612 870 644 5613 857 644 5614 868 644 5615 868 644 5616 857 644 5617 859 644 5618 868 644 5619 859 644 5620 861 644 5621 855 644 5622 844 644 5623 853 644 5624 853 644 5625 844 644 5626 846 644 5627 878 644 5628 869 644 5629 862 644 5630 862 2859 5631 869 2859 5632 867 2859 5633 862 2860 5634 867 2860 5635 865 2860 5636 865 644 5637 864 644 5638 862 644 5639 862 644 5640 864 644 5641 863 644 5642 863 644 5643 864 644 5644 866 644 5645 863 644 5646 866 644 5647 861 644 5648 861 644 5649 866 644 5650 868 644 5651 872 644 5652 874 644 5653 879 644 5654 879 644 5655 874 644 5656 875 644 5657 879 644 5658 875 644 5659 873 644 5660 862 644 5661 860 644 5662 878 644 5663 878 644 5664 860 644 5665 858 644 5666 878 2861 5667 858 2861 5668 856 2861 5669 856 644 5670 854 644 5671 878 644 5672 850 644 5673 848 644 5674 834 644 5675 832 2862 5676 833 2863 5677 816 2864 5678 816 2865 5679 833 2866 5680 817 2867 5681 816 2868 5682 817 2869 5683 780 2870 5684 780 2871 5685 817 2872 5686 781 2873 5687 780 2874 5688 781 2875 5689 752 2876 5690 752 2877 5691 781 2878 5692 753 2879 5693 752 2880 5694 753 2881 5695 700 2882 5696 700 2883 5697 753 2884 5698 701 2885 5699</p>
        </triangles>
        <triangles material="_4_48_102-material" count="120">
          <input semantic="VERTEX" source="#EMROX-Argo_IPA-HN_V1_02_03_Simu_EMROX_IPA-HN_Plattform_V1_02_03-mesh-vertices" offset="0"/>
          <input semantic="NORMAL" source="#EMROX-Argo_IPA-HN_V1_02_03_Simu_EMROX_IPA-HN_Plattform_V1_02_03-mesh-normals" offset="1"/>
          <input semantic="TEXCOORD" source="#EMROX-Argo_IPA-HN_V1_02_03_Simu_EMROX_IPA-HN_Plattform_V1_02_03-mesh-map-0" offset="2" set="0"/>
          <p>340 457 1296 382 458 1297 343 459 1298 343 460 1299 382 461 1300 385 462 1301 343 463 1302 385 464 1303 347 465 1304 347 466 1305 385 467 1306 389 468 1307 347 469 1308 389 470 1309 351 471 1310 351 472 1311 389 473 1312 393 474 1313 351 475 1314 393 476 1315 355 477 1316 355 478 1317 393 479 1318 397 480 1319 328 481 1320 370 482 1321 330 483 1322 330 484 1323 370 485 1324 372 486 1325 330 487 1326 372 488 1327 334 489 1328 334 490 1329 372 491 1330 376 492 1331 334 493 1332 376 494 1333 336 495 1334 336 496 1335 376 497 1336 378 498 1337 378 499 1338 380 499 1339 336 499 1340 336 499 1341 380 499 1342 338 499 1343 338 457 1344 380 458 1345 342 459 1346 342 460 1347 380 461 1348 384 462 1349 342 500 1350 384 501 1351 346 502 1352 346 503 1353 384 504 1354 388 505 1355 346 469 1356 388 470 1357 350 471 1358 350 472 1359 388 473 1360 392 474 1361 350 506 1362 392 507 1363 353 508 1364 353 509 1365 392 510 1366 395 511 1367 371 444 1368 370 444 1369 329 444 1370 329 444 1371 370 444 1372 328 444 1373 355 444 1374 397 444 1375 354 444 1376 354 444 1377 397 444 1378 396 444 1379 720 581 1479 716 582 1480 751 583 1481 751 584 1482 716 585 1483 749 586 1484 751 587 1485 749 588 1486 775 589 1487 775 590 1488 749 591 1489 773 592 1490 775 593 1491 773 594 1492 803 595 1493 803 596 1494 773 597 1495 801 598 1496 803 599 1497 801 600 1498 811 601 1499 811 602 1500 801 603 1501 807 604 1502 632 605 1503 630 606 1504 638 607 1505 638 608 1506 630 609 1507 637 610 1508 638 611 1509 637 612 1510 657 613 1511 657 614 1512 637 615 1513 656 616 1514 657 617 1515 656 618 1516 668 619 1517 668 620 1518 656 621 1519 666 622 1520 666 499 1521 714 499 1522 668 499 1523 668 499 1524 714 499 1525 718 499 1526 718 581 1527 714 582 1528 750 583 1529 750 623 1530 714 624 1531 748 625 1532 750 626 1533 748 627 1534 774 628 1535 774 629 1536 748 630 1537 772 631 1538 774 632 1539 772 633 1540 802 634 1541 802 635 1542 772 636 1543 800 637 1544 802 638 1545 800 639 1546 809 640 1547 809 641 1548 800 642 1549 805 643 1550 631 644 1551 630 644 1552 633 644 1553 633 644 1554 630 644 1555 632 644 1556 811 644 1557 807 644 1558 810 644 1559 810 644 1560 807 644 1561 806 644 1562 520 724 1689 478 725 1690 517 726 1691 517 727 1692 478 728 1693 475 729 1694 517 730 1695 475 731 1696 513 732 1697 513 733 1698 475 734 1699 471 735 1700 513 736 1701 471 737 1702 509 738 1703 509 739 1704 471 740 1705 467 741 1706 509 742 1707 467 743 1708 507 744 1709 507 745 1710 467 746 1711 465 747 1712 489 748 1713 488 748 1714 531 748 1715 531 748 1716 488 748 1717 530 748 1718 530 749 1719 488 750 1720 529 751 1721 529 752 1722 488 753 1723 487 754 1724 529 755 1725 487 756 1726 525 757 1727 525 758 1728 487 759 1729 483 760 1730 525 761 1731 483 762 1732 522 763 1733 522 764 1734 483 765 1735 480 766 1736 480 499 1737 476 499 1738 522 499 1739 522 499 1740 476 499 1741 518 499 1742 518 724 1743 476 725 1744 516 726 1745 516 727 1746 476 728 1747 474 729 1748 516 767 1749 474 768 1750 512 769 1751 512 770 1752 474 771 1753 470 772 1754 512 736 1755 470 737 1756 508 738 1757 508 739 1758 470 740 1759 466 741 1760 508 773 1761 466 774 1762 505 775 1763 505 776 1764 466 777 1765 463 778 1766 507 748 1767 465 748 1768 506 748 1769 506 748 1770 465 748 1771 464 748 1772 152 851 1872 156 852 1873 121 853 1874 121 854 1875 156 855 1876 123 856 1877 121 857 1878 123 858 1879 97 859 1880 97 860 1881 123 861 1882 99 862 1883 97 863 1884 99 864 1885 69 865 1886 69 866 1887 99 867 1888 71 868 1889 69 869 1890 71 870 1891 63 871 1892 63 872 1893 71 873 1894 67 874 1895 238 875 1896 240 876 1897 233 877 1898 233 878 1899 240 879 1900 234 880 1901 233 881 1902 234 882 1903 214 883 1904 214 884 1905 234 885 1906 215 886 1907 214 887 1908 215 888 1909 202 889 1910 202 890 1911 215 891 1912 204 892 1913 204 499 1914 154 499 1915 202 499 1916 202 499 1917 154 499 1918 150 499 1919 150 851 1920 154 852 1921 120 853 1922 120 893 1923 154 894 1924 122 895 1925 120 896 1926 122 897 1927 96 898 1928 96 899 1929 122 900 1930 98 901 1931 96 902 1932 98 903 1933 68 904 1934 68 905 1935 98 906 1936 70 907 1937 68 908 1938 70 909 1939 61 910 1940 61 911 1941 70 912 1942 65 913 1943 241 914 1944 240 914 1945 239 914 1946 239 914 1947 240 914 1948 238 914 1949 63 914 1950 67 914 1951 62 914 1952 62 914 1953 67 914 1954 66 914 1955 809 644 2106 805 644 2107 808 644 2108 808 644 2109 805 644 2110 804 644 2111 353 444 2292 395 444 2293 352 444 2294 352 444 2295 395 444 2296 394 444 2297 505 748 2478 463 748 2479 504 748 2480 504 748 2481 463 748 2482 462 748 2483 61 914 2664 65 914 2665 60 914 2666 60 914 2667 65 914 2668 64 914 2669</p>
        </triangles>
        <triangles material="__0_0_002-material" count="66">
          <input semantic="VERTEX" source="#EMROX-Argo_IPA-HN_V1_02_03_Simu_EMROX_IPA-HN_Plattform_V1_02_03-mesh-vertices" offset="0"/>
          <input semantic="NORMAL" source="#EMROX-Argo_IPA-HN_V1_02_03_Simu_EMROX_IPA-HN_Plattform_V1_02_03-mesh-normals" offset="1"/>
          <input semantic="TEXCOORD" source="#EMROX-Argo_IPA-HN_V1_02_03_Simu_EMROX_IPA-HN_Plattform_V1_02_03-mesh-map-0" offset="2" set="0"/>
          <p>587 1217 3468 577 1218 3469 586 1219 3470 586 1220 3471 577 1221 3472 576 1222 3473 586 1223 3474 576 1224 3475 575 1225 3476 586 1226 3477 575 1227 3478 573 1228 3479 573 1229 3480 575 1230 3481 574 1231 3482 573 1232 3483 574 1233 3484 572 1234 3485 586 1235 3486 588 1236 3487 587 1237 3488 587 1238 3489 588 1239 3490 597 1240 3491 597 1241 3492 588 1242 3493 606 1243 3494 597 1244 3495 606 1245 3496 615 1246 3497 615 1247 3498 606 1248 3499 621 1249 3500 615 1250 3501 621 1251 3502 628 1252 3503 628 1253 3504 621 1254 3505 653 1255 3506 628 1256 3507 653 1257 3508 664 1258 3509 664 1259 3510 653 1260 3511 672 1261 3512 664 1262 3513 672 1263 3514 677 1264 3515 677 1265 3516 672 1266 3517 680 1267 3518 677 1268 3519 680 1269 3520 685 1270 3521 685 1271 3522 680 1272 3523 688 1273 3524 685 1274 3525 688 1275 3526 689 1276 3527 689 1277 3528 688 1278 3529 691 1279 3530 689 1280 3531 691 1281 3532 690 1282 3533 690 1283 3534 691 1284 3535 687 1285 3536 690 1286 3537 687 1287 3538 686 1288 3539 686 1289 3540 687 1290 3541 679 1291 3542 686 1292 3543 679 1293 3544 678 1294 3545 678 1295 3546 679 1296 3547 671 1297 3548 678 1298 3549 671 1299 3550 670 1300 3551 670 1301 3552 671 1302 3553 662 1303 3554 662 1304 3555 671 1305 3556 646 1306 3557 662 1307 3558 646 1308 3559 655 1309 3560 655 1310 3561 646 1311 3562 648 1312 3563 648 1313 3564 646 1314 3565 645 1315 3566 225 1454 3717 223 1455 3718 226 1456 3719 226 1457 3720 223 1458 3721 216 1459 3722 226 1460 3723 216 1461 3724 209 1462 3725 226 1463 3726 209 1464 3727 200 1465 3728 200 1466 3729 209 1467 3730 201 1468 3731 200 1469 3732 201 1470 3733 193 1471 3734 200 1472 3735 193 1473 3736 192 1474 3737 192 1475 3738 193 1476 3739 185 1477 3740 192 1478 3741 185 1479 3742 184 1480 3743 184 1481 3744 185 1482 3745 181 1483 3746 184 1484 3747 181 1485 3748 180 1486 3749 180 1487 3750 181 1488 3751 182 1489 3752 180 1490 3753 182 1491 3754 183 1492 3755 183 1493 3756 182 1494 3757 186 1495 3758 183 1496 3759 186 1497 3760 191 1498 3761 191 1499 3762 186 1500 3763 194 1501 3764 191 1502 3765 194 1503 3766 199 1504 3767 199 1505 3768 194 1506 3769 207 1507 3770 199 1508 3771 207 1509 3772 218 1510 3773 218 1511 3774 207 1512 3775 243 1513 3776 218 1514 3777 243 1515 3778 250 1516 3779 250 1517 3780 243 1518 3781 256 1519 3782 250 1520 3783 256 1521 3784 269 1522 3785 269 1523 3786 256 1524 3787 270 1525 3788 269 1526 3789 270 1527 3790 279 1528 3791 279 1529 3792 270 1530 3793 280 1531 3794 279 1532 3795 280 1533 3796 289 1534 3797 289 1535 3798 280 1536 3799 290 1537 3800 289 1538 3801 290 1539 3802 291 1540 3803 291 1541 3804 292 1542 3805 289 1543 3806 289 1544 3807 292 1545 3808 295 1546 3809 295 1547 3810 292 1548 3811 293 1549 3812 295 1550 3813 293 1551 3814 294 1552 3815</p>
        </triangles>
        <triangles material="_4_64_64-material" count="34">
          <input semantic="VERTEX" source="#EMROX-Argo_IPA-HN_V1_02_03_Simu_EMROX_IPA-HN_Plattform_V1_02_03-mesh-vertices" offset="0"/>
          <input semantic="NORMAL" source="#EMROX-Argo_IPA-HN_V1_02_03_Simu_EMROX_IPA-HN_Plattform_V1_02_03-mesh-normals" offset="1"/>
          <input semantic="TEXCOORD" source="#EMROX-Argo_IPA-HN_V1_02_03_Simu_EMROX_IPA-HN_Plattform_V1_02_03-mesh-map-0" offset="2" set="0"/>
          <p>919 2325 4692 839 2326 4693 921 2327 4694 921 2328 4695 839 2329 4696 841 2330 4697 921 2331 4698 841 2332 4699 923 2333 4700 923 2334 4701 841 2335 4702 843 2336 4703 923 2337 4704 843 2338 4705 925 2339 4706 925 2340 4707 843 2341 4708 845 2342 4709 925 2343 4710 845 2344 4711 927 2345 4712 927 2346 4713 845 2347 4714 847 2348 4715 927 2349 4716 847 2350 4717 926 2351 4718 926 2352 4719 847 2353 4720 846 2354 4721 926 2355 4722 846 2356 4723 924 2357 4724 924 2358 4725 846 2359 4726 844 2360 4727 924 2361 4728 844 2362 4729 922 2363 4730 922 2364 4731 844 2365 4732 842 2366 4733 922 2367 4734 842 2368 4735 920 2369 4736 920 2370 4737 842 2371 4738 840 2372 4739 920 2373 4740 840 2374 4741 918 2375 4742 918 2376 4743 840 2377 4744 838 2378 4745 918 2379 4746 838 2380 4747 916 2381 4748 916 2382 4749 838 2383 4750 836 2384 4751 916 2385 4752 836 2386 4753 917 2387 4754 917 2388 4755 836 2389 4756 837 2390 4757 917 2391 4758 837 2392 4759 919 2393 4760 919 2394 4761 837 2395 4762 839 2396 4763 923 644 4764 924 644 4765 921 644 4766 921 2397 4767 924 2397 4768 922 2397 4769 921 2398 4770 922 2398 4771 919 2398 4772 919 2399 4773 922 2399 4774 920 2399 4775 919 644 4776 920 644 4777 917 644 4778 917 2400 4779 920 2400 4780 918 2400 4781 917 644 4782 918 644 4783 916 644 4784 924 644 4785 923 644 4786 926 644 4787 926 2401 4788 923 2401 4789 925 2401 4790 926 644 4791 925 644 4792 927 644 4793</p>
        </triangles>
        <triangles material="__5_5-material" count="34">
          <input semantic="VERTEX" source="#EMROX-Argo_IPA-HN_V1_02_03_Simu_EMROX_IPA-HN_Plattform_V1_02_03-mesh-vertices" offset="0"/>
          <input semantic="NORMAL" source="#EMROX-Argo_IPA-HN_V1_02_03_Simu_EMROX_IPA-HN_Plattform_V1_02_03-mesh-normals" offset="1"/>
          <input semantic="TEXCOORD" source="#EMROX-Argo_IPA-HN_V1_02_03_Simu_EMROX_IPA-HN_Plattform_V1_02_03-mesh-map-0" offset="2" set="0"/>
          <p>931 2402 4794 869 2403 4795 933 2404 4796 933 2405 4797 869 2406 4798 871 2407 4799 933 2408 4800 871 2409 4801 935 2410 4802 935 2411 4803 871 2412 4804 873 2413 4805 935 2414 4806 873 2415 4807 937 2416 4808 937 2417 4809 873 2418 4810 875 2419 4811 937 2420 4812 875 2421 4813 939 2422 4814 939 2423 4815 875 2424 4816 874 2425 4817 939 2426 4818 874 2427 4819 938 2428 4820 938 2429 4821 874 2430 4822 872 2431 4823 938 2432 4824 872 2433 4825 936 2434 4826 936 2435 4827 872 2436 4828 934 2437 4829 934 2438 4830 872 2439 4831 870 2440 4832 934 2441 4833 870 2442 4834 932 2443 4835 932 2444 4836 870 2445 4837 868 2446 4838 932 2447 4839 868 2448 4840 866 2449 4841 869 2450 4842 931 2451 4843 867 2452 4844 867 2453 4845 931 2454 4846 929 2455 4847 867 2456 4848 929 2457 4849 865 2458 4850 865 2459 4851 929 2460 4852 928 2461 4853 865 2462 4854 928 2463 4855 864 2464 4856 864 2465 4857 928 2466 4858 930 2467 4859 864 2468 4860 930 2469 4861 866 2470 4862 866 2471 4863 930 2472 4864 932 2473 4865 935 644 4866 936 644 4867 933 644 4868 933 2474 4869 936 2474 4870 934 2474 4871 933 644 4872 934 644 4873 931 644 4874 931 2475 4875 934 2475 4876 932 2475 4877 931 644 4878 932 644 4879 929 644 4880 929 2476 4881 932 2476 4882 930 2476 4883 929 644 4884 930 644 4885 928 644 4886 936 644 4887 935 644 4888 938 644 4889 938 2477 4890 935 2477 4891 937 2477 4892 938 644 4893 937 644 4894 939 644 4895</p>
        </triangles>
        <triangles material="_78_0_0_001-material" count="68">
          <input semantic="VERTEX" source="#EMROX-Argo_IPA-HN_V1_02_03_Simu_EMROX_IPA-HN_Plattform_V1_02_03-mesh-vertices" offset="0"/>
          <input semantic="NORMAL" source="#EMROX-Argo_IPA-HN_V1_02_03_Simu_EMROX_IPA-HN_Plattform_V1_02_03-mesh-normals" offset="1"/>
          <input semantic="TEXCOORD" source="#EMROX-Argo_IPA-HN_V1_02_03_Simu_EMROX_IPA-HN_Plattform_V1_02_03-mesh-map-0" offset="2" set="0"/>
          <p>943 2552 5034 887 2553 5035 945 2554 5036 945 2555 5037 887 2556 5038 889 2557 5039 945 2558 5040 889 2559 5041 947 2560 5042 947 2561 5043 889 2562 5044 891 2563 5045 947 2564 5046 891 2565 5047 949 2566 5048 949 2567 5049 891 2568 5050 893 2569 5051 949 2570 5052 893 2571 5053 951 2572 5054 951 2573 5055 893 2574 5056 895 2575 5057 951 2576 5058 895 2577 5059 950 2578 5060 950 2579 5061 895 2580 5062 894 2581 5063 950 2582 5064 894 2583 5065 948 2584 5066 948 2585 5067 894 2586 5068 892 2587 5069 948 2588 5070 892 2589 5071 946 2590 5072 946 2591 5073 892 2592 5074 890 2593 5075 946 2594 5076 890 2595 5077 944 2596 5078 944 2597 5079 890 2598 5080 888 2599 5081 944 2600 5082 888 2601 5083 942 2602 5084 942 2603 5085 888 2604 5086 886 2605 5087 942 2606 5088 886 2607 5089 940 2608 5090 940 2609 5091 886 2610 5092 884 2384 5093 940 2385 5094 884 2611 5095 941 2612 5096 941 2613 5097 884 2614 5098 885 2615 5099 941 2616 5100 885 2617 5101 943 2618 5102 943 2619 5103 885 2620 5104 887 2621 5105 947 2622 5106 948 2622 5107 945 2622 5108 945 2623 5109 948 2623 5110 946 2623 5111 945 644 5112 946 644 5113 943 644 5114 943 2624 5115 946 2624 5116 944 2624 5117 943 2625 5118 944 2625 5119 941 2625 5120 941 2626 5121 944 2626 5122 942 2626 5123 941 644 5124 942 644 5125 940 644 5126 948 644 5127 947 644 5128 950 644 5129 950 2627 5130 947 2627 5131 949 2627 5132 950 644 5133 949 644 5134 951 644 5135 4 2599 5136 20 2597 5137 6 2598 5138 6 2595 5139 20 2596 5140 22 2594 5141 6 2593 5142 22 2591 5143 8 2592 5144 8 2589 5145 22 2590 5146 24 2588 5147 8 2628 5148 24 2629 5149 10 2630 5150 10 2631 5151 24 2632 5152 26 2633 5153 10 2634 5154 26 2635 5155 11 2636 5156 11 2637 5157 26 2638 5158 27 2639 5159 11 2640 5160 27 2641 5161 9 2642 5162 9 2643 5163 27 2644 5164 25 2645 5165 9 2646 5166 25 2647 5167 7 2648 5168 7 2649 5169 25 2650 5170 23 2651 5171 7 2563 5172 23 2561 5173 5 2562 5174 5 2559 5175 23 2560 5176 21 2558 5177 5 2557 5178 21 2555 5179 3 2556 5180 3 2553 5181 21 2554 5182 19 2552 5183 3 2652 5184 19 2653 5185 1 2654 5186 1 2655 5187 19 2656 5188 17 2657 5189 1 2658 5190 17 2659 5191 0 2660 5192 0 2661 5193 17 2662 5194 16 2663 5195 0 2664 5196 16 2665 5197 2 2666 5198 2 2667 5199 16 2668 5200 18 2669 5201 2 2670 5202 18 2671 5203 4 2672 5204 4 2673 5205 18 2674 5206 20 2675 5207 8 2676 5208 7 2676 5209 6 2676 5210 6 2677 5211 7 2677 5212 5 2677 5213 6 914 5214 5 914 5215 4 914 5216 4 2678 5217 5 2678 5218 3 2678 5219 4 914 5220 3 914 5221 2 914 5222 2 2679 5223 3 2679 5224 1 2679 5225 2 914 5226 1 914 5227 0 914 5228 7 2680 5229 8 2680 5230 9 2680 5231 9 2681 5232 8 2681 5233 10 2681 5234 9 914 5235 10 914 5236 11 914 5237</p>
        </triangles>
      </mesh>
    </geometry>
  </library_geometries>
  <library_visual_scenes>
    <visual_scene id="Scene" name="Scene">
      <node id="EMROX-Argo_IPA-HN_V1_02_03_Simu_EMROX_IPA-HN_Plattform_V1_02_03" name="EMROX-Argo IPA-HN V1.02.03 Simu_EMROX IPA-HN Plattform V1.02.03" type="NODE">
        <matrix sid="transform">-4.37114e-8 1 0 0 -1 -4.37114e-8 0 0 0 0 1 0 0 0 0 1</matrix>
        <instance_geometry url="#EMROX-Argo_IPA-HN_V1_02_03_Simu_EMROX_IPA-HN_Plattform_V1_02_03-mesh" name="EMROX-Argo IPA-HN V1.02.03 Simu_EMROX IPA-HN Plattform V1.02.03">
          <bind_material>
            <technique_common>
              <instance_material symbol="_91_191_191-material" target="#_91_191_191-material">
                <bind_vertex_input semantic="UVMap" input_semantic="TEXCOORD" input_set="0"/>
              </instance_material>
              <instance_material symbol="_45_245_245_001-material" target="#_45_245_245_001-material">
                <bind_vertex_input semantic="UVMap" input_semantic="TEXCOORD" input_set="0"/>
              </instance_material>
              <instance_material symbol="_4_48_102-material" target="#_4_48_102-material">
                <bind_vertex_input semantic="UVMap" input_semantic="TEXCOORD" input_set="0"/>
              </instance_material>
              <instance_material symbol="__0_0_002-material" target="#__0_0_002-material">
                <bind_vertex_input semantic="UVMap" input_semantic="TEXCOORD" input_set="0"/>
              </instance_material>
              <instance_material symbol="_4_64_64-material" target="#_4_64_64-material">
                <bind_vertex_input semantic="UVMap" input_semantic="TEXCOORD" input_set="0"/>
              </instance_material>
              <instance_material symbol="__5_5-material" target="#__5_5-material">
                <bind_vertex_input semantic="UVMap" input_semantic="TEXCOORD" input_set="0"/>
              </instance_material>
              <instance_material symbol="_78_0_0_001-material" target="#_78_0_0_001-material">
                <bind_vertex_input semantic="UVMap" input_semantic="TEXCOORD" input_set="0"/>
              </instance_material>
            </technique_common>
          </bind_material>
        </instance_geometry>
      </node>
    </visual_scene>
  </library_visual_scenes>
  <scene>
    <instance_visual_scene url="#Scene"/>
  </scene>
</COLLADA>