<?xml version="1.0" encoding="utf-8"?>
<COLLADA xmlns="http://www.collada.org/2005/11/COLLADASchema" version="1.4.1" xmlns:xsi="http://www.w3.org/2001/XMLSchema-instance">
  <asset>
    <contributor>
      <author>Blender User</author>
      <authoring_tool>Blender 4.2.18 LTS commit date:2026-02-16, commit time:13:37, hash:d71e3422e438</authoring_tool>
    </contributor>
    <created>2026-02-25T22:39:13</created>
    <modified>2026-02-25T22:39:13</modified>
    <unit name="meter" meter="1"/>
    <up_axis>Z_UP</up_axis>
  </asset>
  <library_effects>
    <effect id="_21_124_15-effect">
      <profile_COMMON>
        <technique sid="common">
          <lambert>
            <emission>
              <color sid="emission">0 0 0 1</color>
            </emission>
            <diffuse>
              <color sid="diffuse">0.866667 0.486275 0.058824 1</color>
            </diffuse>
            <index_of_refraction>
              <float sid="ior">1.5</float>
            </index_of_refraction>
          </lambert>
        </technique>
      </profile_COMMON>
    </effect>
    <effect id="_91_191_191_001-effect">
      <profile_COMMON>
        <technique sid="common">
          <lambert>
            <emission>
              <color sid="emission">0 0 0 1</color>
            </emission>
            <diffuse>
              <color sid="diffuse">0.74902 0.74902 0.74902 1</color>
            </diffuse>
            <index_of_refraction>
              <float sid="ior">1.5</float>
            </index_of_refraction>
          </lambert>
        </technique>
      </profile_COMMON>
    </effect>
    <effect id="_44_244_244-effect">
      <profile_COMMON>
        <technique sid="common">
          <lambert>
            <emission>
              <color sid="emission">0 0 0 1</color>
            </emission>
            <diffuse>
              <color sid="diffuse">0.956863 0.956863 0.956863 1</color>
            </diffuse>
            <index_of_refraction>
              <float sid="ior">1.5</float>
            </index_of_refraction>
          </lambert>
        </technique>
      </profile_COMMON>
    </effect>
  </library_effects>
  <library_images/>
  <library_materials>
    <material id="_21_124_15-material" name="221,124,15">
      <instance_effect url="#_21_124_15-effect"/>
    </material>
    <material id="_91_191_191_001-material" name="191,191,191.001">
      <instance_effect url="#_91_191_191_001-effect"/>
    </material>
    <material id="_44_244_244-material" name="244,244,244">
      <instance_effect url="#_44_244_244-effect"/>
    </material>
  </library_materials>
  <library_geometries>
    <geometry id="EMROX-Argo_IPA-HN_V1_02_03_Simu_RoX_Simple_Argo_Argodrive_Rad_S-mesh" name="EMROX-Argo IPA-HN V1.02.03 Simu_RoX Simple Argo Argodrive Rad S">
      <mesh>
        <source id="EMROX-Argo_IPA-HN_V1_02_03_Simu_RoX_Simple_Argo_Argodrive_Rad_S-mesh-positions">
          <float_array id="EMROX-Argo_IPA-HN_V1_02_03_Simu_RoX_Simple_Argo_Argodrive_Rad_S-mesh-positions-array" count="2184">-214 239 50 -244 239 50 -214 239.2931 44.59405 -214 239.2931 55.40595 -244 239.2931 44.59405 -244 239.2931 55.40595 -212.4549 239.3177 47.3063 -212.4549 239.3177 52.6937 -245.5451 239.3177 47.3063 -245.5451 239.3177 52.6937 -212.4549 239.9002 41.95049 -212.4549 239.9002 58.04951 -245.5451 239.9002 41.95049 -245.5451 239.9002 58.04951 -211.0611 240.0268 47.34475 -211.0611 240.0268 52.65525 -246.9389 240.0268 47.34475 -246.9389 240.0268 52.65525 -214 240.169 39.25148 -214 240.169 60.74852 -244 240.169 39.25148 -244 240.169 60.74852 -211.0611 240.601 42.06539 -211.0611 240.601 57.93461 -246.9389 240.601 42.06539 -246.9389 240.601 57.93461 -212.4549 241.0583 36.68905 -212.4549 241.0583 63.31095 -245.5451 241.0583 36.68905 -245.5451 241.0583 63.31095 -209.9549 241.1314 47.40464 -209.9549 241.1314 52.59536 -248.0451 241.1314 47.40464 -248.0451 241.1314 52.59536 -214 241.6173 34.03492 -214 241.6173 65.96508 -244 241.6173 34.03492 -244 241.6173 65.96508 -209.9549 241.6926 42.24435 -209.9549 241.6926 57.75565 -248.0451 241.6926 42.24435 -248.0451 241.6926 57.75565 -211.0611 241.7426 36.87905 -211.0611 241.7426 63.12095 -246.9389 241.7426 36.87905 -246.9389 241.7426 63.12095 -209.2447 242.5232 47.4801 -209.2447 242.5232 52.5199 -248.7553 242.5232 47.4801 -248.7553 242.5232 52.5199 -212.4549 242.7785 31.58367 -212.4549 242.7785 68.41633 -245.5451 242.7785 31.58367 -245.5451 242.7785 68.41633 -209.9549 242.8084 37.17498 -209.9549 242.8084 62.82502 -248.0451 242.8084 37.17498 -248.0451 242.8084 62.82502 -209.2447 243.0681 42.46984 -209.2447 243.0681 57.53015 -248.7553 243.0681 42.46984 -248.7553 243.0681 57.53015 -211.0611 243.4383 31.84654 -211.0611 243.4383 68.15346 -246.9389 243.4383 31.84654 -246.9389 243.4383 68.15346 -214 243.6212 29.00555 -214 243.6212 70.99446 -244 243.6212 29.00555 -244 243.6212 70.99446 -209 244 50 -249 244 50 -209.2447 244.1515 37.54787 -209.2447 244.1515 62.45213 -248.7553 244.1515 37.54787 -248.7553 244.1515 62.45213 -209 244.2933 44.87039 -209 244.2933 55.12961 -249 244.2933 44.87039 -249 244.2933 55.12961 -209.9549 244.4658 32.25597 -209.9549 244.4658 67.74403 -248.0451 244.4658 32.25597 -248.0451 244.4658 67.74403 -212.4549 245.0406 26.69421 -212.4549 245.0406 73.3058 -245.5451 245.0406 26.69421 -245.5451 245.0406 73.3058 -209 245.1695 39.80764 -209 245.1695 60.19235 -249 245.1695 39.80764 -249 245.1695 60.19235 -211.0611 245.6681 27.02687 -211.0611 245.6681 72.97313 -246.9389 245.6681 27.02687 -246.9389 245.6681 72.97313 -209.2447 245.7607 32.77189 -209.2447 245.7607 67.22811 -248.7553 245.7607 32.77189 -248.7553 245.7607 67.22811 -214 246.1571 24.22231 -214 246.1571 75.7777 -244 246.1571 24.22231 -244 246.1571 75.7777 -209 246.617 34.87778 -209 246.617 65.12223 -249 246.617 34.87778 -249 246.617 65.12223 -209.9549 246.6454 27.545 -209.9549 246.6454 72.455 -248.0451 246.6454 27.545 -248.0451 246.6454 72.455 -212.4549 247.8181 22.07798 -212.4549 247.8181 77.92202 -245.5451 247.8181 22.07798 -245.5451 247.8181 77.92202 -209.2447 247.8769 28.19789 -209.2447 247.8769 71.80211 -248.7553 247.8769 28.19789 -248.7553 247.8769 71.80211 -211.0611 248.4059 22.47653 -211.0611 248.4059 77.52347 -246.9389 248.4059 22.47653 -246.9389 248.4059 77.52347 -209 248.6171 30.14505 -209 248.6171 69.85495 -249 248.6171 30.14505 -249 248.6171 69.85495 -214 249.1953 19.74129 -214 249.1953 80.25872 -244 249.1953 19.74129 -244 249.1953 80.25872 -209.9549 249.3215 23.0973 -209.9549 249.3215 76.9027 -248.0451 249.3215 23.0973 -248.0451 249.3215 76.9027 -209.2447 250.4751 23.8795 -209.2447 250.4751 76.1205 -248.7553 250.4751 23.8795 -248.7553 250.4751 76.1205 -212.4549 251.0784 17.78911 -212.4549 251.0784 82.21089 -245.5451 251.0784 17.78911 -245.5451 251.0784 82.21089 -209 251.1436 25.67116 -209 251.1436 74.32884 -249 251.1436 25.67116 -249 251.1436 74.32884 -211.0611 251.6197 18.24888 -211.0611 251.6197 81.75112 -246.9389 251.6197 18.24888 -246.9389 251.6197 81.75112 -209.9549 252.4628 18.965 -209.9549 252.4628 81.03501 -248.0451 252.4628 18.965 -248.0451 252.4628 81.03501 -214 252.7002 15.61503 -214 252.7002 84.38497 -244 252.7002 15.61503 -244 252.7002 84.38497 -209.2447 253.5251 19.86735 -209.2447 253.5251 80.13265 -248.7553 253.5251 19.86735 -248.7553 253.5251 80.13265 -209 254.1636 21.51444 -209 254.1636 78.48556 -249 254.1636 21.51444 -249 254.1636 78.48556 -212.4549 254.7833 13.87789 -212.4549 254.7833 86.12211 -245.5451 254.7833 13.87789 -245.5451 254.7833 86.12211 -211.0611 255.2717 14.39349 -211.0611 255.2717 85.60652 -246.9389 255.2717 14.39349 -246.9389 255.2717 85.60652 -209.9549 256.0325 15.19655 -209.9549 256.0325 84.80345 -248.0451 256.0325 15.19655 -248.0451 256.0325 84.80345 -214 256.6307 11.8919 -214 256.6307 88.1081 -244 256.6307 11.8919 -244 256.6307 88.1081 -209.2447 256.991 16.20848 -209.2447 256.991 83.79153 -248.7553 256.991 16.20848 -248.7553 256.991 83.79153 -209 257.6378 17.72907 -209 257.6378 82.27094 -249 257.6378 17.72907 -249 257.6378 82.27094 -212.4549 258.8894 10.39017 -212.4549 258.8894 89.60984 -245.5451 258.8894 10.39017 -245.5451 258.8894 89.60984 -211.0611 259.3192 10.95555 -211.0611 259.3192 89.04445 -246.9389 259.3192 10.95555 -246.9389 259.3192 89.04445 -209.9549 259.9886 11.83615 -209.9549 259.9886 88.16385 -248.0451 259.9886 11.83615 -248.0451 259.9886 88.16385 -209.2447 260.8321 12.94578 -209.2447 260.8321 87.05422 -248.7553 260.8321 12.94578 -248.7553 260.8321 87.05422 -214 260.9407 8.615551 -214 260.9407 91.38445 -244 260.9407 8.615551 -244 260.9407 91.38445 -209 261.5209 14.3644 -209 261.5209 85.6356 -249 261.5209 14.3644 -249 261.5209 85.6356 -212.4549 263.3401 7.371883 -212.4549 263.3401 92.62812 -245.5451 263.3401 7.371883 -245.5451 263.3401 92.62812 -211.0611 263.6981 7.98533 -211.0611 263.6981 92.01467 -246.9389 263.6981 7.98533 -246.9389 263.6981 92.01467 -209.9549 264.2606 8.937798 -209.9549 264.2606 91.06221 -248.0451 264.2606 8.937798 -248.0451 264.2606 91.06221 -209.2447 264.9721 10.13643 -209.2447 264.9721 89.86357 -248.7553 264.9721 10.13643 -248.7553 264.9721 89.86357 -214 265.5796 5.824399 -214 265.5796 94.1756 -244 265.5796 5.824399 -244 265.5796 94.1756 -209 265.7621 11.46429 -209 265.7621 88.53571 -249 265.7621 11.46429 -249 265.7621 88.53571 -212.4549 268.1083 4.84333 -212.4549 268.1083 95.15667 -245.5451 268.1083 4.84333 -245.5451 268.1083 95.15667 -211.0611 268.4065 5.487885 -211.0611 268.4065 94.51212 -246.9389 268.4065 5.487885 -246.9389 268.4065 94.51212 -209.9549 268.871 6.491809 -209.9549 268.871 93.5082 -248.0451 268.871 6.491809 -248.0451 268.871 93.5082 -209.2447 269.4562 7.756824 -209.2447 269.4562 92.24318 -248.7553 269.4562 7.756824 -248.7553 269.4562 92.24318 -209 270.3063 9.066558 -209 270.3063 90.93344 -249 270.3063 9.066558 -249 270.3063 90.93344 -214 270.4931 3.551164 -214 270.4931 96.44884 -244 270.4931 3.551164 -244 270.4931 96.44884 -212.4549 273.1131 2.84925 -212.4549 273.1131 97.15075 -245.5451 273.1131 2.84925 -245.5451 273.1131 97.15075 -211.0611 273.3399 3.522267 -211.0611 273.3399 96.47773 -246.9389 273.3399 3.522267 -246.9389 273.3399 96.47773 -209.9549 273.693 4.570522 -209.9549 273.693 95.42948 -248.0451 273.693 4.570522 -248.0451 273.693 95.42948 -209.2447 274.1381 5.891404 -209.2447 274.1381 94.1086 -248.7553 274.1381 5.891404 -248.7553 274.1381 94.1086 -209 275.0942 7.202458 -209 275.0942 92.79754 -249 275.0942 7.202458 -249 275.0942 92.79754 -214 275.6236 1.8225 -214 275.6236 98.1775 -244 275.6236 1.8225 -244 275.6236 98.1775 -212.4549 278.3041 1.407967 -212.4549 278.3041 98.59204 -245.5451 278.3041 1.407967 -245.5451 278.3041 98.59204 -211.0611 278.4568 2.10156 -211.0611 278.4568 97.89844 -246.9389 278.4568 2.10156 -246.9389 278.4568 97.89844 -209.9549 278.6946 3.181858 -209.9549 278.6946 96.81815 -248.0451 278.6946 3.181858 -248.0451 278.6946 96.81815 -209.2447 278.9942 4.543114 -209.2447 278.9942 95.45689 -248.7553 278.9942 4.543114 -248.7553 278.9942 95.45689 -209 280.0634 5.896287 -209 280.0634 94.10372 -249 280.0634 5.896287 -249 280.0634 94.10372 -214 280.9109 0.658674 -214 280.9109 99.34133 -244 280.9109 0.658674 -244 280.9109 99.34133 -212.4549 283.6205 0.536385 -212.4549 283.6205 99.46362 -245.5451 283.6205 0.536385 -245.5451 283.6205 99.46362 -211.0611 283.6973 1.242418 -211.0611 283.6973 98.75759 -246.9389 283.6973 1.242418 -246.9389 283.6973 98.75759 -209.9549 283.8169 2.342095 -209.9549 283.8169 97.65791 -248.0451 283.8169 2.342095 -248.0451 283.8169 97.65791 -209.2447 283.9676 3.727765 -209.2447 283.9676 96.27223 -248.7553 283.9676 3.727765 -248.7553 283.9676 96.27223 -209 284 50 -249 284 50 -209 284.2709 48.3765 -209 284.2709 51.6235 -249 284.2709 48.3765 -249 284.2709 51.6235 -209 285.0543 46.92893 -209 285.0543 53.07106 -249 285.0543 46.92893 -249 285.0543 53.07106 -209 285.1492 5.165071 -209 285.1492 94.83493 -249 285.1492 5.165071 -249 285.1492 94.83493 -209 286.2653 45.81417 -209 286.2653 54.18583 -249 286.2653 45.81417 -249 286.2653 54.18583 -214 286.2931 0.07332795 -214 286.2931 99.92668 -244 286.2931 0.07332795 -244 286.2931 99.92668 -209 287.7726 45.153 -209 287.7726 54.847 -249 287.7726 45.153 -249 287.7726 54.847 -209.2447 289 3.454914 -209.2447 289 96.54509 -209.9549 289 2.061071 -209.9549 289 97.93893 -211.0611 289 0.954914 -211.0611 289 99.04509 -212.4549 289 0.244718 -212.4549 289 99.75528 -245.5451 289 0.244718 -245.5451 289 99.75528 -246.9389 289 0.954914 -246.9389 289 99.04509 -248.0451 289 2.061071 -248.0451 289 97.93893 -248.7553 289 3.454914 -248.7553 289 96.54509 -209 289.4129 45.01708 -209 289.4129 54.98292 -249 289.4129 45.01708 -249 289.4129 54.98292 -209 290.285 5.018353 -209 290.285 94.98165 -249 290.285 5.018353 -249 290.285 94.98165 -209 291.0085 45.42113 -209 291.0085 54.57887 -249 291.0085 45.42113 -249 291.0085 54.57887 -214 291.707 0.07332795 -214 291.707 99.92668 -244 291.707 0.07332795 -244 291.707 99.92668 -209 292.3864 46.32138 -209 292.3864 53.67862 -249 292.3864 46.32138 -249 292.3864 53.67862 -209 293.3974 47.62026 -209 293.3974 52.37974 -249 293.3974 47.62026 -249 293.3974 52.37974 -209 293.9318 49.17703 -209 293.9318 50.82297 -249 293.9318 49.17703 -249 293.9318 50.82297 -209.2447 294.0324 3.727765 -209.2447 294.0324 96.27223 -248.7553 294.0324 3.727765 -248.7553 294.0324 96.27223 -209.9549 294.1831 2.342095 -209.9549 294.1831 97.65791 -248.0451 294.1831 2.342095 -248.0451 294.1831 97.65791 -211.0611 294.3027 1.242418 -211.0611 294.3027 98.75759 -246.9389 294.3027 1.242418 -246.9389 294.3027 98.75759 -212.4549 294.3795 0.536385 -212.4549 294.3795 99.46362 -245.5451 294.3795 0.536385 -245.5451 294.3795 99.46362 -209 295.4042 5.458035 -209 295.4042 94.54196 -249 295.4042 5.458035 -249 295.4042 94.54196 -214 297.0891 0.658674 -214 297.0891 99.34133 -244 297.0891 0.658674 -244 297.0891 99.34133 -209.2447 299.0058 4.543114 -209.2447 299.0058 95.45689 -248.7553 299.0058 4.543114 -248.7553 299.0058 95.45689 -209.9549 299.3055 3.181858 -209.9549 299.3055 96.81815 -248.0451 299.3055 3.181858 -248.0451 299.3055 96.81815 -211.0611 299.5433 2.10156 -211.0611 299.5433 97.89844 -246.9389 299.5433 2.10156 -246.9389 299.5433 97.89844 -212.4549 299.6959 1.407967 -212.4549 299.6959 98.59204 -245.5451 299.6959 1.407967 -245.5451 299.6959 98.59204 -209 300.4398 6.478391 -209 300.4398 93.52161 -249 300.4398 6.478391 -249 300.4398 93.52161 -214 302.3764 1.8225 -214 302.3764 98.1775 -244 302.3764 1.8225 -244 302.3764 98.1775 -209.2447 303.8619 5.891404 -209.2447 303.8619 94.1086 -248.7553 303.8619 5.891404 -248.7553 303.8619 94.1086 -209.9549 304.307 4.570522 -209.9549 304.307 95.42948 -248.0451 304.307 4.570522 -248.0451 304.307 95.42948 -211.0611 304.6602 3.522267 -211.0611 304.6602 96.47773 -246.9389 304.6602 3.522267 -246.9389 304.6602 96.47773 -212.4549 304.8869 2.84925 -212.4549 304.8869 97.15075 -245.5451 304.8869 2.84925 -245.5451 304.8869 97.15075 -209 305.3264 8.066121 -209 305.3264 91.93389 -249 305.3264 8.066121 -249 305.3264 91.93389 -214 307.5069 3.551164 -214 307.5069 96.44884 -244 307.5069 3.551164 -244 307.5069 96.44884 -209.2447 308.5438 7.756824 -209.2447 308.5438 92.24318 -248.7553 308.5438 7.756824 -248.7553 308.5438 92.24318 -209.9549 309.129 6.491809 -209.9549 309.129 93.5082 -248.0451 309.129 6.491809 -248.0451 309.129 93.5082 -211.0611 309.5935 5.487885 -211.0611 309.5935 94.51212 -246.9389 309.5935 5.487885 -246.9389 309.5935 94.51212 -212.4549 309.8917 4.84333 -212.4549 309.8917 95.15667 -245.5451 309.8917 4.84333 -245.5451 309.8917 95.15667 -209 310 10.20052 -209 310 89.79949 -249 310 10.20052 -249 310 89.79949 -214 312.4204 5.824399 -214 312.4204 94.1756 -244 312.4204 5.824399 -244 312.4204 94.1756 -209.2447 312.9965 10.11751 -209.2447 312.9965 89.88249 -248.7553 312.9965 10.11751 -248.7553 312.9965 89.88249 -209.9549 313.7151 8.923188 -209.9549 313.7151 91.07682 -248.0451 313.7151 8.923188 -248.0451 313.7151 91.07682 -211.0611 314.2854 7.975368 -211.0611 314.2854 92.02464 -246.9389 314.2854 7.975368 -246.9389 314.2854 92.02464 -209 314.3999 12.85376 -209 314.3999 87.14624 -249 314.3999 12.85376 -249 314.3999 87.14624 -212.4549 314.6515 7.366829 -212.4549 314.6515 92.63317 -245.5451 314.6515 7.366829 -245.5451 314.6515 92.63317 -214 317.0594 8.615551 -214 317.0594 91.38445 -244 317.0594 8.615551 -244 317.0594 91.38445 -209.2447 317.1679 12.94578 -209.2447 317.1679 87.05422 -248.7553 317.1679 12.94578 -248.7553 317.1679 87.05422 -209.9549 318.0114 11.83615 -209.9549 318.0114 88.16385 -248.0451 318.0114 11.83615 -248.0451 318.0114 88.16385 -209 318.4687 15.99127 -209 318.4687 84.00874 -249 318.4687 15.99127 -249 318.4687 84.00874 -211.0611 318.6808 10.95555 -211.0611 318.6808 89.04445 -246.9389 318.6808 10.95555 -246.9389 318.6808 89.04445 -212.4549 319.1106 10.39017 -212.4549 319.1106 89.60984 -245.5451 319.1106 10.39017 -245.5451 319.1106 89.60984 -209.2447 321.009 16.20848 -209.2447 321.009 83.79153 -248.7553 321.009 16.20848 -248.7553 321.009 83.79153 -214 321.3693 11.8919 -214 321.3693 88.1081 -244 321.3693 11.8919 -244 321.3693 88.1081 -209.9549 321.9676 15.19655 -209.9549 321.9676 84.80345 -248.0451 321.9676 15.19655 -248.0451 321.9676 84.80345 -209 322.1534 19.57213 -209 322.1534 80.42787 -249 322.1534 19.57213 -249 322.1534 80.42787 -211.0611 322.7283 14.39349 -211.0611 322.7283 85.60652 -246.9389 322.7283 14.39349 -246.9389 322.7283 85.60652 -212.4549 323.2167 13.87789 -212.4549 323.2167 86.12211 -245.5451 323.2167 13.87789 -245.5451 323.2167 86.12211 -209.2447 324.4749 19.86735 -209.2447 324.4749 80.13265 -248.7553 324.4749 19.86735 -248.7553 324.4749 80.13265 -214 325.2998 15.61503 -214 325.2998 84.38497 -244 325.2998 15.61503 -244 325.2998 84.38497 -209 325.4058 23.54966 -209 325.4058 76.45034 -249 325.4058 23.54966 -249 325.4058 76.45034 -209.9549 325.5372 18.965 -209.9549 325.5372 81.03501 -248.0451 325.5372 18.965 -248.0451 325.5372 81.03501 -211.0611 326.3803 18.24888 -211.0611 326.3803 81.75112 -246.9389 326.3803 18.24888 -246.9389 326.3803 81.75112 -212.4549 326.9216 17.78911 -212.4549 326.9216 82.21089 -245.5451 326.9216 17.78911 -245.5451 326.9216 82.21089 -209.2447 327.5249 23.8795 -209.2447 327.5249 76.1205 -248.7553 327.5249 23.8795 -248.7553 327.5249 76.1205 -209 328.1836 27.87202 -209 328.1836 72.12799 -249 328.1836 27.87202 -249 328.1836 72.12799 -209.9549 328.6785 23.0973 -209.9549 328.6785 76.9027 -248.0451 328.6785 23.0973 -248.0451 328.6785 76.9027 -214 328.8047 19.74129 -214 328.8047 80.25872 -244 328.8047 19.74129 -244 328.8047 80.25872 -211.0611 329.5941 22.47653 -211.0611 329.5941 77.52347 -246.9389 329.5941 22.47653 -246.9389 329.5941 77.52347 -209.2447 330.1231 28.19789 -209.2447 330.1231 71.80211 -248.7553 330.1231 28.19789 -248.7553 330.1231 71.80211 -212.4549 330.1819 22.07798 -212.4549 330.1819 77.92202 -245.5451 330.1819 22.07798 -245.5451 330.1819 77.92202 -209 330.4506 32.48284 -209 330.4506 67.51715 -249 330.4506 32.48284 -249 330.4506 67.51715 -209.9549 331.3546 27.545 -209.9549 331.3546 72.455 -248.0451 331.3546 27.545 -248.0451 331.3546 72.455 -214 331.8429 24.22231 -214 331.8429 75.7777 -244 331.8429 24.22231 -244 331.8429 75.7777 -209 332.1772 37.32204 -209 332.1772 62.67796 -249 332.1772 37.32204 -249 332.1772 62.67796 -209.2447 332.2393 32.77189 -209.2447 332.2393 67.22811 -248.7553 332.2393 32.77189 -248.7553 332.2393 67.22811 -211.0611 332.3319 27.02687 -211.0611 332.3319 72.97313 -246.9389 332.3319 27.02687 -246.9389 332.3319 72.97313 -212.4549 332.9594 26.69421 -212.4549 332.9594 73.3058 -245.5451 332.9594 26.69421 -245.5451 332.9594 73.3058 -209 333.3409 42.3265 -209 333.3409 57.6735 -249 333.3409 42.3265 -249 333.3409 57.6735 -209.9549 333.5342 32.25597 -209.9549 333.5342 67.74403 -248.0451 333.5342 32.25597 -248.0451 333.5342 67.74403 -209.2447 333.8485 37.54787 -209.2447 333.8485 62.45213 -248.7553 333.8485 37.54787 -248.7553 333.8485 62.45213 -209 333.9266 47.431 -209 333.9266 52.569 -249 333.9266 47.431 -249 333.9266 52.569 -214 334.3788 29.00555 -214 334.3788 70.99446 -244 334.3788 29.00555 -244 334.3788 70.99446 -211.0611 334.5617 31.84654 -211.0611 334.5617 68.15346 -246.9389 334.5617 31.84654 -246.9389 334.5617 68.15346 -209.2447 334.9319 42.46984 -209.2447 334.9319 57.53015 -248.7553 334.9319 42.46984 -248.7553 334.9319 57.53015 -209.9549 335.1916 37.17498 -209.9549 335.1916 62.82502 -248.0451 335.1916 37.17498 -248.0451 335.1916 62.82502 -212.4549 335.2215 31.58367 -212.4549 335.2215 68.41633 -245.5451 335.2215 31.58367 -245.5451 335.2215 68.41633 -209.2447 335.4768 47.4801 -209.2447 335.4768 52.5199 -248.7553 335.4768 47.4801 -248.7553 335.4768 52.5199 -211.0611 336.2574 36.87905 -211.0611 336.2574 63.12095 -246.9389 336.2574 36.87905 -246.9389 336.2574 63.12095 -209.9549 336.3074 42.24435 -209.9549 336.3074 57.75565 -248.0451 336.3074 42.24435 -248.0451 336.3074 57.75565 -214 336.3827 34.03492 -214 336.3827 65.96508 -244 336.3827 34.03492 -244 336.3827 65.96508 -209.9549 336.8686 47.40464 -209.9549 336.8686 52.59536 -248.0451 336.8686 47.40464 -248.0451 336.8686 52.59536 -212.4549 336.9417 36.68905 -212.4549 336.9417 63.31095 -245.5451 336.9417 36.68905 -245.5451 336.9417 63.31095 -211.0611 337.399 42.06539 -211.0611 337.399 57.93461 -246.9389 337.399 42.06539 -246.9389 337.399 57.93461 -214 337.831 39.25148 -214 337.831 60.74852 -244 337.831 39.25148 -244 337.831 60.74852 -211.0611 337.9732 47.34475 -211.0611 337.9732 52.65525 -246.9389 337.9732 47.34475 -246.9389 337.9732 52.65525 -212.4549 338.0998 41.95049 -212.4549 338.0998 58.04951 -245.5451 338.0998 41.95049 -245.5451 338.0998 58.04951 -212.4549 338.6823 47.3063 -212.4549 338.6823 52.6937 -245.5451 338.6823 47.3063 -245.5451 338.6823 52.6937 -214 338.7069 44.59405 -214 338.7069 55.40595 -244 338.7069 44.59405 -244 338.7069 55.40595 -214 339 50 -244 339 50</float_array>
          <technique_common>
            <accessor source="#EMROX-Argo_IPA-HN_V1_02_03_Simu_RoX_Simple_Argo_Argodrive_Rad_S-mesh-positions-array" count="728" stride="3">
              <param name="X" type="float"/>
              <param name="Y" type="float"/>
              <param name="Z" type="float"/>
            </accessor>
          </technique_common>
        </source>
        <source id="EMROX-Argo_IPA-HN_V1_02_03_Simu_RoX_Simple_Argo_Argodrive_Rad_S-mesh-normals">
          <float_array id="EMROX-Argo_IPA-HN_V1_02_03_Simu_RoX_Simple_Argo_Argodrive_Rad_S-mesh-normals-array" count="12018">3.51295e-5 -0.9941393 -0.1081069 0.308987 -0.9496709 -0.05150228 3.5204e-5 -1 -1.48059e-5 4.35263e-5 -1 1.07363e-5 0.3090114 -0.9496639 -0.05148351 0.3090113 -0.9496639 0.0514838 3.51891e-5 -1 1.44504e-5 0.308987 -0.9496721 0.05147939 3.51295e-5 -0.9941393 0.1081066 2.63751e-5 -0.994137 0.1081277 0.3089892 -0.9496706 0.0514937 0.3089978 -0.9385384 0.1538376 2.06567e-5 -0.9941365 0.1081326 0.3089726 -0.9385438 0.1538552 2.06381e-5 -0.9766234 0.2149577 4.40627e-5 -0.9766187 0.2149792 0.3090116 -0.938529 0.1538677 0.3090114 -0.9163942 0.254428 6.07222e-6 -0.9766172 0.2149857 0.3089579 -0.9164115 0.2544309 1.50949e-5 -0.9476504 0.3193097 2.60919e-5 -0.9476507 0.3193091 0.3089894 -0.9163984 0.2544398 0.3089976 -0.8835259 0.351998 4.41112e-5 -0.947647 0.3193199 0.3089887 -0.8835205 0.3520194 4.35784e-5 -0.9075797 0.4198799 4.39286e-5 -0.907573 0.4198944 0.3090118 -0.8835108 0.3520236 0.3090113 -0.8402764 0.4454745 1.54451e-5 -0.9075756 0.4198887 0.3089573 -0.8402898 0.4454868 4.80339e-5 -0.8568719 0.5155295 2.55108e-5 -0.8568627 0.5155447 0.3089885 -0.8402731 0.4454967 0.3089976 -0.787196 0.5337069 2.06642e-5 -0.8568482 0.5155687 0.308972 -0.7871953 0.5337226 2.01315e-5 -0.7960988 0.6051668 2.66135e-5 -0.7960944 0.6051726 0.3089993 -0.7871769 0.533734 0.3089889 -0.7248788 0.615692 3.53456e-5 -0.7960811 0.60519 0.3089865 -0.7248702 0.6157034 3.45856e-5 -0.7260004 0.6876943 2.85357e-5 -0.7259976 0.6876974 0.309001 -0.7248558 0.615713 0.3089905 -0.6540617 0.690455 2.04183e-5 -0.7259811 0.6877147 0.3089714 -0.654054 0.6904709 1.91554e-5 -0.6473907 0.7621584 2.76715e-5 -0.6473859 0.7621625 0.309 -0.6540337 0.6904774 0.3089901 -0.5755732 0.7571266 3.47123e-5 -0.6473716 0.7621747 0.3089863 -0.5755656 0.757134 3.4079e-5 -0.5611934 0.8276847 5.47618e-5 -0.5611932 0.8276849 0.308987 -0.5755405 0.7571527 0.308979 -0.4905009 0.8148258 1.41636e-5 -0.5611807 0.8276934 0.3090026 -0.4904837 0.8148272 4.87491e-5 -0.4684265 0.8835024 6.20186e-5 -0.4684156 0.8835083 0.3089793 -0.4904728 0.8148425 0.3089802 -0.3993675 0.8631551 2.02805e-5 -0.4683959 0.8835188 0.308972 -0.3993541 0.8631644 2.00495e-5 -0.3701497 0.9289722 4.68791e-5 -0.3701328 0.9289789 0.3089736 -0.3993253 0.8631772 0.3090141 -0.3036844 0.9012692 3.48389e-5 -0.3701224 0.928983 0.3089864 -0.3036848 0.9012786 3.44887e-5 -0.267538 0.9635474 4.57466e-5 -0.2675226 0.9635517 0.3089723 -0.3036585 0.9012923 0.309013 -0.2044597 0.9288204 1.64546e-5 -0.2675142 0.963554 0.3089683 -0.2044625 0.9288346 1.61901e-5 -0.1617939 0.9868246 5.10514e-5 -0.1617687 0.9868288 0.3090092 -0.2044601 0.9288215 0.308977 -0.1028513 0.9454919 2.02805e-5 -0.1617736 0.986828 0.3089722 -0.1028442 0.9454942 2.07797e-5 -0.05415689 0.9985325 5.53876e-5 -0.05412477 0.9985343 0.3089722 -0.1028188 0.945497 0.3089812 -2.25268e-5 0.9510682 2.55071e-5 -0.05412548 0.9985342 0.3089771 -1.12727e-5 0.9510695 2.54884e-5 0.05412548 0.9985342 5.53876e-5 0.05414623 0.998533 0.3089813 2.28141e-5 0.9510682 0.3089809 0.1027994 0.9454963 2.1711e-5 0.05415689 0.9985325 0.3089731 0.1028218 0.9454963 2.11895e-5 0.1617736 0.9868279 5.10216e-5 0.16179 0.9868252 0.3089771 0.1028516 0.9454919 0.3090179 0.2044408 0.9288228 1.43535e-5 0.1617939 0.9868246 0.3089665 0.2044406 0.9288401 2.40803e-5 0.2675328 0.9635488 4.57466e-5 0.2675432 0.963546 0.3090131 0.20446 0.9288203 0.3089722 0.3036587 0.9012922 3.44813e-5 0.267538 0.9635474 0.3089864 0.3036633 0.9012858 3.4824e-5 0.3701224 0.9289831 4.68791e-5 0.3701528 0.9289709 0.3090053 0.3036671 0.901278 0.3089735 0.3993255 0.8631771 2.83234e-5 0.3701527 0.928971 0.30898 0.3993351 0.8631703 2.81259e-5 0.4683986 0.8835174 4.64171e-5 0.4684216 0.883505 0.3090048 0.3993315 0.8631631 0.3089728 0.4903098 0.814943 2.01873e-5 0.4684191 0.8835064 0.308972 0.4903176 0.8149387 2.01836e-5 0.5611751 0.8276972 5.94109e-5 0.5611982 0.8276815 0.3089755 0.4903358 0.8149263 0.3089847 0.5755431 0.7571517 4.787e-6 0.5611932 0.827685 0.3090026 0.5755444 0.7571434 1.48937e-5 0.6473865 0.7621619 2.76715e-5 0.6473826 0.7621652 0.3089902 0.5755734 0.7571265 0.3089998 0.654034 0.6904772 4.75906e-5 0.6474066 0.7621448 0.3090024 0.6540495 0.6904613 1.52439e-5 0.7259945 0.6877005 2.66135e-5 0.7260051 0.6876893 0.3089892 0.6540545 0.6904625 0.3089986 0.7248498 0.6157214 9.74536e-6 0.7260097 0.6876845 0.3089718 0.7248727 0.6157079 3.01227e-5 0.7960895 0.6051791 4.46141e-5 0.7960919 0.6051759 0.3090032 0.7248624 0.6157041 0.3089807 0.7871706 0.5337542 1.90958e-5 0.796095 0.6051717 0.3089711 0.787194 0.5337253 2.99513e-5 0.8568552 0.5155574 5.48959e-5 0.8568607 0.5155482 0.3089748 0.7872027 0.5337103 0.3090155 0.8402656 0.4454919 4.01735e-5 0.8568747 0.5155249 0.3090007 0.8402696 0.4454949 4.94421e-5 0.9075703 0.4199005 4.30793e-5 0.9075822 0.4198747 0.3090111 0.8402768 0.4454742 0.3090117 0.8835108 0.3520234 3.9909e-5 0.9075874 0.4198635 0.3090012 0.8835179 0.3520149 5.02542e-5 0.9476474 0.3193188 2.61068e-5 0.9476575 0.3192887 0.3089888 0.8835214 0.3520169 0.3089892 0.9163985 0.2544396 2.02842e-5 0.9476568 0.3192912 0.3089725 0.9164078 0.2544264 2.07201e-5 0.9766172 0.2149859 4.38988e-5 0.976624 0.2149547 0.3090116 0.9163953 0.2544243 0.3090116 0.9385295 0.1538641 1.16415e-5 0.9766224 0.2149626 0.3089699 0.9385447 0.1538556 2.12491e-5 0.9941384 0.1081156 5.53131e-5 0.994139 0.1081098 0.3089749 0.9385454 0.1538413 0.3090159 0.9496617 0.05149596 3.5122e-5 0.9941397 0.1081033 0.3089866 0.949671 0.05149877 3.50624e-5 1 1.11369e-5 4.35263e-5 1 -1.07363e-5 0.3090114 0.9496639 0.05148351 0.3090113 0.9496639 -0.0514838 3.51146e-5 1 -1.16788e-5 0.3089867 0.9496724 -0.05147683 3.5055e-5 0.9941396 -0.1081039 5.53131e-5 0.9941367 -0.1081311 0.3090161 0.9496617 -0.0514962 0.3089748 0.9385454 -0.1538416 1.18539e-5 0.9941362 -0.1081358 0.3089699 0.938544 -0.1538597 1.15335e-5 0.9766221 -0.2149634 4.38988e-5 0.9766195 -0.2149757 0.3090118 0.9385294 -0.1538643 0.3090114 0.9163951 -0.2544246 3.56026e-5 0.976617 -0.2149865 0.3089873 0.9164021 -0.2544288 3.50848e-5 0.9476566 -0.3192914 2.57641e-5 0.9476509 -0.3193084 0.3089891 0.9163987 -0.2544394 0.3089883 0.8835217 -0.3520167 1.22897e-5 0.947648 -0.3193171 0.3089701 0.8835262 -0.3520215 1.13621e-5 0.9075787 -0.4198821 4.32432e-5 0.9075729 -0.4198945 0.3090119 0.8835105 -0.352024 0.3090112 0.8402764 -0.4454748 1.1839e-5 0.9075691 -0.4199029 0.3089697 0.8402872 -0.4454833 1.14441e-5 0.8568618 -0.5155464 2.45273e-5 0.8568636 -0.5155433 0.308988 0.8402739 -0.4454958 0.3089969 0.7871971 -0.5337058 2.98582e-5 0.8568554 -0.5155569 0.308971 0.7871924 -0.5337276 1.90586e-5 0.7960953 -0.6051713 4.52399e-5 0.7960932 -0.6051742 0.3089724 0.7871823 -0.5337415 0.3090126 0.7248709 -0.6156893 2.98843e-5 0.7960903 -0.6051779 0.3089717 0.7248714 -0.6157094 1.90958e-5 0.7259974 -0.6876975 2.65092e-5 0.7259908 -0.6877045 0.3089898 0.7248648 -0.6157081 0.3089889 0.6540549 -0.6904623 4.35859e-5 0.7259806 -0.6877152 0.3089877 0.6540508 -0.6904667 3.2939e-5 0.647407 -0.7621445 2.77907e-5 0.6473854 -0.7621629 0.3089912 0.6540492 -0.6904665 0.3089903 0.5755727 -0.757127 1.50315e-5 0.6473859 -0.7621625 0.3090027 0.5755617 -0.7571303 4.76092e-6 0.5611924 -0.8276854 5.92917e-5 0.5611806 -0.8276935 0.3089848 0.575543 -0.7571517 0.3089842 0.490351 -0.8149139 1.99154e-5 0.5611709 -0.8277 0.3089713 0.4903329 -0.8149296 1.92001e-5 0.4684147 -0.8835088 4.6134e-5 0.468404 -0.8835145 0.3089729 0.4903109 -0.8149424 0.3090133 0.3993492 -0.8631519 2.03624e-5 0.468395 -0.8835192 0.308972 0.3993532 -0.8631647 2.00644e-5 0.3701489 -0.9289725 6.18696e-5 0.3701337 -0.9289786 0.3089872 0.3993245 -0.8631725 0.3089776 0.3036899 -0.9012798 2.74442e-5 0.3701237 -0.9289825 0.308979 0.3036867 -0.9012805 2.71723e-5 0.2675392 -0.963547 3.82513e-5 0.2675207 -0.9635521 0.3090066 0.3036726 -0.9012758 0.3090064 0.2044585 -0.9288229 1.64434e-5 0.2675139 -0.963554 0.3089682 0.2044622 -0.9288347 1.6138e-5 0.1617937 -0.9868247 5.08577e-5 0.1617714 -0.9868283 0.308977 0.2044258 -0.9288399 0.3089768 0.1028541 -0.9454917 2.05822e-5 0.1617691 -0.9868286 0.3089723 0.10284 -0.9454947 2.05562e-5 0.05415242 -0.9985328 5.55068e-5 0.05412817 -0.9985341 0.3089723 0.1028223 -0.9454965 0.3089811 2.59727e-5 -0.9510682 2.27913e-5 0.05412554 -0.9985342 0.3089745 1.12876e-5 -0.9510704 2.27764e-5 -0.05412548 -0.9985342 5.5477e-5 -0.05414956 -0.9985329 0.3089723 -6.83172e-6 -0.9510711 0.3089811 -0.1028029 -0.9454959 2.42405e-5 -0.05415242 -0.9985328 0.3089759 -0.1028174 -0.9454959 2.42442e-5 -0.1617691 -0.9868286 5.08726e-5 -0.1617925 -0.9868249 0.3089769 -0.1028543 -0.9454916 0.3089769 -0.2044261 -0.9288398 1.98074e-5 -0.1617937 -0.9868247 0.3089718 -0.20444 -0.9288384 2.00868e-5 -0.2675139 -0.963554 4.57764e-5 -0.2675414 -0.9635464 0.3090133 -0.2044581 -0.9288207 0.3090133 -0.3036723 -0.9012735 3.08119e-5 -0.2675392 -0.9635471 0.3089827 -0.3036649 -0.9012866 3.10689e-5 -0.3701236 -0.9289825 4.6894e-5 -0.3701297 -0.9289801 0.3090053 -0.303668 -0.9012777 0.3089735 -0.3993263 -0.8631767 2.10218e-5 -0.3701518 -0.9289714 0.3089727 -0.3993353 -0.8631728 2.08542e-5 -0.4683978 -0.8835178 2.91467e-5 -0.4684101 -0.8835112 0.3089854 -0.3993473 -0.8631627 0.3089929 -0.4904692 -0.8148396 1.19768e-5 -0.4684094 -0.8835117 0.3089631 -0.4904944 -0.8148357 2.02283e-5 -0.5611818 -0.8276926 3.99649e-5 -0.5611874 -0.8276889 0.3090071 -0.4904767 -0.8148295 0.3090146 -0.5755494 -0.7571348 2.46279e-5 -0.5612087 -0.8276745 0.3089863 -0.5755469 -0.7571481 4.43235e-5 -0.6473856 -0.7621627 2.77758e-5 -0.6473821 -0.7621657 0.3089904 -0.5755729 -0.7571268 0.3089999 -0.6540334 -0.6904776 1.91592e-5 -0.6473913 -0.7621579 0.3089714 -0.6540569 -0.6904683 2.978e-5 -0.725995 -0.6877 2.84463e-5 -0.725995 -0.6877 0.3089905 -0.6540623 -0.6904546 0.3090008 -0.7248564 -0.6157124 1.98558e-5 -0.7260013 -0.6876933 0.3089718 -0.7248768 -0.615703 2.98992e-5 -0.7960938 -0.6051732 2.72989e-5 -0.7960905 -0.6051777 0.3089897 -0.7248772 -0.6156934 0.3089997 -0.7871757 -0.5337355 2.01091e-5 -0.7960991 -0.6051664 0.308972 -0.7871829 -0.5337409 2.9996e-5 -0.8568586 -0.5155517 4.29898e-5 -0.8568612 -0.5155472 0.3090111 -0.7871822 -0.5337195 0.3090108 -0.8402677 -0.4454914 1.97291e-5 -0.8568607 -0.5155481 0.3089721 -0.8402866 -0.4454824 3.02792e-5 -0.9075751 -0.4198896 4.40925e-5 -0.9075819 -0.4198753 0.3090116 -0.8402763 -0.4454746 0.3090118 -0.8835107 -0.3520237 5.61029e-6 -0.9075793 -0.419881 0.3089576 -0.8835312 -0.3520198 1.56164e-5 -0.9476538 -0.3192998 2.5779e-5 -0.9476578 -0.319288 0.3089885 -0.8835217 -0.3520164 0.3089978 -0.9163907 -0.2544571 2.04667e-5 -0.9476565 -0.3192916 0.3089727 -0.9164075 -0.2544269 2.0951e-5 -0.976617 -0.2149863 4.40627e-5 -0.9766233 -0.2149583 0.3090115 -0.9163944 -0.2544277 0.3090115 -0.938529 -0.1538674 2.06418e-5 -0.9766234 -0.2149577 0.3089727 -0.9385402 -0.1538774 2.0653e-5 -0.9941365 -0.1081327 2.639e-5 -0.9941394 -0.1081063 0.3089891 -0.9385381 -0.1538571 0.3089979 -0.9496667 -0.05151271 1 -3.63365e-5 1.40071e-6 0.9510665 -0.3085332 0.01673042 1 -3.68059e-5 -8.44151e-6 1 -2.66507e-5 -8.44896e-6 0.9510736 -0.3085123 0.01670879 0.9510737 -0.3085123 -0.01670938 1 -3.48538e-5 -7.37607e-6 0.9510666 -0.3085328 -0.01672971 1 -3.70145e-5 6.68596e-6 1 -3.77148e-5 -1.15559e-5 0.9510701 -0.3085212 -0.01674592 0.9510697 -0.3049061 -0.04998749 1 -4.43831e-5 -2.21245e-5 0.9510658 -0.3049185 -0.04998606 1 -4.65661e-5 -1.60355e-5 1 -1.40071e-5 -3.72529e-7 0.9510626 -0.304929 -0.04998528 0.951062 -0.2977424 -0.08264732 1 -4.70728e-5 -3.00482e-5 0.9510704 -0.2977156 -0.08264744 1 -4.8995e-5 -2.32272e-5 1 -1.90884e-5 -1.98036e-5 0.9510728 -0.2977008 -0.08267259 0.9510729 -0.2870287 -0.1143453 1 -1.58697e-5 -1.58958e-5 0.9510746 -0.2870162 -0.1143631 1 -2.49445e-5 1.75461e-6 1 -4.84586e-5 -3.59416e-5 0.9510614 -0.2870545 -0.1143767 0.9510611 -0.2730104 -0.1447346 1 -4.57764e-5 -2.81036e-5 0.9510625 -0.2730042 -0.1447371 1 -5.22137e-5 -1.68681e-5 1 -5.8189e-6 -2.15694e-5 0.9510732 -0.2729744 -0.1447234 0.9510733 -0.2557222 -0.1733953 1 -3.07262e-5 -2.45459e-5 0.951068 -0.2557384 -0.1734004 1 -2.78205e-5 -3.0227e-5 1 -1.85296e-5 -1.26809e-5 0.9510697 -0.2557266 -0.1734078 0.951069 -0.2354937 -0.200026 1 -2.12342e-5 -8.81217e-6 0.9510642 -0.2355031 -0.200038 1 -1.93641e-5 -7.48783e-6 1 -2.7068e-5 -3.76552e-5 0.9510749 -0.2354737 -0.2000216 0.9510755 -0.2124623 -0.2243103 1 -3.30396e-5 -2.23219e-5 0.9510669 -0.2124941 -0.224317 1 -3.60683e-5 -2.10255e-5 1 -2.5291e-5 -2.87592e-5 0.9510753 -0.2124603 -0.2243132 0.9510604 -0.1869946 -0.2460027 1 -3.8093e-5 -4.17922e-5 0.951074 -0.1869711 -0.2459679 1 -3.24547e-5 -4.71622e-5 1 -1.35712e-5 -2.00719e-5 0.95106 -0.1869904 -0.2460072 0.9510744 -0.1595015 -0.2646065 1 -4.5062e-6 -3.17555e-5 0.951062 -0.1595037 -0.26465 0.951062 -0.1297461 -0.280441 0.9510513 -0.1297746 -0.2804639 0.9510521 -0.1595104 -0.2646814 0.8090458 -0.3033097 -0.5034365 0.9510458 -0.1297629 -0.2804881 0.8090417 -0.3033165 -0.5034388 0.8090393 -0.246799 -0.5334283 0.8090075 -0.2468117 -0.5334708 0.8090098 -0.3033221 -0.5034868 0.5878177 -0.4173445 -0.6930325 0.8089976 -0.246823 -0.5334803 0.5878136 -0.4173577 -0.693028 0.5878082 -0.3397058 -0.7342217 0.5877541 -0.3397185 -0.7342592 0.5877575 -0.4173486 -0.693081 0.3090402 -0.4904801 -0.8148151 0.587776 -0.3397035 -0.7342486 0.3090718 -0.4904589 -0.8148158 0.3090713 -0.3993422 -0.8631342 0.9510706 -0.3085208 0.01672452 1 -3.95253e-5 -9.90927e-7 0.9510689 -0.3049126 0.04996341 0.9510649 -0.3049218 0.04998326 1 -5.04702e-5 5.62333e-6 1 -4.86076e-5 1.92076e-5 0.9510617 -0.3049312 0.04998838 1 -1.55717e-5 6.24731e-6 0.9510616 -0.2977382 0.08266788 0.9510691 -0.2977195 0.08264821 1 -5.52535e-5 1.96211e-5 1 -5.11855e-5 2.86624e-5 0.9510732 -0.297706 0.08265 1 -2.39983e-5 5.99027e-6 0.9510732 -0.2870209 0.1143627 0.9510745 -0.2870166 0.1143628 1 -2.16067e-5 5.35324e-6 1 -1.33142e-5 2.58759e-5 0.9510618 -0.2870517 0.1143805 1 -5.30481e-5 2.24337e-5 0.9510614 -0.2730125 0.1447286 0.9510611 -0.2730045 0.144746 1 -1.31726e-5 9.68575e-7 1 -5.17368e-5 2.57567e-5 0.9510732 -0.2729734 0.144725 1 -1.54004e-5 4.07919e-6 0.9510735 -0.2557254 0.1733887 0.9510674 -0.2557395 0.173402 1 -3.20077e-5 2.59504e-5 1 -3.21865e-5 2.72542e-5 0.9510713 -0.2557388 0.1733816 1 -1.95429e-5 3.58187e-6 0.9510709 -0.2354927 0.2000192 0.951067 -0.2354993 0.2000289 1 -4.35933e-5 3.94434e-5 1 -4.10229e-5 4.19915e-5 0.9510759 -0.2354876 0.2000008 1 -3.24137e-5 2.85115e-5 0.9510761 -0.2124758 0.2242951 0.9510664 -0.2124807 0.2243318 1 -1.98632e-5 3.48166e-5 1 -2.00234e-5 3.5882e-5 0.9510762 -0.212476 0.2242949 1 -2.07461e-5 3.02158e-5 0.9510607 -0.1870121 0.2459882 0.951074 -0.186974 0.245966 1 -3.5055e-5 4.43161e-5 1 -3.85903e-5 4.34071e-5 0.9510614 -0.1870063 0.2459897 1 -1.51284e-5 1.44239e-5 0.9510608 -0.1595278 0.2646399 0.9510621 -0.1595092 0.2646465 1 -2.86326e-5 1.9148e-5 0.9510621 -0.1297401 0.2804435 0.9510509 -0.1595159 0.2646828 0.9510493 -0.1297563 0.2804793 0.8090434 -0.3033043 0.5034437 0.8090391 -0.3033129 0.5034453 0.9510448 -0.1297672 0.2804893 0.8090388 -0.246785 0.5334355 0.8090112 -0.303323 0.5034841 0.8090106 -0.2468135 0.5334652 0.5878195 -0.4173361 0.693036 0.5878129 -0.4173533 0.6930313 0.8089988 -0.2468261 0.5334773 0.5878126 -0.33969 0.7342255 0.5877584 -0.4173732 0.6930654 0.5877627 -0.3397248 0.7342494 0.3090399 -0.4904575 0.8148288 0.3090707 -0.490456 0.8148179 0.5877781 -0.339709 0.7342444 0.309072 -0.3993489 0.8631309 1 -2.65986e-5 4.52995e-5 1 -1.1893e-5 5.30044e-5 0.9510709 -0.1297306 0.2804182 0.9510631 -0.1297453 0.2804376 1 -6.22868e-6 2.6904e-5 0.9510629 -0.09866732 0.2928211 0.9510462 -0.1297599 0.2804879 0.9510467 -0.09868079 0.2928692 0.809044 -0.1876696 0.5569812 0.809032 -0.1876621 0.5570011 0.9510396 -0.09869003 0.2928891 0.8090327 -0.1263552 0.5740213 0.8089894 -0.187678 0.5570577 0.8089893 -0.1263827 0.5740765 0.587826 -0.1739041 0.7900748 0.5878196 -0.1738963 0.7900812 0.8089872 -0.1263557 0.5740854 0.5878211 -0.08747684 0.8042477 0.5877631 -0.1739022 0.7901218 0.5877621 -0.08747893 0.8042905 0.3090498 -0.102841 0.9454692 0.3090516 -0.1028145 0.9454715 0.5877617 -0.08747166 0.8042916 0.3090559 -3.99235e-6 0.9510439 1 6.16163e-6 1.96099e-5 1 -4.93973e-6 1.54767e-5 0.9510679 -0.09865808 0.2928079 0.9510753 -0.09865599 0.2927849 1 -9.6485e-6 4.22969e-5 0.9510751 -0.06642836 0.3017343 0.9510465 -0.09867513 0.2928718 0.951047 -0.06644046 0.3018201 0.8090446 -0.1263505 0.5740056 0.8090428 -0.126343 0.5740099 0.9510456 -0.06644982 0.3018226 0.8090443 -0.06355625 0.5843015 0.8090109 -0.1263495 0.5740533 0.8089833 -0.06357067 0.5843842 0.5878126 -0.08748346 0.8042531 0.5878054 -0.08745092 0.8042619 0.809004 -0.06354928 0.584358 0.5878069 -6.082e-6 0.8090013 0.5877684 -0.08745789 0.8042883 0.5877672 -8.98913e-6 0.8090301 0.3090563 -1.76244e-5 0.9510439 0.3090505 1.32807e-5 0.9510456 0.5877605 2.27243e-6 0.8090351 0.3090541 0.1028237 0.9454697 1 -1.93007e-5 4.70728e-5 1 -4.52623e-6 5.1137e-5 0.9510623 -0.06643146 0.3017739 0.95107 -0.06643593 0.3017486 1 -8.2776e-6 1.92225e-5 0.9510694 -0.03341311 0.3071653 0.9510394 -0.06643652 0.301845 0.95104 -0.0334326 0.3072543 0.8090321 -0.06354856 0.5843192 0.8090522 -0.06353509 0.5842927 0.9510504 -0.03342086 0.3072235 0.8090245 3.78862e-6 0.5877749 0.808987 -0.063537 0.5843826 0.8089869 -1.65254e-5 0.5878267 0.5878176 -1.74828e-5 0.8089935 0.5878185 1.61044e-5 0.8089929 0.8089862 1.25542e-5 0.5878277 0.5878198 0.08746057 0.8042504 0.5877656 1.83401e-5 0.8090314 0.5877702 0.08744454 0.8042884 0.3090527 0.102813 0.9454713 0.3090503 0.1028377 0.9454694 0.5877604 0.08747303 0.8042925 0.3090543 0.2044428 0.9288103 1 -2.05934e-5 5.62221e-5 1 -1.46516e-5 5.70938e-5 0.9510684 -0.03339076 0.3071711 0.9510613 -0.03340446 0.3071917 1 -4.60818e-6 5.19305e-5 0.951061 -1.60141e-5 0.3090032 0.951043 -0.033414 0.3072471 0.9510433 -8.93697e-6 0.3090577 0.8090379 -7.27177e-6 0.5877565 0.8090336 1.22376e-5 0.5877624 0.9510406 -5.54696e-6 0.3090664 0.8090344 0.06354415 0.5843164 0.8090078 3.24007e-6 0.5877981 0.8090072 0.0635423 0.5843542 0.5878129 0.08747029 0.8042544 0.5878206 0.08748579 0.804247 0.8089877 0.06356972 0.5843782 0.5878214 0.1739048 0.790078 0.5877644 0.08748471 0.8042882 0.5877629 0.1739081 0.7901207 0.3090512 0.2044292 0.9288144 0.3090612 0.2044628 0.9288036 0.5877695 0.1739225 0.7901126 0.3090645 0.3036707 0.9012566 1 -1.57533e-6 1.22637e-5 1 -1.15335e-5 1.21929e-5 0.9510654 4.98444e-6 0.3089899 0.9510637 9.82732e-6 0.3089951 1 5.8189e-6 4.90546e-5 0.9510636 0.03340643 0.3071839 0.9510515 -3.46173e-6 0.3090323 0.9510521 0.03340202 0.3072202 0.8090271 0.06354761 0.584326 0.8090386 0.0635637 0.5843085 0.951043 0.03341424 0.3072472 0.8090384 0.1263509 0.5740144 0.8090052 0.06355422 0.5843556 0.8090046 0.1263486 0.5740624 0.5878095 0.1739115 0.7900853 0.5877988 0.1739218 0.7900911 0.8090031 0.1263787 0.5740581 0.5878021 0.2583023 0.7666607 0.5877662 0.173908 0.7901183 0.5877726 0.2583195 0.7666774 0.3090623 0.3036578 0.9012616 0.3090338 0.3036852 0.9012622 0.5877461 0.2583324 0.7666936 0.3090384 0.3993334 0.8631501 1 0 2.16961e-5 1 2.01166e-6 2.16439e-5 0.9510636 0.0334022 0.3071846 0.951066 0.0334233 0.3071747 1 4.98816e-6 4.50164e-5 0.9510667 0.06642711 0.301761 0.9510391 0.03342163 0.3072582 0.9510398 0.06642574 0.301846 0.8090315 0.1263515 0.5740239 0.8090291 0.1263646 0.5740244 0.9510527 0.06642067 0.3018065 0.8090298 0.187671 0.5570013 0.808993 0.1263847 0.5740709 0.8089933 0.1876803 0.5570511 0.5878263 0.2582975 0.7666439 0.5878329 0.2583263 0.7666291 0.808997 0.1876835 0.5570448 0.5878042 0.3397018 0.7342268 0.5877738 0.2583156 0.7666779 0.5877438 0.3396971 0.7342773 0.3090717 0.399321 0.8631439 0.3090492 0.3993399 0.8631433 0.5877658 0.3397219 0.7342482 0.3090539 0.4903074 0.8149137 1 2.07275e-5 4.5687e-5 1 3.82215e-6 4.93005e-5 0.9510744 0.06641829 0.3017384 0.951075 0.06643134 0.3017339 1 3.83146e-6 1.98036e-5 0.9510744 0.09864306 0.292792 0.9510466 0.06645363 0.3018184 0.9510454 0.09866142 0.2928799 0.8090447 0.1876747 0.5569784 0.8090512 0.1876682 0.5569713 0.9510483 0.09868353 0.2928631 0.8090448 0.2467722 0.5334324 0.8089902 0.187716 0.5570437 0.8089938 0.2467887 0.5335022 0.5878223 0.3396772 0.7342238 0.5878216 0.3397042 0.7342118 0.8089883 0.2468346 0.5334891 0.5878224 0.4170749 0.6931908 0.58776 0.3397279 0.7342501 0.5877647 0.4170815 0.6932356 0.3090457 0.4903107 0.8149148 0.3090491 0.4903222 0.8149066 0.5877595 0.4170987 0.6932298 0.3090539 0.5755414 0.7571247 1 1.20327e-6 3.62694e-5 1 -3.73274e-6 3.80501e-5 0.9510716 0.09864848 0.2927992 0.9510611 0.09866189 0.2928289 1 6.65616e-6 1.84029e-5 0.951061 0.1297429 0.2804459 0.9510475 0.09869354 0.2928622 0.9510464 0.1297463 0.2804939 0.8090444 0.2467709 0.5334334 0.8090388 0.2467909 0.5334327 0.9510419 0.1297746 0.280496 0.8090335 0.3030035 0.5036406 0.8089891 0.2468331 0.5334888 0.8089888 0.3030372 0.503692 0.5878207 0.4170598 0.6932013 0.5878073 0.417104 0.693186 0.8089823 0.303058 0.5036901 0.5878216 0.4895853 0.644028 0.5877621 0.4171119 0.6932196 0.5877606 0.4895986 0.6440736 0.3090483 0.5755349 0.757132 0.3090561 0.5755588 0.7571107 0.5877653 0.489607 0.6440629 0.3090603 0.6540305 0.6904534 1 1.1567e-5 1.21891e-5 1 1.17272e-5 1.14255e-5 0.9510737 0.1297241 0.2804118 0.95106 0.1297485 0.2804464 1 1.6836e-5 1.73301e-5 0.9510748 0.1592684 0.2647455 0.9510506 0.1297569 0.2804745 0.9510511 0.1593139 0.2648035 0.8090532 0.3030008 0.5036106 0.8090492 0.3030248 0.5036025 0.9510499 0.1593314 0.2647976 0.8090509 0.35567 0.4679055 0.8090103 0.3030502 0.5036498 0.8090136 0.3556975 0.4679492 0.5878118 0.489574 0.6440456 0.5878004 0.4895943 0.6440405 0.8090009 0.3557198 0.4679542 0.5878095 0.5563562 0.5873227 0.5877662 0.4896188 0.6440531 0.5877653 0.5563667 0.5873569 0.3090536 0.6540232 0.6904633 0.3090659 0.6540401 0.6904418 0.5877431 0.5563914 0.5873557 0.3090379 0.7248618 0.6156874 1 5.91576e-6 2.0802e-5 1 8.54582e-6 1.88537e-5 0.9510709 0.1592876 0.264748 0.9510694 0.1592897 0.2647527 1 2.33203e-5 3.37958e-5 0.9510695 0.1869734 0.2459834 0.9510414 0.1593411 0.2648223 0.9510421 0.1870215 0.246053 0.809036 0.3556956 0.4679119 0.8090422 0.3556959 0.4679008 0.9510435 0.1870403 0.246033 0.8090361 0.4041898 0.4267216 0.8090094 0.3557265 0.4679342 0.8090092 0.4042248 0.4267396 0.5878103 0.5563375 0.5873395 0.5878146 0.5563538 0.5873196 0.8089836 0.4042568 0.4267576 0.5878169 0.6165765 0.5237411 0.5877407 0.5563861 0.5873631 0.5877478 0.6166121 0.5237768 0.3090766 0.724837 0.6156972 0.3090372 0.7248556 0.6156951 0.5877496 0.6166332 0.52375 0.3090403 0.7871814 0.5337038 1 1.79484e-5 1.92747e-5 1 1.00806e-5 2.55257e-5 0.9510712 0.1869727 0.2459771 0.951071 0.1869814 0.2459716 1 2.55993e-5 2.31713e-5 0.9510714 0.212476 0.2243149 0.9510512 0.1870156 0.2460218 0.9510519 0.2125129 0.2243629 0.8090267 0.4042084 0.4267219 0.8090317 0.4042207 0.4267008 0.9510391 0.2125502 0.2243813 0.809031 0.4479758 0.3805085 0.809002 0.4042494 0.4267298 0.8090027 0.4479955 0.3805454 0.5878015 0.6165922 0.52374 0.5878034 0.6165977 0.5237314 0.809003 0.4479986 0.3805413 0.5878066 0.669593 0.454014 0.5877714 0.616618 0.5237433 0.5877704 0.6696184 0.4540234 0.3090603 0.7871568 0.5337285 0.3090591 0.7871791 0.5336962 0.5877605 0.6696329 0.4540148 0.3090543 0.8402587 0.4454782 1 2.11746e-5 2.97055e-5 1 3.01152e-5 2.03177e-5 0.9510735 0.2124678 0.224314 0.9510678 0.212491 0.2243161 1 2.93553e-5 2.98321e-5 0.9510684 0.2354953 0.2000275 0.9510537 0.2125332 0.2243358 0.9510529 0.2355213 0.2000707 0.8090287 0.4479733 0.3805161 0.8090375 0.4479797 0.38049 0.9510423 0.2355561 0.20008 0.809037 0.4864834 0.3298383 0.8089877 0.4480288 0.3805379 0.8089875 0.4865266 0.3298956 0.5878187 0.6695834 0.4540125 0.5878273 0.669603 0.4539725 0.8089889 0.4865334 0.329882 0.5878272 0.7147504 0.3789342 0.5877684 0.6696277 0.4540123 0.5877661 0.7147806 0.3789721 0.3090628 0.8402562 0.4454771 0.3090569 0.8402669 0.4454609 0.5877656 0.7147923 0.3789509 0.3090596 0.8834975 0.3520146 1 3.6791e-5 3.08231e-5 1 3.93242e-5 2.61962e-5 0.9510634 0.2355053 0.2000397 0.951073 0.2354815 0.2000219 1 1.66986e-5 1.68458e-5 0.9510723 0.2557264 0.1733946 0.9510519 0.2355414 0.2000516 0.9510508 0.2557724 0.1734444 0.809053 0.4864513 0.3298458 0.8090357 0.4864906 0.3298308 0.9510415 0.2558062 0.1734454 0.8090363 0.5192914 0.2753126 0.8090123 0.4865127 0.3298556 0.8089847 0.519347 0.2753592 0.5878147 0.7147491 0.378956 0.587808 0.714769 0.3789289 0.8090059 0.5193296 0.2753296 0.5878093 0.7515388 0.299449 0.587756 0.7147998 0.3789516 0.5877541 0.7515738 0.2994697 0.3090478 0.8835009 0.3520166 0.3090558 0.8835042 0.3520014 0.5877646 0.7515744 0.2994476 0.3090584 0.9163782 0.2544289 1 3.01003e-5 9.44734e-6 1 2.16663e-5 1.9297e-5 0.9510656 0.2557465 0.1734014 0.9510656 0.2557495 0.173397 1 3.84077e-5 1.93343e-5 0.9510647 0.2729898 0.1447501 0.9510385 0.2558152 0.1734488 0.9510391 0.2730572 0.1447917 0.8090326 0.5193044 0.2752984 0.8090355 0.5193 0.2752982 0.9510414 0.2730604 0.1447702 0.8090357 0.5460147 0.2175531 0.8089851 0.5193616 0.2753304 0.8089848 0.5460728 0.2175961 0.587815 0.7515304 0.2994592 0.587804 0.7515491 0.2994338 0.8090034 0.5460547 0.2175729 0.5878124 0.7795132 0.2164155 0.5877691 0.7515747 0.2994381 0.5877677 0.7795386 0.2164458 0.3090566 0.916374 0.2544462 0.3090543 0.9163821 0.2544199 0.587764 0.7795434 0.2164384 0.3090592 0.9385138 0.153865 1 1.77324e-5 5.84871e-6 1 1.39326e-5 1.39494e-5 0.9510688 0.2729847 0.1447325 0.9510624 0.273006 0.144735 1 4.45126e-5 1.85072e-5 0.9510619 0.287055 0.1143715 0.9510387 0.2730782 0.1447544 0.9510511 0.2870848 0.1143859 0.8090304 0.5460256 0.2175456 0.8090523 0.5459991 0.2175303 0.9510516 0.2870861 0.114379 0.8090264 0.5663453 0.157256 0.8089858 0.5460866 0.2175579 0.8089861 0.566398 0.1572737 0.5878162 0.7795028 0.216443 0.5878289 0.7795066 0.216395 0.8089932 0.566394 0.1572511 0.58783 0.798325 0.1308938 0.5877556 0.7795543 0.216422 0.5877545 0.7983807 0.1308926 0.3090406 0.9385183 0.1538748 0.3090309 0.9385254 0.1538507 0.5877494 0.7983894 0.1308627 0.3090353 0.9496556 0.05149209 1 2.20984e-5 -1.39698e-6 1 1.80602e-5 1.0157e-5 0.9510719 0.2870238 0.1143662 0.9510621 0.2870519 0.1143773 1 4.18937e-5 1.00434e-5 0.9510617 0.2977347 0.08267986 0.9510431 0.2871106 0.1143877 0.9510439 0.2977873 0.08269339 0.8090394 0.5663316 0.1572384 0.8090335 0.5663418 0.1572323 0.9510405 0.2977995 0.08269029 0.8090345 0.5800177 0.09509414 0.8089943 0.5663956 0.15724 0.8089943 0.5800705 0.09511303 0.587828 0.7983261 0.1308957 0.5878003 0.7983527 0.130858 0.809004 0.5800611 0.09508717 0.5878057 0.8078159 0.04379492 0.5877589 0.7983813 0.1308699 0.5877628 0.8078453 0.04382842 0.309044 0.9496523 0.0515024 0.3090554 0.9496501 0.05147457 0.5877646 0.8078458 0.04379677 0.3090592 0.9496482 -0.05148714 1 4.3422e-5 0 1 4.36306e-5 -1.40443e-6 0.9510724 0.2977089 0.08264821 0.951063 0.2977331 0.08266901 1 3.20503e-5 7.71508e-6 0.951063 0.3049272 0.04998576 0.9510427 0.2977961 0.08267694 0.9510434 0.3049839 0.05001401 0.8090383 0.5800133 0.09508675 0.8090261 0.5800322 0.09507697 0.9510511 0.3049613 0.05000638 0.8090268 0.5869097 0.03182435 0.8089994 0.5800677 0.09508812 0.808999 0.5869479 0.0318287 0.5878009 0.8078196 0.04379147 0.5878273 0.8078015 0.04377043 0.8089925 0.5869572 0.03182202 0.5878295 0.8077995 -0.04377728 0.5877701 0.8078424 0.04378563 0.5877687 0.8078431 -0.04379129 0.3090578 0.9496494 -0.05147165 0.3090474 0.9496505 -0.05151617 0.5877634 0.8078457 -0.04381465 0.3090534 0.9385189 -0.1538454 1 5.42253e-5 3.39188e-6 1 5.30779e-5 1.05277e-5 0.9510652 0.3049225 0.04997384 0.9510684 0.3049083 0.05000007 1 5.58872e-5 3.68617e-6 0.9510682 0.3085278 0.0167337 0.9510399 0.3049978 0.04999476 0.9510408 0.3086116 0.01674628 0.8090332 0.5869011 0.0318194 0.8090535 0.5868741 0.03179872 0.9510509 0.3085805 0.01674276 0.8090545 0.5868725 -0.03180772 0.8089956 0.5869536 0.03180664 0.808996 0.5869532 -0.03180748 0.5878303 0.8077988 -0.04377996 0.5878052 0.807816 -0.04380071 0.8090043 0.5869404 -0.0318315 0.5878056 0.7983444 -0.1308851 0.5877746 0.8078376 -0.04381442 0.5877738 0.7983688 -0.1308786 0.3090639 0.9385154 -0.1538451 0.3090299 0.9385219 -0.153874 0.5877428 0.7983898 -0.1308908 0.3090343 0.9163864 -0.2544285 1 4.95911e-5 -8.98707e-6 1 4.9606e-5 -1.59107e-5 0.9510677 0.3085297 0.01672935 0.9510683 0.3085274 0.01673728 1 4.79753e-5 -8.83918e-6 0.9510678 0.3085302 -0.01671016 0.9510516 0.308579 0.01673352 0.9510522 0.3085778 -0.01672101 0.8090273 0.5869092 -0.03182035 0.8090264 0.5869098 -0.03183323 0.9510512 0.3085808 -0.01671761 0.8090273 0.5800289 -0.09508562 0.8090001 0.586946 -0.03183299 0.8090028 0.5800659 -0.09506946 0.5878347 0.7983285 -0.1308516 0.5878314 0.7983256 -0.1308844 0.808992 0.5800756 -0.09510135 0.5878292 0.7795029 -0.2164077 0.5877745 0.7983692 -0.1308735 0.5877437 0.7795627 -0.2164244 0.3090719 0.9163773 -0.2544158 0.309056 0.9163753 -0.2544422 0.5877655 0.779542 -0.2164396 0.3090605 0.8834976 -0.3520137 0.9510681 0.3085285 -0.01672881 1 5.64158e-5 -6.29947e-6 0.9510677 0.3049136 -0.04997897 0.9510654 0.304919 -0.04999059 1 5.38379e-5 -3.94881e-6 1 5.41715e-5 -3.84636e-6 0.9510627 0.3049306 -0.04997003 1 3.78788e-5 8.59424e-6 0.951062 0.2977416 -0.08265095 0.9510723 0.2977079 -0.08265352 1 3.89218e-5 -2.14912e-5 1 3.95006e-5 -1.82725e-5 0.9510622 0.297738 -0.08266144 1 4.32879e-5 -3.53949e-6 0.9510619 0.2870604 -0.1143574 0.9510721 0.2870213 -0.1143708 1 1.95354e-5 -4.80935e-6 1 1.47447e-5 -1.78367e-5 0.9510609 0.2870574 -0.1143738 1 4.64469e-5 -2.2688e-5 0.9510614 0.2730054 -0.1447427 0.9510686 0.2729853 -0.1447328 1 1.6138e-5 -1.11908e-5 1 1.66493e-5 -9.17166e-6 0.9510638 0.2729945 -0.144747 1 3.79235e-5 -2.62931e-5 0.9510648 0.2557489 -0.1734025 0.9510672 0.2557336 -0.1734119 1 2.01464e-5 -1.33961e-5 1 2.31639e-5 -1.18017e-5 0.9510721 0.2557287 -0.1733919 1 2.4423e-5 -8.78796e-6 0.951072 0.2354964 -0.2000088 0.951064 0.2355065 -0.200035 1 3.79533e-5 -2.46987e-5 1 4.4764e-5 -1.70991e-5 0.9510681 0.2354834 -0.2000431 1 3.95477e-5 -1.90623e-5 0.9510678 0.2124884 -0.2243183 0.9510717 0.2124728 -0.2243164 1 3.16203e-5 -2.6606e-5 1 3.48808e-5 -2.29627e-5 0.9510705 0.2124806 -0.2243143 1 2.36183e-5 -2.91057e-5 0.9510701 0.1869814 -0.2459753 0.9510713 0.1869783 -0.245973 1 1.03116e-5 -2.54065e-5 1 1.45449e-5 -2.19569e-5 0.9510706 0.1869771 -0.245976 1 2.1264e-5 -2.97129e-5 0.9510709 0.1592909 -0.2647463 0.9510731 0.1592928 -0.2647376 1 6.57886e-6 -1.2055e-5 1 3.73041e-6 -1.4849e-5 0.9510752 0.1592679 -0.2647446 1 1.2584e-5 -1.8321e-5 0.9510603 0.1297491 -0.2804451 0.9510729 0.1297308 -0.280411 1 9.32068e-6 -1.49161e-5 1 1.20876e-5 -1.432e-5 0.9510637 0.1297413 -0.2804376 1 1.94386e-5 -5.47469e-5 0.951064 0.09866493 -0.2928184 0.9510694 0.09865528 -0.2928041 1 1.54972e-5 -3.93987e-5 1 2.34693e-6 -4.30197e-5 0.9510729 0.09866493 -0.2927896 1 -1.85519e-6 -2.83569e-5 0.9510728 0.06643646 -0.3017398 0.9510725 0.06642514 -0.3017429 1 2.20463e-5 -5.20199e-5 1 -3.06964e-6 -5.65648e-5 0.9510666 0.06642341 -0.3017621 1 -1.86265e-6 -4.61563e-5 0.9510664 0.0334047 -0.3071757 0.9510737 0.0334028 -0.3071537 1 -4.36604e-6 -3.78639e-5 1 3.75509e-6 -3.65525e-5 0.9510636 0.03340142 -0.3071848 1 -1.04308e-6 -4.93601e-5 0.9510636 1.56136e-5 -0.3089954 0.9510602 8.35955e-6 -0.3090057 1 9.76771e-6 -2.9102e-5 1 3.13297e-6 -2.84761e-5 0.9510627 6.0834e-6 -0.3089982 1 -8.22544e-6 -4.75794e-5 0.9510625 -0.0334019 -0.3071882 0.9510699 -0.03339332 -0.3071661 1 -1.26231e-5 -5.24968e-5 1 -1.49235e-5 -5.2169e-5 0.9510695 -0.03339189 -0.3071677 1 -4.44055e-6 -2.12528e-5 0.9510692 -0.0664165 -0.3017554 0.9510669 -0.0664159 -0.3017629 1 1.87755e-6 -3.88771e-5 1 -1.33812e-5 -3.44738e-5 0.9510626 -0.06641334 -0.3017767 1 -4.86523e-6 -3.656e-5 0.9510622 -0.09865647 -0.2928273 0.9510692 -0.09867358 -0.2927985 1 -1.90847e-5 -5.65052e-5 1 -3.10913e-5 -5.15133e-5 0.9510636 -0.09864765 -0.2928252 1 -1.272e-5 -2.30186e-5 0.9510629 -0.129725 -0.2804474 0.951072 -0.1297308 -0.2804141 1 -1.76802e-5 -4.5985e-5 1 -2.03103e-5 -4.45545e-5 0.3090558 -0.9496499 -0.05147445 0.587765 -0.8078454 -0.04379695 0.3090593 -0.9496481 0.0514872 0.3090646 -0.9496472 0.05147141 0.5877752 -0.8078387 -0.04378575 0.5877742 -0.807839 0.04379153 0.3090559 -0.9496484 0.05150187 0.5877651 -0.8078451 0.04380214 0.3090595 -0.9385145 0.1538596 0.3090389 -0.9385237 0.1538447 0.5877547 -0.807852 0.04381412 0.5877582 -0.7983842 0.1308552 0.3090551 -0.9385133 0.153876 0.5877643 -0.7983739 0.1308907 0.3090586 -0.9163777 0.2544302 0.3090647 -0.9163805 0.2544132 0.5877686 -0.7983739 0.1308711 0.5877745 -0.7795384 0.2164285 0.3090556 -0.9163755 0.2544419 0.5877651 -0.7795423 0.2164394 0.3090603 -0.8834979 0.3520134 0.3090638 -0.8835009 0.3520025 0.5877676 -0.7795442 0.2164261 0.5877738 -0.7515681 0.2994454 0.3090556 -0.8834916 0.3520331 0.5877645 -0.7515699 0.299459 0.3090585 -0.8402574 0.4454778 0.3090386 -0.8402725 0.4454632 0.5877543 -0.7515739 0.2994686 0.5877525 -0.7148025 0.3789519 0.3090565 -0.8402522 0.4454891 0.5877656 -0.7147877 0.3789595 0.3090603 -0.7871683 0.5337114 0.3090463 -0.7871708 0.5337159 0.587755 -0.7147918 0.3789682 0.5877525 -0.6696428 0.4540106 0.3090571 -0.7871596 0.533726 0.5877661 -0.6696234 0.4540216 0.3090606 -0.7248483 0.615692 0.3090359 -0.7248641 0.6156857 0.5877521 -0.6696247 0.4540377 0.5877504 -0.6166259 0.5237576 0.3090281 -0.7248448 0.6157124 0.5877408 -0.616621 0.5237742 0.3090754 -0.6540364 0.6904411 0.3090493 -0.6540346 0.6904544 0.5877572 -0.6166132 0.523765 0.587755 -0.5563878 0.5873473 0.3090569 -0.654022 0.690463 0.5877658 -0.5563678 0.5873553 0.3090599 -0.5755475 0.7571176 0.3090637 -0.5755586 0.7571076 0.5877678 -0.5563789 0.5873429 0.5877737 -0.4896064 0.6440557 0.3090459 -0.5755416 0.7571278 0.587764 -0.4896 0.6440695 0.5877635 -0.4173842 0.6930545 0.5878036 -0.4173452 0.693044 0.5878083 -0.4895845 0.6440409 0.8090004 -0.3033535 0.503483 0.5878069 -0.8078156 -0.04378312 0.8090052 -0.5869396 -0.03182202 0.5878088 -0.807814 0.04378998 0.5878028 -0.8078181 0.04379254 0.8090029 -0.5869436 -0.03180652 0.8090033 -0.5869429 0.03180754 0.5878072 -0.8078136 0.04381656 0.8090053 -0.5869392 0.03182631 0.5878087 -0.7983435 0.1308762 0.5878219 -0.798336 0.130863 0.8089899 -0.5869596 0.03184187 0.8089899 -0.5800816 0.09508281 0.5878074 -0.798341 0.1308982 0.8090054 -0.5800576 0.0950973 0.587809 -0.7795136 0.2164234 0.5878229 -0.7795081 0.2164058 0.8089903 -0.5800763 0.09511154 0.8089903 -0.5664016 0.1572384 0.5878064 -0.7795088 0.2164482 0.8090047 -0.566376 0.1572569 0.5878076 -0.751545 0.2994367 0.5878215 -0.7515402 0.2994217 0.8089896 -0.5663924 0.1572758 0.8089896 -0.5460804 0.2175597 0.5878255 -0.7515255 0.2994508 0.8089915 -0.5460678 0.2175844 0.5878266 -0.7147536 0.3789291 0.5878044 -0.714769 0.3789347 0.8090039 -0.5460513 0.2175794 0.8090041 -0.5193405 0.2753143 0.5878262 -0.7147436 0.3789484 0.808992 -0.5193412 0.2753483 0.5878278 -0.6695939 0.4539852 0.5878086 -0.6695982 0.4540036 0.8090046 -0.5193282 0.2753359 0.8090043 -0.4865231 0.3298599 0.5878055 -0.6695889 0.4540214 0.8090037 -0.4865139 0.3298747 0.587806 -0.6165907 0.5237367 0.5878052 -0.6165849 0.5237445 0.8090023 -0.4865142 0.3298777 0.8090053 -0.4480167 0.3805152 0.5878234 -0.6165693 0.5237424 0.8089897 -0.4480074 0.3805589 0.5878239 -0.5563448 0.587319 0.5878083 -0.5563566 0.5873234 0.8090082 -0.4479877 0.3805431 0.8090112 -0.4042403 0.4267209 0.5878257 -0.5563215 0.5873394 0.8089956 -0.4042403 0.4267507 0.5878333 -0.4895902 0.6440136 0.5878319 -0.4895968 0.6440098 0.8089979 -0.4042296 0.4267561 0.8089977 -0.3557319 0.4679505 0.5878144 -0.4895708 0.6440456 0.8089855 -0.3557286 0.4679738 0.8089858 -0.3033711 0.5034959 0.809049 -0.3033208 0.5034245 0.8090476 -0.3556728 0.4679091 0.9510492 -0.1595448 0.2646717 0.5877581 -0.8078485 -0.0438323 0.3090386 -0.9496538 -0.0515064 0.5877542 -0.7983841 -0.1308738 0.587765 -0.7983745 -0.1308836 0.3090598 -0.9496478 -0.05148935 0.3090559 -0.9385177 -0.1538475 0.5877595 -0.7983748 -0.1309073 0.3090473 -0.9385178 -0.1538637 0.5877525 -0.7795513 -0.2164416 0.5877477 -0.7795616 -0.2164173 0.309034 -0.9385218 -0.1538667 0.3090723 -0.9163802 -0.2544047 0.5877745 -0.7795329 -0.2164477 0.3090649 -0.9163704 -0.2544491 0.587776 -0.7515685 -0.2994402 0.5877649 -0.751574 -0.2994478 0.3090589 -0.9163779 -0.2544292 0.3090562 -0.8835039 -0.3520016 0.5877717 -0.7515583 -0.2994739 0.3090618 -0.8834915 -0.352028 0.5877691 -0.7147852 -0.3789589 0.5877505 -0.7148081 -0.3789444 0.3090409 -0.8835088 -0.3520029 0.3090387 -0.8402658 -0.4454758 0.5877593 -0.7147804 -0.378983 0.3090397 -0.8402578 -0.4454902 0.5877551 -0.6696437 -0.4540058 0.5877649 -0.6696291 -0.4540148 0.3090593 -0.8402578 -0.4454764 0.3090559 -0.7871773 -0.5337007 0.5877734 -0.6696147 -0.4540249 0.3090639 -0.7871548 -0.5337292 0.5877747 -0.6166144 -0.5237439 0.5877649 -0.6166158 -0.5237533 0.3090593 -0.7871674 -0.5337132 0.3090559 -0.7248594 -0.6156812 0.5877567 -0.6165954 -0.5237864 0.3090443 -0.7248554 -0.6156919 0.5877531 -0.5563853 -0.5873513 0.587767 -0.5563762 -0.5873463 0.3090609 -0.7248516 -0.6156879 0.3090586 -0.6540465 -0.690439 0.587763 -0.5563643 -0.5873616 0.3090513 -0.6540201 -0.6904673 0.5877645 -0.4896157 -0.644057 0.587765 -0.4896078 -0.6440625 0.3090599 -0.6540313 -0.6904529 0.3090558 -0.5755596 -0.7571102 0.5877655 -0.4895945 -0.6440722 0.3090485 -0.5755441 -0.7571249 0.5877624 -0.4173769 -0.6930599 0.5877623 -0.4173817 -0.6930571 0.3090583 -0.5755466 -0.757119 0.3090507 -0.4904986 -0.8147999 0.8090535 -0.5868743 -0.03179872 0.9510508 -0.3085807 -0.01674252 0.8090544 -0.5868725 0.0318076 0.8090296 -0.5869061 0.03182011 0.9510528 -0.3085752 -0.0167334 0.9510534 -0.3085741 0.01672101 0.809026 -0.5869102 0.03183686 0.951051 -0.3085816 0.01672166 0.8090544 -0.5799929 0.09507578 0.8090398 -0.5800116 0.0950855 0.9510431 -0.3086048 0.01673358 0.9510439 -0.3049873 0.04998189 0.809026 -0.5800278 0.09510552 0.9510509 -0.304965 0.04998618 0.8090264 -0.5663488 0.1572431 0.809048 -0.5663203 0.1572346 0.9510482 -0.304971 0.0500006 0.9510487 -0.2977781 0.08267247 0.8090353 -0.5663347 0.1572484 0.9510427 -0.2977911 0.08269405 0.8090368 -0.5460171 0.2175425 0.8090292 -0.5460221 0.2175586 0.9510527 -0.2977644 0.08267539 0.9510387 -0.2871252 0.1143876 0.8090456 -0.5459957 0.2175639 0.9510479 -0.2870908 0.1143975 0.8090474 -0.5192856 0.2752907 0.8090349 -0.519302 0.2752962 0.951042 -0.2871074 0.114405 0.9510429 -0.273062 0.1447574 0.8090291 -0.5192988 0.2753197 0.9510393 -0.2730618 0.1447806 0.8090308 -0.4864947 0.3298364 0.8090465 -0.4864716 0.3298323 0.9510474 -0.2730431 0.1447631 0.951048 -0.2557942 0.1734279 0.8090367 -0.4864788 0.3298457 0.9510434 -0.2557975 0.1734474 0.8090384 -0.4479728 0.3804963 0.8090533 -0.4479497 0.3804917 0.9510508 -0.2557812 0.173431 0.9510515 -0.2355337 0.2000624 0.8090338 -0.44796 0.3805209 0.9510405 -0.2355603 0.2000833 0.8090342 -0.4042038 0.4267119 0.8090472 -0.4041891 0.4267014 0.9510477 -0.2355359 0.200078 0.9510495 -0.2125416 0.2243459 0.8090284 -0.4042038 0.4267228 0.9510524 -0.2125328 0.2243414 0.8090298 -0.3557102 0.4679114 0.8090323 -0.3557029 0.4679126 0.9510396 -0.2125457 0.2243838 0.9510402 -0.1870547 0.2460352 0.809037 -0.3556792 0.4679226 0.951045 -0.1870261 0.2460383 0.9510452 -0.1595457 0.2646848 0.80899 -0.5869597 -0.03183919 0.5878218 -0.8078032 -0.04381418 0.80899 -0.580082 -0.09508019 0.8090053 -0.5800577 -0.0950973 0.5878092 -0.8078126 -0.04380953 0.5878071 -0.7983458 -0.1308695 0.8089899 -0.5800766 -0.09511446 0.5878218 -0.7983307 -0.1308965 0.8089898 -0.5664015 -0.1572413 0.809006 -0.5663759 -0.1572511 0.5878093 -0.7983412 -0.1308879 0.5878081 -0.779517 -0.2164139 0.8089901 -0.5663919 -0.157275 0.5878269 -0.7795009 -0.2164208 0.8089899 -0.5460801 -0.2175592 0.8090045 -0.5460528 -0.2175732 0.587814 -0.7795119 -0.216416 0.5878054 -0.7515477 -0.2994343 0.8089908 -0.5460681 -0.2175859 0.5878227 -0.7515279 -0.2994502 0.8089905 -0.5193582 -0.2753208 0.8089909 -0.5193526 -0.2753301 0.587826 -0.7515279 -0.2994434 0.5878248 -0.7147584 -0.3789229 0.8090049 -0.5193276 -0.2753363 0.5878093 -0.7147643 -0.3789358 0.8090053 -0.4865213 -0.3298597 0.8089898 -0.486532 -0.3298819 0.5878279 -0.7147494 -0.3789351 0.5878287 -0.6696013 -0.4539731 0.8090026 -0.4865137 -0.3298776 0.5878065 -0.6696022 -0.4540005 0.8090032 -0.4480037 -0.3805345 0.8090071 -0.4480017 -0.3805287 0.5878106 -0.6695974 -0.4540024 0.5878099 -0.6166013 -0.5237198 0.8090012 -0.4479959 -0.3805484 0.5878046 -0.6165906 -0.5237385 0.8090018 -0.4042346 -0.4267441 0.8089907 -0.4042404 -0.4267597 0.5878295 -0.6165776 -0.5237258 0.5878297 -0.5563547 -0.5873038 0.8090099 -0.4042207 -0.426742 0.5878165 -0.5563486 -0.5873228 0.8090103 -0.355722 -0.4679361 0.8090057 -0.3557232 -0.4679433 0.5878092 -0.5563429 -0.5873355 0.5878076 -0.4895986 -0.6440306 0.8089866 -0.3557228 -0.4679766 0.5878159 -0.4895743 -0.6440414 0.8089851 -0.3033648 -0.5035008 0.8090085 -0.3033311 -0.5034834 0.5878245 -0.4895898 -0.6440221 0.5878172 -0.4173611 -0.6930229 0.9510537 -0.3085716 -0.01674526 0.8090307 -0.5869042 -0.03182709 0.95104 -0.3050009 -0.04997462 0.9510411 -0.304993 -0.05000317 0.809035 -0.5868987 -0.03182119 0.8090349 -0.5800205 -0.09507369 0.9510495 -0.3049667 -0.05000478 0.8090496 -0.5799968 -0.09509259 0.9510488 -0.2977762 -0.08267718 0.9510516 -0.2977699 -0.08266824 0.8090264 -0.5800279 -0.09510022 0.8090525 -0.5663177 -0.1572213 0.951054 -0.2977592 -0.08267903 0.8090305 -0.5663431 -0.1572419 0.9510387 -0.2871232 -0.1143923 0.951041 -0.2871128 -0.1144003 0.809035 -0.566336 -0.1572451 0.8090347 -0.5460214 -0.2175402 0.9510529 -0.2870741 -0.1143978 0.8090291 -0.5460207 -0.2175627 0.9510378 -0.2730705 -0.1447749 0.9510412 -0.2730613 -0.1447701 0.8090352 -0.5460155 -0.217553 0.8090351 -0.5193008 -0.2752982 0.9510481 -0.2730355 -0.1447733 0.8090498 -0.5192798 -0.2752946 0.9510492 -0.2558001 -0.1734126 0.9510414 -0.255807 -0.1734452 0.8090357 -0.5192921 -0.2753124 0.8090354 -0.486491 -0.3298308 0.9510518 -0.2557718 -0.1734402 0.8090268 -0.4864866 -0.3298581 0.9510527 -0.2355409 -0.2000481 0.9510527 -0.2355272 -0.2000643 0.8090292 -0.4864915 -0.3298451 0.8090296 -0.4479876 -0.3804974 0.9510472 -0.2355434 -0.2000715 0.8090504 -0.4479552 -0.3804913 0.9510495 -0.2125369 -0.2243505 0.9510539 -0.2125236 -0.2243439 0.80903 -0.4479699 -0.3805173 0.8090292 -0.4042156 -0.4267103 0.9510402 -0.2125361 -0.2243906 0.8090321 -0.4042067 -0.4267132 0.9510394 -0.187047 -0.2460438 0.9510414 -0.1870445 -0.2460382 0.8090322 -0.404193 -0.4267261 0.8090381 -0.3556991 -0.4679055 0.9510474 -0.187018 -0.2460353 0.8090416 -0.3556818 -0.4679127 0.951047 -0.1595377 -0.2646837 0.951047 -0.1595246 -0.2646915 0.8090468 -0.3556777 -0.4679068 0.8090479 -0.3033151 -0.5034298 0.5877795 -0.3396821 -0.7342557 0.3090631 -0.3993259 -0.8631448 0.5877668 -0.2583214 -0.7666814 0.5877519 -0.2583293 -0.7666901 0.3090451 -0.3993313 -0.8631486 0.3090404 -0.3036832 -0.9012606 0.5877683 -0.2583172 -0.7666817 0.3090574 -0.3036552 -0.9012642 0.5877621 -0.1739055 -0.7901219 0.587767 -0.173922 -0.7901147 0.3090616 -0.30367 -0.9012578 0.3090581 -0.2044622 -0.9288048 0.5877628 -0.1738867 -0.7901256 0.3090444 -0.2044304 -0.9288164 0.5877588 -0.0874862 -0.8042922 0.5877664 -0.08747494 -0.8042878 0.3090608 -0.2044451 -0.9288077 0.3090575 -0.1028401 -0.9454668 0.5877671 -0.08746451 -0.8042884 0.3090558 -0.1028102 -0.9454706 0.5877682 -1.55629e-5 -0.8090295 0.5877617 -3.40491e-6 -0.8090341 0.3090556 -0.1028248 -0.945469 0.3090519 -1.43535e-5 -0.9510452 0.5877726 9.39146e-6 -0.8090263 0.3090627 1.82241e-5 -0.9510418 0.5877737 0.08745831 -0.8042842 0.5877575 0.08746922 -0.804295 0.309051 1.53692e-6 -0.9510456 0.3090471 0.1028122 -0.9454733 0.5877566 0.08750337 -0.8042919 0.3090369 0.1028426 -0.9454733 0.5877527 0.1739046 -0.7901291 0.587772 0.1739143 -0.7901127 0.3090672 0.102827 -0.945465 0.3090638 0.2044326 -0.9288094 0.58775 0.1739498 -0.7901212 0.309037 0.2044597 -0.9288124 0.5877513 0.2583108 -0.7666969 0.5877562 0.2583178 -0.7666907 0.3090487 0.2044425 -0.9288122 0.3090462 0.3036523 -0.901269 0.5877793 0.2583339 -0.7666677 0.3090711 0.3036897 -0.9012479 0.5877807 0.3396914 -0.7342504 0.5877409 0.3397059 -0.7342755 0.3090757 0.3036807 -0.9012493 0.309028 0.3993216 -0.8631594 0.5877589 0.3397355 -0.7342475 0.3090396 0.3993512 -0.8631415 0.5877546 0.4170914 -0.6932383 0.5877533 0.4170997 -0.6932345 0.3090463 0.3993347 -0.8631467 0.3090423 0.4903039 -0.8149202 0.5877532 0.4171129 -0.6932266 0.3090397 0.4903329 -0.8149039 0.5877552 0.4895988 -0.6440783 0.5877646 0.4896025 -0.644067 0.3090592 0.4903149 -0.8149072 0.3090552 0.5755367 -0.7571278 0.5877739 0.4896062 -0.6440557 0.3090637 0.5755584 -0.7571078 0.5877678 0.5563787 -0.587343 0.5877698 0.5563737 -0.5873458 0.3090656 0.5755547 -0.7571099 0.309054 0.6540138 -0.6904721 0.5877734 0.5563703 -0.5873453 0.3090634 0.6540409 -0.6904422 0.5877744 0.6165972 -0.5237643 0.5877409 0.6166208 -0.5237743 0.3090758 0.654036 -0.6904413 0.3090281 0.7248445 -0.6157128 0.5877586 0.616628 -0.5237461 0.309046 0.7248516 -0.6156954 0.5877515 0.6696335 -0.4540257 0.5877655 0.6696254 -0.4540194 0.3090595 0.7248499 -0.6156906 0.3090566 0.7871605 -0.5337252 0.5877732 0.6696317 -0.4540002 0.3090628 0.7871699 -0.5337077 0.5877692 0.7147852 -0.3789585 0.5877654 0.714788 -0.3789591 0.30906 0.7871686 -0.5337112 0.3090561 0.8402525 -0.4454887 0.5877524 0.7148026 -0.3789518 0.3090388 0.8402724 -0.4454632 0.5877545 0.751574 -0.2994685 0.5877643 0.7515702 -0.2994586 0.3090585 0.8402575 -0.4454776 0.3090551 0.8834919 -0.3520328 0.5877746 0.7515687 -0.2994422 0.3090649 0.8835017 -0.3519994 0.5877685 0.7795444 -0.2164227 0.9510486 -0.09869271 -0.292859 0.9510474 -0.1297454 -0.2804905 0.8090466 -0.2467703 -0.5334306 0.8089901 -0.2468063 -0.5334994 0.5878221 -0.3396725 -0.7342261 0.80899 -0.1877111 -0.5570455 0.8089967 -0.1876845 -0.5570448 0.5878039 -0.3397027 -0.7342267 0.5878327 -0.2583271 -0.766629 0.8089917 -0.1876785 -0.5570541 0.5878242 -0.2582955 -0.766646 0.8089917 -0.1263829 -0.5740732 0.8090014 -0.1263791 -0.5740603 0.5878 -0.2583023 -0.7666624 0.5878342 -0.173927 -0.7900636 0.8090127 -0.1263504 -0.5740507 0.5878155 -0.1738908 -0.7900855 0.8089855 -0.06357157 -0.5843811 0.8089854 -0.06356787 -0.5843815 0.5878188 -0.1739026 -0.7900804 0.5878174 -0.08748358 -0.8042495 0.8090045 -0.06354498 -0.5843576 0.587809 -0.08747321 -0.804257 0.809005 -5.98747e-6 -0.5878018 0.8089846 -1.13249e-5 -0.5878298 0.5878177 -0.08745932 -0.8042519 0.5878163 -1.49049e-5 -0.8089945 0.808987 1.74977e-5 -0.5878266 0.5878179 1.85184e-5 -0.8089934 0.8089871 0.06353801 -0.5843825 0.8090014 0.06354999 -0.5843613 0.5878038 6.70506e-6 -0.8090036 0.5878021 0.08745169 -0.8042643 0.808986 0.06357061 -0.5843804 0.5878164 0.0874837 -0.8042504 0.8089862 0.1263464 -0.5740889 0.8089855 0.1263554 -0.5740878 0.587819 0.08747637 -0.8042492 0.5878173 0.173896 -0.7900829 0.8089933 0.1263813 -0.5740711 0.5878316 0.1739032 -0.7900708 0.8089933 0.1876767 -0.5570524 0.8089863 0.1876852 -0.5570597 0.5878201 0.1739182 -0.7900761 0.5878185 0.2582988 -0.7666494 0.8090063 0.187694 -0.5570278 0.5878113 0.25831 -0.766651 0.8090064 0.2468062 -0.5334748 0.8090094 0.2468012 -0.5334725 0.5878137 0.258314 -0.7666479 0.5878134 0.3396685 -0.7342348 0.8089886 0.2468345 -0.5334888 0.5878198 0.3397022 -0.7342141 0.8089888 0.3030384 -0.5036914 0.8089948 0.3030459 -0.5036771 0.5878314 0.3396952 -0.7342081 0.5878297 0.417067 -0.6931893 0.8089992 0.3030466 -0.5036697 0.5878338 0.4170916 -0.6931711 0.8089996 0.3557145 -0.4679605 0.8089994 0.3557221 -0.467955 0.5878374 0.4170811 -0.6931743 0.5877982 0.4895899 -0.6440458 0.8090036 0.3557278 -0.4679432 0.5878026 0.4896017 -0.6440329 0.8090038 0.4042256 -0.4267488 0.8090054 0.4042301 -0.4267416 0.5878091 0.4895928 -0.6440337 0.5878072 0.556339 -0.5873413 0.8090046 0.4042451 -0.4267289 0.587805 0.5563578 -0.5873257 0.8090044 0.4479928 -0.380545 0.8090038 0.4479992 -0.3805387 0.5878068 0.5563538 -0.5873274 0.5878052 0.6165795 -0.5237507 0.8090016 0.4480109 -0.3805299 0.5877999 0.6165948 -0.5237386 0.8090011 0.4865096 -0.3298878 0.8090028 0.4865154 -0.3298749 0.587805 0.6165923 -0.523736 0.5878043 0.6695908 -0.4540205 0.8089906 0.4865434 -0.3298631 0.5878229 0.6696026 -0.4539787 0.8089907 0.5193397 -0.2753552 0.8090077 0.5193305 -0.2753227 0.5878182 0.6695883 -0.454006 0.5878098 0.7147574 -0.378948 0.8089901 0.5193566 -0.2753247 0.5878224 0.7147613 -0.378921 0.8089902 0.5460674 -0.2175902 0.8090054 0.5460538 -0.2175673 0.5878093 0.7147651 -0.3789343 0.5878071 0.7515377 -0.299456 0.8089907 0.5460785 -0.2175601 0.587823 0.7515388 -0.2994221 0.8089906 0.5663908 -0.1572762 0.8090047 0.5663769 -0.1572532 0.5878082 0.751546 -0.299433 0.5878064 0.7795099 -0.2164446 0.8089907 0.566401 -0.1572392 0.5878232 0.7795075 -0.2164065 0.8089907 0.5800758 -0.09511232 0.9510465 -0.06645447 -0.3018185 0.9510453 -0.09866225 -0.2928799 0.8090423 -0.1876537 -0.556989 0.8090492 -0.1876682 -0.5569741 0.9510473 -0.09868377 -0.2928662 0.809043 -0.2467722 -0.533435 0.951052 -0.06642222 -0.3018085 0.8090284 -0.1876725 -0.5570028 0.8090278 -0.1263661 -0.5740259 0.9510403 -0.03342056 -0.3072548 0.951041 -0.06642466 -0.3018426 0.8090338 -0.1263508 -0.5740209 0.9510425 -0.03341269 -0.3072488 0.8090377 -0.1263495 -0.5740157 0.8090376 -0.06356233 -0.58431 0.951038 -4.56348e-6 -0.3090741 0.9510385 -0.03340005 -0.3072623 0.8090293 -0.06354796 -0.584323 0.9510405 4.14997e-6 -0.3090665 0.8090342 -0.06354558 -0.5843164 0.8090336 -1.35712e-5 -0.5877624 0.9510441 0.03341454 -0.3072436 0.9510444 9.47528e-6 -0.3090543 0.8090401 7.69645e-6 -0.5877536 0.9510496 0.03342235 -0.307226 0.8090509 5.16279e-6 -0.5877386 0.8090505 0.06353664 -0.5842949 0.951053 0.0664342 -0.3018028 0.951039 0.03343266 -0.3072577 0.8090299 0.06354862 -0.5843222 0.9510408 0.06644815 -0.3018381 0.8090351 0.06355416 -0.5843144 0.8090341 0.1263411 -0.5740227 0.9510475 0.09867513 -0.2928684 0.9510481 0.06644034 -0.3018167 0.8090468 0.1263506 -0.5740025 0.9510384 0.09869199 -0.2928923 0.8090306 0.126357 -0.5740239 0.8090297 0.187664 -0.5570038 0.9510462 0.1297603 -0.2804879 0.9510467 0.09868133 -0.2928692 0.8090439 0.1876702 -0.5569811 0.9510466 0.1297551 -0.2804888 0.8090438 0.1876782 -0.5569784 0.8090428 0.2467851 -0.5334296 0.9510483 0.1593276 -0.2648051 0.9510489 0.1297696 -0.2804746 0.8090485 0.2467924 -0.5334174 0.9510443 0.1593257 -0.264821 0.8090397 0.2468019 -0.5334262 0.809036 0.3029983 -0.5036396 0.9510486 0.1870196 -0.2460287 0.9510493 0.1593288 -0.2648013 0.809049 0.3030133 -0.5036097 0.9510421 0.1870419 -0.246037 0.8090378 0.3030255 -0.5036206 0.8090366 0.3556889 -0.467916 0.9510442 0.2125348 -0.2243746 0.9510449 0.1870433 -0.2460253 0.8090415 0.3556931 -0.4679043 0.9510527 0.2125319 -0.2243415 0.8090302 0.3557092 -0.4679116 0.8090288 0.4042027 -0.4267231 0.9510525 0.2355285 -0.2000636 0.9510533 0.2125205 -0.2243494 0.8090291 0.4042044 -0.426721 0.9510501 0.2355337 -0.2000691 0.809024 0.4042226 -0.4267135 0.8090494 0.4479461 -0.3805043 0.9510506 0.2557832 -0.1734293 0.9510512 0.235536 -0.2000612 0.8090528 0.4479521 -0.3804898 0.9510391 0.2558073 -0.1734564 0.8090306 0.4479809 -0.3805032 0.8090286 0.4864875 -0.3298525 0.9510514 0.2730312 -0.1447598 0.9510519 0.2557815 -0.1734246 0.809054 0.4864608 -0.3298295 0.9510459 0.2730532 -0.1447543 0.8090443 0.4864756 -0.3298319 0.8090436 0.5192785 -0.2753148 0.9510499 0.2870871 -0.1143904 0.9510505 0.2730383 -0.1447518 0.8090515 0.5192746 -0.2752993 0.9510458 0.2871039 -0.1143833 0.8090441 0.5192852 -0.2753009 0.8090433 0.5460021 -0.2175567 0.9510462 0.2977822 -0.08268612 0.9510471 0.2871009 -0.1143792 0.8090453 0.5460012 -0.2175508 0.9510484 0.2977759 -0.08268195 0.8090489 0.5460056 -0.2175267 0.8090465 0.566318 -0.1572507 0.9510424 0.3049877 -0.05000978 0.9510431 0.2977958 -0.0826717 0.8090378 0.5663318 -0.1572463 0.9510409 0.3049948 -0.0499944 0.8090353 0.5663378 -0.1572368 0.8090344 0.5800168 -0.09509938 0.9510552 0.3085666 -0.01675254 0.9510397 0.3050003 -0.0499826 0.8090317 0.5800226 -0.09508699 0.3090618 -0.1028259 0.9454669 0.3090584 -0.2044317 0.9288114 0.5877673 -0.1739135 0.7901164 0.5877754 -0.1739364 0.7901052 0.309067 -0.2044751 0.928799 0.5877404 -0.2583164 0.7667033 0.5878158 -0.1739175 0.7900793 0.5878143 -0.2582983 0.7666526 0.8089832 -0.1876848 0.5570643 0.8090065 -0.1876923 0.5570279 0.5878118 -0.2583086 0.7666512 0.8090067 -0.2468048 0.5334751 0.8090418 -0.1876789 0.5569812 0.8090406 -0.2467858 0.5334324 0.9510455 -0.129756 0.2804923 0.3090571 -0.2044425 0.9288095 0.3090548 -0.303652 0.9012662 0.5877636 -0.258317 0.7666853 0.5877791 -0.2583352 0.7666674 0.309071 -0.3036907 0.9012476 0.5877806 -0.3396925 0.73425 0.5878127 -0.2583144 0.7666487 0.5878166 -0.3396882 0.7342231 0.8090086 -0.2468018 0.5334734 0.3090414 -0.3993179 0.8631563 0.5877524 -0.3397011 0.7342686 0.3090448 -0.3036683 0.901264 0.3090492 -0.5755441 0.7571247 0.5877569 -0.4173882 0.6930578 0.3090488 -0.4904848 0.8148089 0 0.9458371 0.3246417 -5.5749e-6 0.9458372 0.3246416 0 1 4.98295e-5 5.5749e-6 1 4.98444e-5 0 0.9458371 0.3246417 0 1 4.98295e-5 0 1 -4.98295e-5 -5.5749e-6 1 -4.98444e-5 0 0.9458371 -0.3246417 5.5749e-6 0.9458372 -0.3246416 0 1 -4.98295e-5 0 0.9458371 -0.3246417 0 0.9457992 -0.324752 -5.5898e-6 0.9457992 -0.324752 0 0.7891745 -0.614169 5.59026e-6 0.7891724 -0.6141718 0 0.9457982 -0.3247552 0 0.7891725 -0.6141716 0 0.7891053 -0.614258 -5.60191e-6 0.7891053 -0.614258 0 0.546993 -0.8371371 5.60191e-6 0.5469931 -0.8371372 0 0.7891053 -0.614258 0 0.546993 -0.8371371 0 0.5468997 -0.8371982 -5.62053e-6 0.5468997 -0.8371981 0 0.2455369 -0.9693873 5.621e-6 0.2455304 -0.969389 0 0.5469344 -0.8371756 0 0.2455306 -0.9693889 0 0.245441 -0.9694116 -5.56512e-6 0.2454414 -0.9694114 0 -0.08256226 -0.996586 5.56652e-6 -0.08252865 -0.9965888 0 0.2454739 -0.9694033 0 -0.08252841 -0.9965887 0 -0.08263272 -0.9965801 -5.58328e-6 -0.08263272 -0.9965801 0 -0.4016867 -0.9157772 5.58421e-6 -0.4016867 -0.9157772 0 -0.08263272 -0.9965801 0 -0.4016867 -0.9157772 0 -0.4017454 -0.9157515 -5.58421e-6 -0.4017453 -0.9157516 0 -0.67724 -0.7357622 5.58421e-6 -0.6772445 -0.7357581 0 -0.4017507 -0.9157491 0 -0.6772444 -0.7357582 0 -0.6773228 -0.7356861 -5.56698e-6 -0.6773227 -0.7356861 0 -0.8794475 -0.4759958 5.56698e-6 -0.8794496 -0.4759919 0 -0.6773259 -0.7356832 0 -0.8794496 -0.475992 0 -0.8794811 -0.4759339 -5.57583e-6 -0.8794811 -0.475934 0 -0.9863535 -0.1646416 5.57397e-6 -0.9863538 -0.1646404 0 -0.8794817 -0.475933 0 -0.9863536 -0.1646405 0 -0.9863705 -0.1645398 -5.56977e-6 -0.9863705 -0.1645398 0 -0.9863705 0.1645398 5.56977e-6 -0.9863705 0.1645398 0 -0.9863705 -0.1645398 0 -0.9863705 0.1645398 0 -0.9863536 0.1646405 -5.57397e-6 -0.9863538 0.1646404 0 -0.8794817 0.475933 5.57583e-6 -0.8794811 0.475934 0 -0.9863535 0.1646416 0 -0.8794811 0.4759339 0 -0.8794486 0.4759939 -5.56698e-6 -0.8794487 0.4759939 0 -0.6773243 0.7356846 5.56698e-6 -0.6773243 0.7356846 0 -0.8794486 0.4759939 0 -0.6773243 0.7356846 0 -0.6772444 0.7357582 -5.58421e-6 -0.6772445 0.7357581 0 -0.4017507 0.9157491 5.58421e-6 -0.4017453 0.9157516 0 -0.67724 0.7357622 0 -0.4017454 0.9157515 0 -0.4016867 0.9157772 -5.58421e-6 -0.4016867 0.9157772 0 -0.08263272 0.9965801 5.58328e-6 -0.08263272 0.9965801 0 -0.4016867 0.9157772 0 -0.08263272 0.9965801 0 -0.08252489 0.996589 -5.56512e-6 -0.08252495 0.996589 0 0.2454773 0.9694024 5.56605e-6 0.2454344 0.9694133 0 -0.08252143 0.9965894 0 0.2454342 0.9694133 0 0.2455338 0.969388 -5.621e-6 0.2455337 0.9693881 0 0.546897 0.8371999 5.62053e-6 0.5468997 0.8371981 0 0.2455369 0.9693873 0 0.5468997 0.8371982 0 0.546993 0.8371371 -5.60191e-6 0.5469931 0.8371372 0 0.7891053 0.614258 5.60191e-6 0.7891053 0.614258 0 0.546993 0.8371371 0 0.7891053 0.614258 0 0.7891725 0.6141716 -5.59026e-6 0.7891724 0.6141718 0 0.9457982 0.3247552 5.5898e-6 0.9457992 0.324752 0 0.7891745 0.614169 0 0.9457992 0.324752 -1 0 0 -1 0 4.61071e-6 -1 0 -4.61071e-6 -1 0 -4.16413e-6 -1 0 2.97487e-7 -1 0 -5.94803e-7 -1 0 -1.19002e-6 -1 0 1.85103e-6 -1 0 -1.18926e-6 -1 0 2.3802e-6 -1 0 1.19007e-6 -1 0 2.37726e-6 -1 0 5.95018e-7 -1 0 5.34757e-6 -1 0 1.18999e-6 -1 0 -2.37982e-6 -1 0 3.86687e-6 -1 0 -3.86687e-6 -1 0 2.37982e-6 -1 0 1.4817e-5 -1 0 2.37936e-6 -1 0 -1.18999e-6 -1 0 5.94773e-7 -1 0 -5.95017e-7 -1 0 7.40434e-6 -1 0 -1.19009e-6 -1 0 -3.70206e-6 -1 0 1.18919e-6 -1 0 2.37794e-6 -1 0 -2.38021e-6 -1 0 1.1885e-6 -1 0 1.19002e-6 -1 0 1.93085e-6 -1 0 -2.97487e-7 -1 0 1.18926e-6 -1 0 -9.50681e-6 -1 0 -1.18917e-6 -2.59878e-6 -0.9941374 0.1081246 4.94625e-6 -0.9941374 0.1081246 -2.18724e-5 -1 -4.29899e-6 -4.94625e-6 -1 -4.21703e-6 -2.38341e-6 -0.9941374 0.1081247 2.59878e-6 -1 -4.2133e-6 -2.59878e-6 -1 4.2133e-6 4.94625e-6 -1 4.21703e-6 2.38341e-6 -0.9941374 -0.1081247 -4.94625e-6 -0.9941374 -0.1081246 2.18724e-5 -1 4.29899e-6 2.59878e-6 -0.9941374 -0.1081246 -2.59878e-6 -0.9941386 -0.1081141 4.94532e-6 -0.9941386 -0.1081141 2.39632e-6 -0.9766196 -0.2149752 -4.94532e-6 -0.9766196 -0.2149752 -2.39632e-6 -0.9941386 -0.1081141 2.59878e-6 -0.9766196 -0.2149752 -2.59878e-6 -0.9766219 -0.2149648 4.93973e-6 -0.9766219 -0.2149648 2.39632e-6 -0.9476519 -0.3193055 -4.93973e-6 -0.9476519 -0.3193055 -2.39632e-6 -0.9766219 -0.2149648 2.59878e-6 -0.9476519 -0.3193055 -2.59878e-6 -0.9476546 -0.3192973 4.94625e-6 -0.9476546 -0.3192973 2.38341e-6 -0.9075732 -0.4198941 -4.94625e-6 -0.9075732 -0.419894 -2.38341e-6 -0.9476547 -0.3192973 2.59878e-6 -0.9075732 -0.419894 -2.59878e-6 -0.9075783 -0.4198831 4.93787e-6 -0.9075783 -0.4198831 2.39632e-6 -0.8568555 -0.5155567 -4.96209e-6 -0.8568553 -0.5155569 2.18466e-5 -0.9075781 -0.4198834 2.59878e-6 -0.8568553 -0.5155569 -2.59878e-6 -0.8568596 -0.5155499 4.94625e-6 -0.8568595 -0.5155499 2.38341e-6 -0.7960898 -0.6051784 -4.94625e-6 -0.79609 -0.6051784 -2.38341e-6 -0.8568596 -0.5155499 2.59878e-6 -0.7960898 -0.6051784 -2.59878e-6 -0.7960957 -0.6051709 4.94719e-6 -0.7960957 -0.6051709 2.38341e-6 -0.7259916 -0.6877036 -4.94812e-6 -0.7259914 -0.6877037 -2.38341e-6 -0.7960956 -0.605171 2.59878e-6 -0.7259914 -0.6877038 -2.59878e-6 -0.7260002 -0.6876945 4.95743e-6 -0.7260002 -0.6876945 2.39632e-6 -0.6473839 -0.7621641 -4.95743e-6 -0.6473832 -0.7621647 -2.39632e-6 -0.7259995 -0.6876953 2.59878e-6 -0.6473832 -0.7621648 -2.59878e-6 -0.6473898 -0.7621592 4.95277e-6 -0.6473898 -0.7621592 2.38341e-6 -0.5611826 -0.8276922 -4.95184e-6 -0.5611822 -0.8276923 -2.38341e-6 -0.6473893 -0.7621595 2.59878e-6 -0.5611822 -0.8276924 -2.59878e-6 -0.5611901 -0.827687 4.96488e-6 -0.5611901 -0.827687 2.38341e-6 -0.4684028 -0.883515 -4.96674e-6 -0.4684025 -0.8835152 -2.38341e-6 -0.5611898 -0.8276872 2.59878e-6 -0.4684025 -0.8835152 -2.59878e-6 -0.4684128 -0.8835098 4.94253e-6 -0.4684128 -0.8835098 -2.18466e-5 -0.3701335 -0.9289786 -4.94346e-6 -0.370134 -0.9289784 -2.39632e-6 -0.4684133 -0.8835095 2.59878e-6 -0.370134 -0.9289784 -2.59878e-6 -0.3701428 -0.928975 4.94719e-6 -0.3701427 -0.928975 2.38341e-6 -0.2675235 -0.9635514 -4.94719e-6 -0.2675235 -0.9635514 -2.38341e-6 -0.3701427 -0.928975 2.59878e-6 -0.2675235 -0.9635514 -2.59878e-6 -0.2675338 -0.9635486 4.9267e-6 -0.2675338 -0.9635486 2.40923e-6 -0.1617778 -0.9868273 -4.92763e-6 -0.1617781 -0.9868272 -2.40923e-6 -0.2675341 -0.9635484 2.59878e-6 -0.1617781 -0.9868273 -2.59878e-6 -0.1617867 -0.9868258 4.94719e-6 -0.1617867 -0.9868258 2.38341e-6 -0.05413371 -0.9985338 -4.94719e-6 -0.05413389 -0.9985337 -2.38341e-6 -0.1617869 -0.9868258 2.59878e-6 -0.05413389 -0.9985337 -2.59878e-6 -0.05414384 -0.9985333 4.94905e-6 -0.05414384 -0.9985333 2.40923e-6 0.05414384 -0.9985333 -4.94905e-6 0.05414384 -0.9985333 -2.40923e-6 -0.05414384 -0.9985333 2.59878e-6 0.05414384 -0.9985333 -2.59878e-6 0.05413371 -0.9985338 4.94719e-6 0.05413371 -0.9985338 2.38341e-6 0.1617867 -0.9868258 -4.94719e-6 0.1617868 -0.9868258 -2.38341e-6 0.05413389 -0.9985337 2.59878e-6 0.1617869 -0.9868258 -2.59878e-6 0.1617778 -0.9868273 4.9267e-6 0.1617778 -0.9868273 2.40923e-6 0.2675338 -0.9635486 -4.92763e-6 0.2675341 -0.9635485 -2.40923e-6 0.1617781 -0.9868273 2.59878e-6 0.2675341 -0.9635484 -2.59878e-6 0.2675235 -0.9635514 4.94719e-6 0.2675235 -0.9635514 2.38341e-6 0.3701427 -0.928975 -4.94719e-6 0.3701427 -0.928975 -2.38341e-6 0.2675235 -0.9635514 2.59878e-6 0.3701428 -0.928975 -2.59878e-6 0.3701335 -0.9289787 4.94439e-6 0.3701335 -0.9289787 2.39632e-6 0.4684128 -0.8835099 -4.94532e-6 0.4684134 -0.8835095 -2.39632e-6 0.3701341 -0.9289784 2.59878e-6 0.4684134 -0.8835095 -2.59878e-6 0.4684028 -0.883515 4.96488e-6 0.4684029 -0.8835151 2.38341e-6 0.5611901 -0.827687 -4.96581e-6 0.5611898 -0.8276872 -2.38341e-6 0.4684025 -0.8835152 2.59878e-6 0.5611898 -0.8276872 -2.59878e-6 0.5611826 -0.8276922 4.95277e-6 0.5611826 -0.8276922 2.38341e-6 0.6473898 -0.7621592 -4.95184e-6 0.6473894 -0.7621595 -2.38341e-6 0.5611822 -0.8276924 2.59878e-6 0.6473893 -0.7621595 -2.59878e-6 0.6473835 -0.7621644 4.95743e-6 0.6473835 -0.7621644 2.39632e-6 0.7259998 -0.6876949 -4.95743e-6 0.7259998 -0.6876949 -2.39632e-6 0.6473836 -0.7621645 2.59878e-6 0.7259998 -0.6876949 -2.59878e-6 0.7259914 -0.6877038 4.94812e-6 0.7259914 -0.6877037 2.38341e-6 0.7960956 -0.605171 -4.94719e-6 0.7960957 -0.6051709 -2.38341e-6 0.7259916 -0.6877036 2.59878e-6 0.7960957 -0.6051709 -2.59878e-6 0.7960898 -0.6051784 4.94625e-6 0.79609 -0.6051784 2.38341e-6 0.8568596 -0.5155499 -4.94625e-6 0.8568595 -0.5155499 -2.38341e-6 0.7960898 -0.6051784 2.59878e-6 0.8568596 -0.5155499 -2.59648e-6 0.8568791 -0.5155176 4.94439e-6 0.856879 -0.5155175 2.38341e-6 0.9075773 -0.4198852 -4.94812e-6 0.9075769 -0.4198861 -2.38131e-6 0.8568785 -0.5155184 2.59878e-6 0.9075768 -0.4198861 -2.59878e-6 0.9075742 -0.4198918 4.93601e-6 0.9075742 -0.4198918 2.39632e-6 0.9476554 -0.3192949 -4.93787e-6 0.9476556 -0.3192946 -2.39632e-6 0.9075743 -0.4198915 2.59878e-6 0.9476556 -0.3192946 -2.59878e-6 0.9476519 -0.3193055 4.93973e-6 0.9476519 -0.3193055 2.39632e-6 0.9766219 -0.2149648 -4.93973e-6 0.9766219 -0.2149648 -2.39632e-6 0.9476519 -0.3193055 2.59878e-6 0.9766219 -0.2149648 -2.59878e-6 0.9766189 -0.214978 4.94905e-6 0.9766189 -0.214978 2.38341e-6 0.9941383 -0.1081168 -4.94905e-6 0.9941383 -0.1081168 -2.38341e-6 0.9766189 -0.214978 2.59878e-6 0.9941383 -0.1081168 -2.59878e-6 0.9941377 -0.1081218 4.94625e-6 0.9941377 -0.1081218 2.38341e-6 1 7.1153e-6 -4.94625e-6 1 7.0408e-6 -2.38341e-6 0.9941377 -0.1081219 2.59878e-6 1 7.03335e-6 -2.59878e-6 1 -7.03335e-6 4.94625e-6 1 -7.0408e-6 2.38341e-6 0.9941377 0.1081219 -4.94625e-6 0.9941377 0.1081218 -2.38341e-6 1 -7.1153e-6 2.59878e-6 0.9941377 0.1081218 -2.59878e-6 0.9941383 0.1081168 4.94905e-6 0.9941383 0.1081168 2.38341e-6 0.9766189 0.214978 -4.94905e-6 0.9766189 0.214978 -2.38341e-6 0.9941383 0.1081168 2.59878e-6 0.9766189 0.214978 -2.59878e-6 0.976622 0.2149644 4.94532e-6 0.976622 0.2149644 2.39632e-6 0.947652 0.3193051 -4.94439e-6 0.9476519 0.3193055 -2.39632e-6 0.9766219 0.2149648 2.59878e-6 0.9476519 0.3193055 -2.59878e-6 0.9476554 0.3192949 4.95184e-6 0.9476554 0.3192949 2.40923e-6 0.9075742 0.4198918 -4.95277e-6 0.9075737 0.4198928 -2.40923e-6 0.9476551 0.319296 2.59878e-6 0.9075737 0.4198928 -2.59878e-6 0.9075777 0.4198842 4.9565e-6 0.9075777 0.4198842 2.3813e-6 0.8568796 0.5155167 -4.95091e-6 0.8568785 0.5155184 -2.38341e-6 0.9075768 0.4198861 2.59648e-6 0.8568785 0.5155184 -2.59878e-6 0.8568598 0.5155496 4.94812e-6 0.8568598 0.5155496 2.38341e-6 0.7960901 0.6051781 -4.94812e-6 0.7960901 0.6051781 -2.38341e-6 0.8568598 0.5155496 2.59878e-6 0.7960901 0.6051781 -2.59878e-6 0.7960951 0.6051716 4.94439e-6 0.7960951 0.6051716 2.3942e-6 0.726024 0.6876695 -4.93973e-6 0.7260239 0.6876695 -2.39632e-6 0.7960951 0.6051716 2.59648e-6 0.726024 0.6876695 -2.59878e-6 0.7259998 0.6876949 4.95557e-6 0.7259998 0.6876949 2.39632e-6 0.6473835 0.7621644 -4.95557e-6 0.6473832 0.7621647 -2.39632e-6 0.7259995 0.6876953 2.59878e-6 0.6473832 0.7621648 -2.59878e-6 0.6473902 0.7621588 4.95091e-6 0.6473902 0.7621588 2.38341e-6 0.5611831 0.8276917 -4.94905e-6 0.5611827 0.827692 -2.38341e-6 0.6473898 0.7621591 2.59878e-6 0.5611827 0.827692 -2.59878e-6 0.5611893 0.8276876 4.96674e-6 0.5611892 0.8276875 2.38131e-6 0.4684444 0.883493 -4.96767e-6 0.468404 0.8835145 -2.38341e-6 0.5611911 0.8276863 2.59878e-6 0.468404 0.8835145 -2.59878e-6 0.4684115 0.8835105 4.94625e-6 0.4684115 0.8835105 2.38342e-6 0.3701321 0.9289792 -4.94812e-6 0.3701353 0.928978 -2.38341e-6 0.4684144 0.8835089 2.59878e-6 0.3701353 0.928978 -2.59878e-6 0.3701424 0.9289751 4.94719e-6 0.3701424 0.9289751 2.38341e-6 0.2675232 0.9635515 -4.94719e-6 0.2675232 0.9635514 -2.38341e-6 0.3701424 0.9289751 2.59878e-6 0.2675232 0.9635515 -2.59878e-6 0.2675353 0.9635481 4.9267e-6 0.2675353 0.9635481 2.40923e-6 0.1617794 0.986827 -4.9267e-6 0.1617767 0.9868274 -2.40923e-6 0.2675328 0.9635488 2.59878e-6 0.1617767 0.9868274 -2.59878e-6 0.1617877 0.9868257 4.94812e-6 0.1617877 0.9868257 2.38341e-6 0.05413472 0.9985337 -4.94812e-6 0.0541349 0.9985337 -2.38341e-6 0.1617879 0.9868257 2.59878e-6 0.0541349 0.9985337 -2.59878e-6 0.05414384 0.9985333 4.94905e-6 0.05414384 0.9985333 2.40923e-6 -0.05414384 0.9985333 -4.94905e-6 -0.05414384 0.9985333 -2.40923e-6 0.05414384 0.9985333 2.59878e-6 -0.05414384 0.9985333 -2.59878e-6 -0.05413472 0.9985337 4.94812e-6 -0.05413472 0.9985337 2.38341e-6 -0.1617877 0.9868257 -4.94905e-6 -0.1617879 0.9868257 -2.38341e-6 -0.0541349 0.9985337 2.59878e-6 -0.1617879 0.9868257 -2.59878e-6 -0.1617764 0.9868275 4.92763e-6 -0.1617764 0.9868275 2.40923e-6 -0.2675325 0.9635489 -4.92763e-6 -0.2675356 0.963548 -2.40923e-6 -0.1617797 0.9868269 2.59878e-6 -0.2675356 0.963548 -2.59878e-6 -0.2675232 0.9635515 4.94719e-6 -0.2675232 0.9635514 2.38341e-6 -0.3701424 0.9289751 -4.94719e-6 -0.3701424 0.9289751 -2.38341e-6 -0.2675232 0.9635515 2.59878e-6 -0.3701424 0.9289751 -2.59878e-6 -0.3701347 0.9289782 4.94719e-6 -0.3701347 0.9289782 2.38341e-6 -0.4684138 0.8835092 -4.94625e-6 -0.4684121 0.8835102 -2.38342e-6 -0.3701326 0.9289789 2.59878e-6 -0.468412 0.8835102 -2.59878e-6 -0.4684044 0.8835143 4.96674e-6 -0.4684043 0.8835143 2.38342e-6 -0.5611914 0.8276861 -4.96674e-6 -0.5611889 0.8276878 -2.38131e-6 -0.4684441 0.8834933 2.59878e-6 -0.5611889 0.8276878 -2.59878e-6 -0.5611831 0.8276917 4.94998e-6 -0.561183 0.8276918 2.38341e-6 -0.6473902 0.7621588 -4.94998e-6 -0.6473898 0.7621591 -2.38341e-6 -0.5611827 0.827692 2.59878e-6 -0.6473898 0.7621591 -2.59878e-6 -0.6473835 0.7621644 4.95557e-6 -0.6473835 0.7621644 2.39632e-6 -0.7259998 0.6876949 -4.95557e-6 -0.7259995 0.6876953 -2.39632e-6 -0.6473832 0.7621648 2.59878e-6 -0.7259995 0.6876953 -2.59648e-6 -0.726024 0.6876695 4.93973e-6 -0.7260239 0.6876695 2.39632e-6 -0.7960951 0.6051716 -4.94439e-6 -0.7960951 0.6051716 -2.3942e-6 -0.726024 0.6876695 2.59878e-6 -0.7960951 0.6051716 -2.59878e-6 -0.7960901 0.6051781 4.94812e-6 -0.7960901 0.6051781 2.38341e-6 -0.8568598 0.5155496 -4.94812e-6 -0.8568598 0.5155496 -2.38341e-6 -0.7960901 0.6051781 2.59878e-6 -0.8568598 0.5155496 -2.59878e-6 -0.8568555 0.5155567 4.94346e-6 -0.8568555 0.5155567 2.39632e-6 -0.9075783 0.4198831 -4.94439e-6 -0.9075785 0.4198824 -2.39632e-6 -0.8568559 0.515556 2.59878e-6 -0.9075786 0.4198824 -2.59878e-6 -0.9075726 0.4198954 4.96209e-6 -0.9075726 0.4198954 -2.18466e-5 -0.9476542 0.3192986 -4.93787e-6 -0.9476547 0.3192973 2.99276e-5 -0.9075732 0.419894 2.59878e-6 -0.9476547 0.3192973 -2.59878e-6 -0.9476519 0.3193055 4.94439e-6 -0.9476519 0.3193055 2.39632e-6 -0.9766219 0.2149648 -4.94532e-6 -0.976622 0.2149644 -2.39632e-6 -0.947652 0.3193051 2.59878e-6 -0.976622 0.2149644 -2.59878e-6 -0.9766196 0.2149752 4.94532e-6 -0.9766196 0.2149752 2.39632e-6 -0.9941386 0.1081141 -4.94532e-6 -0.9941386 0.1081141 -2.39632e-6 -0.9766196 0.2149752 2.59878e-6 -0.9941386 0.1081141 -3.51295e-5 -0.9941393 0.1081069 -0.308987 -0.9496709 0.05150228 -3.5204e-5 -1 1.48059e-5 -4.35263e-5 -1 -1.07363e-5 -0.3090114 -0.9496639 0.05148351 -0.3090113 -0.9496639 -0.0514838 -3.51891e-5 -1 -1.44504e-5 -0.308987 -0.9496721 -0.05147939 -3.51295e-5 -0.9941393 -0.1081066 -2.62409e-5 -0.9941366 -0.1081312 -0.3089889 -0.9496704 -0.05149739 -0.3089979 -0.9385378 -0.1538413 -2.06567e-5 -0.9941365 -0.1081326 -0.3089726 -0.9385438 -0.1538552 -2.06381e-5 -0.9766234 -0.2149577 -4.42415e-5 -0.9766194 -0.2149758 -0.309012 -0.9385295 -0.1538641 -0.3090114 -0.9163952 -0.2544245 -2.09473e-5 -0.9766171 -0.2149864 -0.3089728 -0.9164068 -0.2544301 -2.04369e-5 -0.9476565 -0.3192915 -2.57641e-5 -0.9476509 -0.3193084 -0.3089891 -0.9163987 -0.2544394 -0.3089883 -0.8835217 -0.3520167 -1.56201e-5 -0.9476538 -0.3192998 -0.3089576 -0.88353 -0.3520228 -5.59539e-6 -0.9075792 -0.4198811 -4.27663e-5 -0.9075782 -0.419883 -0.3090013 -0.883516 -0.3520196 -0.3090199 -0.8402767 -0.4454682 -2.07722e-5 -0.9075698 -0.4199013 -0.3089725 -0.840288 -0.4454798 -2.05711e-5 -0.8568641 -0.5155425 -4.30047e-5 -0.8568635 -0.5155435 -0.309002 -0.8402792 -0.4454758 -0.309011 -0.787182 -0.5337198 -2.05301e-5 -0.8568486 -0.5155683 -0.308972 -0.7871957 -0.5337223 -2.00868e-5 -0.7960991 -0.6051664 -2.72691e-5 -0.7960931 -0.6051743 -0.3089998 -0.7871755 -0.5337358 -0.3089896 -0.7248771 -0.6156936 -2.04332e-5 -0.7960821 -0.6051887 -0.3089718 -0.7248747 -0.6157054 -1.9826e-5 -0.7260014 -0.6876932 -2.63005e-5 -0.725991 -0.6877043 -0.3089896 -0.7248647 -0.6157082 -0.3089891 -0.6540548 -0.6904623 -2.03326e-5 -0.7259816 -0.6877142 -0.3089713 -0.6540545 -0.6904705 -1.91554e-5 -0.6473913 -0.7621579 -2.5481e-5 -0.6473785 -0.7621688 -0.3089886 -0.6540429 -0.6904737 -0.3089886 -0.5755654 -0.7571331 -3.51891e-5 -0.6473743 -0.7621723 -0.3089869 -0.5755682 -0.7571317 -3.50252e-5 -0.5611963 -0.8276828 -3.995e-5 -0.561191 -0.8276863 -0.3090147 -0.5755491 -0.7571349 -0.3090158 -0.4904918 -0.8148173 -1.16378e-5 -0.5611722 -0.8276992 -0.3089644 -0.4904976 -0.8148333 -1.39028e-5 -0.4684162 -0.883508 -3.18885e-5 -0.4683968 -0.8835183 -0.3089957 -0.4904745 -0.8148353 -0.3089873 -0.3993529 -0.8631593 -1.9826e-5 -0.4683923 -0.8835206 -0.3089713 -0.3993505 -0.8631662 -1.91033e-5 -0.3701459 -0.9289736 -4.68791e-5 -0.3701338 -0.9289785 -0.3089736 -0.3993261 -0.8631767 -0.309014 -0.3036853 -0.9012689 -2.74442e-5 -0.3701237 -0.9289825 -0.308979 -0.3036867 -0.9012805 -2.71723e-5 -0.2675392 -0.963547 -4.57764e-5 -0.2675207 -0.9635521 -0.3090134 -0.303672 -0.9012736 -0.3090131 -0.2044579 -0.9288207 -2.0083e-5 -0.2675139 -0.963554 -0.3089718 -0.204462 -0.9288336 -1.97887e-5 -0.1617937 -0.9868247 -5.69671e-5 -0.1617758 -0.9868276 -0.3089827 -0.2044302 -0.9288369 -0.308982 -0.1028584 -0.9454894 -2.27615e-5 -0.1617676 -0.986829 -0.3089743 -0.1028383 -0.9454942 -2.25082e-5 -0.05415081 -0.9985328 -5.55068e-5 -0.05412817 -0.9985341 -0.3089723 -0.1028223 -0.9454965 -0.3089811 -2.59727e-5 -0.9510682 -2.27913e-5 -0.05412554 -0.9985342 -0.3089745 -1.12876e-5 -0.9510704 -2.27764e-5 0.05412548 -0.9985342 -5.5477e-5 0.05414956 -0.9985329 -0.3089723 6.83172e-6 -0.9510711 -0.3089811 0.1028029 -0.9454959 -1.88425e-5 0.05415076 -0.9985328 -0.3089707 0.1028161 -0.9454978 -1.90809e-5 0.1617676 -0.986829 -5.69671e-5 0.1617715 -0.9868283 -0.3089733 0.1028397 -0.9454943 -0.3089826 0.2044305 -0.9288369 -1.61603e-5 0.1617936 -0.9868246 -0.3089682 0.2044402 -0.9288396 -2.58833e-5 0.2675325 -0.9635488 -3.82662e-5 0.2675414 -0.9635465 -0.3090065 0.2044587 -0.9288227 -0.3090065 0.3036728 -0.9012758 -2.35103e-5 0.2675391 -0.963547 -0.3089753 0.3036657 -0.9012888 -2.3745e-5 0.3701237 -0.9289826 -6.18696e-5 0.3701297 -0.9289802 -0.3089777 0.3036901 -0.9012797 -0.3089871 0.3993248 -0.8631725 -1.91107e-5 0.3701459 -0.9289736 -0.3089712 0.3993301 -0.8631757 -2.92659e-5 0.4684094 -0.8835116 -4.6134e-5 0.468423 -0.8835043 -0.3090046 0.399333 -0.8631625 -0.3089728 0.4903112 -0.8149423 -2.01724e-5 0.4684181 -0.8835069 -0.308972 0.4903168 -0.8149393 -2.97651e-5 0.5611902 -0.8276869 -5.41955e-5 0.5611853 -0.8276903 -0.3089805 0.4903379 -0.8149232 -0.3089793 0.575531 -0.7571631 -5.7593e-6 0.5611962 -0.8276829 -0.3089578 0.575556 -0.7571528 -1.53631e-5 0.6473893 -0.7621595 -2.54959e-5 0.6473948 -0.7621548 -0.3089888 0.5755656 -0.757133 -0.3089973 0.6540271 -0.6904849 -3.2939e-5 0.6474071 -0.7621446 -0.3089877 0.6540532 -0.6904644 -4.35859e-5 0.7259806 -0.6877152 -2.86549e-5 0.7259948 -0.6877002 -0.3089905 0.6540625 -0.6904544 -0.3090009 0.7248566 -0.6157122 -1.90884e-5 0.7259975 -0.6876975 -0.3089717 0.7248735 -0.6157069 -2.98768e-5 0.7960903 -0.6051779 -4.71324e-5 0.7960973 -0.6051687 -0.309005 0.7248679 -0.6156967 -0.3089834 0.7871752 -0.5337457 -1.90474e-5 0.7960953 -0.6051713 -0.3089711 0.7871942 -0.5337249 -2.98545e-5 0.8568555 -0.5155569 -2.45124e-5 0.8568614 -0.515547 -0.3089882 0.7871885 -0.5337232 -0.3089879 0.8402739 -0.4454955 -1.10492e-5 0.8568601 -0.5155492 -0.3089695 0.8402873 -0.4454832 -2.13012e-5 0.9075758 -0.4198883 -4.32581e-5 0.9075819 -0.4198751 -0.3090113 0.8402765 -0.4454745 -0.3090118 0.8835106 -0.3520237 -1.0971e-5 0.9075773 -0.4198852 -0.30897 0.8835262 -0.3520215 -2.18377e-5 0.9476531 -0.319302 -2.5779e-5 0.9476578 -0.319288 -0.3089885 0.8835217 -0.3520164 -0.3089978 0.9163907 -0.2544571 -3.51109e-5 0.9476566 -0.3192915 -0.3089873 0.9164031 -0.2544257 -3.55616e-5 0.976617 -0.2149865 -4.38988e-5 0.976624 -0.2149547 -0.3090116 0.9163953 -0.2544243 -0.3090116 0.9385295 -0.1538641 -1.12988e-5 0.9766215 -0.2149661 -0.3089698 0.9385441 -0.153859 -2.14353e-5 0.994138 -0.1081193 -5.54025e-5 0.9941394 -0.1081063 -0.3089748 0.938546 -0.1538378 -0.3089751 0.9496741 -0.05151367 -3.5122e-5 0.9941397 -0.1081033 -0.3089866 0.949671 -0.05149877 -3.50624e-5 1 -1.11369e-5 -4.35263e-5 1 1.07363e-5 -0.3090114 0.9496639 -0.05148351 -0.3090113 0.9496639 0.0514838 -3.51146e-5 1 1.16788e-5 -0.3089867 0.9496724 0.05147683 -3.5055e-5 0.9941396 0.1081039 -5.54025e-5 0.994137 0.1081277 -0.3089752 0.949674 0.05151396 -0.3089747 0.938546 0.153838 -1.18986e-5 0.994136 0.1081367 -0.3089699 0.9385439 0.1538605 -1.14664e-5 0.9766219 0.2149643 -4.38988e-5 0.9766195 0.2149757 -0.3090118 0.9385294 0.1538643 -0.3090114 0.9163951 0.2544246 -2.07387e-5 0.9766172 0.2149859 -0.3089725 0.9164069 0.2544296 -2.02805e-5 0.9476568 0.3192912 -2.60919e-5 0.9476507 0.3193091 -0.3089894 0.9163984 0.2544398 -0.3089976 0.8835259 0.351998 -5.02542e-5 0.9476474 0.3193188 -0.3090013 0.8835166 0.3520179 -4.93526e-5 0.9075792 0.419881 -4.30495e-5 0.9075731 0.4198943 -0.3090118 0.8835107 0.3520236 -0.3090109 0.8402766 0.4454744 -4.95128e-5 0.9075675 0.4199065 -0.3090003 0.8402773 0.4454805 -3.93316e-5 0.8568713 0.5155305 -5.49108e-5 0.8568629 0.5155445 -0.3090067 0.8402772 0.4454763 -0.3089747 0.7872026 0.5337105 -2.99625e-5 0.8568552 0.5155574 -0.3089711 0.7871921 0.533728 -1.90884e-5 0.796095 0.6051717 -4.63873e-5 0.7960856 0.6051842 -0.308983 0.7871764 0.5337442 -0.3090042 0.7248694 0.6156953 -3.01488e-5 0.7960895 0.6051791 -0.3089718 0.7248705 0.6157104 -1.91629e-5 0.7259964 0.6876985 -2.87443e-5 0.7259974 0.6876975 -0.3090012 0.7248559 0.6157128 -0.3089905 0.6540618 0.690455 -1.5229e-5 0.7259945 0.6877005 -0.3090024 0.6540471 0.6904637 -4.75869e-5 0.6474066 0.7621448 -2.53022e-5 0.647379 0.7621684 -0.3089885 0.6540434 0.6904733 -0.3089885 0.575566 0.7571327 -1.5229e-5 0.64739 0.7621589 -0.3089576 0.5755746 0.7571387 -1.52141e-5 0.561181 0.8276932 -5.43147e-5 0.5611888 0.8276879 -0.3090116 0.5755563 0.7571307 -0.3089805 0.4903375 0.8149235 -2.0206e-5 0.5611751 0.8276972 -0.308972 0.4903369 0.8149271 -2.01538e-5 0.4684191 0.8835064 -4.64022e-5 0.4684027 0.8835151 -0.308973 0.4903095 0.8149432 -0.3090135 0.3993477 0.8631525 -2.7094e-5 0.468393 0.8835202 -0.3089786 0.3993504 0.8631638 -2.64272e-5 0.3701468 0.9289733 -4.68791e-5 0.3701328 0.9289789 -0.3089736 0.3993253 0.8631772 -0.3090141 0.3036844 0.9012692 -3.48389e-5 0.3701224 0.928983 -0.3089864 0.3036848 0.9012786 -3.44887e-5 0.267538 0.9635474 -4.57466e-5 0.2675226 0.9635517 -0.3089723 0.3036585 0.9012923 -0.309013 0.2044597 0.9288204 -1.27889e-5 0.2675142 0.963554 -0.3089647 0.2044628 0.9288358 -2.19643e-5 0.1617748 0.9868278 -5.7146e-5 0.1617733 0.986828 -0.3089739 0.2044472 0.9288362 -0.3089823 0.1028558 0.9454897 -1.87755e-5 0.161772 0.9868282 -0.3089707 0.1028428 0.9454949 -1.90511e-5 0.05415529 0.9985326 -5.53876e-5 0.05412477 0.9985343 -0.3089722 0.1028188 0.945497 -0.3089812 2.25268e-5 0.9510682 -2.55071e-5 0.05412548 0.9985342 -0.3089771 1.12727e-5 0.9510695 -2.54884e-5 -0.05412548 0.9985342 -5.53876e-5 -0.05414623 0.998533 -0.3089813 -2.28141e-5 0.9510682 -0.3089809 -0.1027994 0.9454963 -1.99787e-5 -0.05415529 0.9985326 -0.3089716 -0.1028203 0.945497 -1.9677e-5 -0.161772 0.9868282 -5.71311e-5 -0.1617945 0.9868246 -0.3089824 -0.102856 0.9454897 -0.3089826 -0.2044278 0.9288375 -1.80341e-5 -0.1617939 0.9868246 -0.3089701 -0.2044403 0.9288389 -2.7746e-5 -0.2675328 0.9635488 -4.57466e-5 -0.2675432 0.963546 -0.3090131 -0.20446 0.9288203 -0.3089722 -0.3036587 0.9012922 -3.0838e-5 -0.2675378 0.9635474 -0.3089828 -0.3036637 0.901287 -3.11658e-5 -0.3701224 0.928983 -4.68791e-5 -0.3701528 0.9289709 -0.3090053 -0.3036671 0.901278 -0.3089735 -0.3993255 0.8631771 -1.90958e-5 -0.3701468 0.9289734 -0.3089712 -0.3993309 0.8631754 -2.92212e-5 -0.4684102 0.8835111 -6.47754e-5 -0.4684177 0.8835073 -0.3089736 -0.3993572 0.8631623 -0.308991 -0.4904603 0.8148456 -6.63474e-6 -0.4684115 0.8835105 -0.3090033 -0.4904895 0.8148233 -1.45659e-5 -0.5611838 0.8276913 -5.47618e-5 -0.5611897 0.8276873 -0.3089791 -0.4905011 0.8148256 -0.3089869 -0.5755407 0.7571526 -3.5055e-5 -0.5611971 0.8276822 -0.3089869 -0.5755509 0.7571449 -3.50401e-5 -0.647375 0.7621717 -2.53022e-5 -0.6473954 0.7621544 -0.3089886 -0.5755662 0.7571325 -0.3089972 -0.6540275 0.6904844 -1.91592e-5 -0.6473906 0.7621584 -0.3089714 -0.6540564 0.6904687 -2.98917e-5 -0.7259944 0.6877006 -2.64049e-5 -0.7260053 0.6876891 -0.3089894 -0.6540544 0.6904625 -0.3089985 -0.7248497 0.6157215 -2.72393e-5 -0.7260004 0.6876944 -0.3089792 -0.7248741 0.6157024 -3.74764e-5 -0.7960928 0.6051746 -2.65986e-5 -0.7960917 0.605176 -0.3089891 -0.7248789 0.6156918 -0.3089993 -0.7871772 0.5337338 -2.01389e-5 -0.7960988 0.6051668 -0.308972 -0.7871827 0.5337414 -3.01152e-5 -0.8568583 0.5155522 -2.54959e-5 -0.8568605 0.5155484 -0.3089889 -0.7871876 0.5337243 -0.3089883 -0.8402732 0.4454966 -5.77793e-6 -0.8568645 0.5155419 -0.3089577 -0.8402821 0.4455012 -1.53407e-5 -0.9075784 0.4198827 -4.26322e-5 -0.9075766 0.4198865 -0.309011 -0.8402704 0.4454862 -0.3090099 -0.8835065 0.3520359 -3.37586e-5 -0.9075864 0.4198655 -0.3089886 -0.8835205 0.3520194 -4.41819e-5 -0.9476459 0.3193232 -2.61068e-5 -0.9476575 0.3192887 -0.3089888 -0.8835214 0.3520169 -0.3089892 -0.9163985 0.2544396 -5.63636e-6 -0.9476566 0.3192913 -0.3089579 -0.9164124 0.2544277 -1.5527e-5 -0.9766214 0.2149668 -4.42266e-5 -0.976624 0.2149549 -0.3090115 -0.9163953 0.2544243 -0.3090119 -0.9385296 0.1538639 -2.06418e-5 -0.9766234 0.2149577 -0.3089727 -0.9385402 0.1538774 -2.0653e-5 -0.9941365 0.1081327 -2.62558e-5 -0.994139 0.1081098 -0.3089892 -0.9385375 0.1538606 -0.3089976 -0.9496666 0.05151635 -1 -3.69772e-5 5.7444e-6 -0.9510666 -0.3085331 -0.01672327 -1 -3.4675e-5 -1.02678e-5 -1 -2.66507e-5 8.44896e-6 -0.9510736 -0.3085123 -0.01670879 -0.9510737 -0.3085123 0.01670938 -1 -3.48538e-5 7.37607e-6 -0.9510666 -0.3085328 0.01672971 -1 -3.70145e-5 -6.68596e-6 -1 -3.77148e-5 1.15559e-5 -0.9510701 -0.3085212 0.01674592 -0.9510697 -0.3049061 0.04998749 -1 -5.0053e-5 1.14106e-5 -0.9510651 -0.3049218 0.04997926 -1 -4.98593e-5 4.18164e-6 -1 -5.61997e-5 1.53407e-5 -0.9510625 -0.3049275 0.04999601 -0.9510642 -0.2977331 0.08265542 -1 -4.70728e-5 3.00482e-5 -0.9510704 -0.2977156 0.08264744 -1 -4.8995e-5 2.32272e-5 -1 -1.93417e-5 1.97962e-5 -0.9510728 -0.2977011 0.08267259 -0.9510729 -0.287029 0.1143453 -1 -2.68966e-5 7.62194e-6 -0.9510731 -0.2870237 0.1143572 -1 -2.39313e-5 1.22637e-5 -1 -4.82276e-5 2.7962e-5 -0.9510622 -0.287055 0.114369 -0.9510625 -0.2730099 0.1447265 -1 -4.18872e-5 2.58684e-5 -0.951064 -0.2730005 0.1447349 -1 -4.84288e-5 1.46478e-5 -1 -5.68479e-6 2.15545e-5 -0.9510732 -0.2729743 0.1447234 -0.9510733 -0.2557221 0.1733953 -1 -3.01674e-5 2.45571e-5 -0.9510681 -0.2557379 0.1734004 -1 -2.72095e-5 3.02196e-5 -1 -5.21541e-6 1.43796e-5 -0.951072 -0.2557282 0.1733928 -0.9510729 -0.2354767 0.2000275 -1 -3.89293e-5 2.80999e-5 -0.95107 -0.2354897 0.2000267 -1 -3.76999e-5 3.22163e-5 -1 -4.33773e-5 3.71039e-5 -0.951072 -0.2354732 0.2000364 -0.9510711 -0.2124814 0.2243109 -1 -2.12193e-5 2.7474e-6 -0.9510749 -0.2124773 0.224299 -1 -3.89665e-6 1.38879e-5 -1 -2.53171e-5 2.86102e-5 -0.9510754 -0.2124601 0.2243133 -0.9510603 -0.1869943 0.2460028 -1 -3.80185e-5 4.07733e-5 -0.9510743 -0.1869708 0.245967 -1 -3.23877e-5 4.61936e-5 -1 -1.2856e-5 1.99378e-5 -0.9510602 -0.1869895 0.2460073 -0.9510746 -0.1595007 0.2646067 -1 -4.84521e-6 3.17805e-5 -0.951062 -0.1595041 0.26465 -0.951062 -0.1297465 0.2804409 -0.9510476 -0.1297736 0.280477 -0.9510472 -0.1595309 0.2646872 -0.8090386 -0.3033085 0.5034487 -0.9510477 -0.1297655 0.2804807 -0.8090419 -0.3032972 0.5034502 -0.809043 -0.246802 0.5334212 -0.8090109 -0.2468085 0.5334671 -0.8089859 -0.3033286 0.5035213 -0.5878226 -0.4173418 0.6930298 -0.8089999 -0.2468064 0.5334848 -0.5878145 -0.4173396 0.6930382 -0.5878164 -0.3397099 0.7342133 -0.5877522 -0.3397133 0.7342631 -0.587755 -0.4173441 0.6930859 -0.3090378 -0.4904751 0.8148189 -0.5877435 -0.3397333 0.7342608 -0.3090761 -0.4904652 0.8148103 -0.3090339 -0.3993418 0.8631479 -0.9510706 -0.3085208 -0.01672452 -1 -3.95253e-5 9.90927e-7 -0.9510689 -0.3049126 -0.04996341 -0.9510645 -0.3049217 -0.04999041 -1 -5.11408e-5 -1.29193e-5 -1 -5.2467e-5 -2.6077e-7 -0.951062 -0.3049323 -0.04997652 -1 -1.09226e-5 -1.49421e-5 -0.9510629 -0.2977374 -0.0826556 -0.9510691 -0.2977195 -0.08264821 -1 -5.52535e-5 -1.96211e-5 -1 -5.11855e-5 -2.86624e-5 -0.9510732 -0.2977058 -0.08265 -1 -2.3745e-5 -5.98654e-6 -0.9510733 -0.2870206 -0.1143627 -0.9510738 -0.2870241 -0.1143497 -1 -2.22325e-5 -1.28299e-5 -1 -2.32533e-5 -8.08388e-6 -0.9510617 -0.2870519 -0.1143805 -1 -5.3212e-5 -2.23853e-5 -0.9510614 -0.2730126 -0.1447285 -0.9510639 -0.2729987 -0.1447389 -1 -4.4331e-5 -1.82688e-5 -1 -4.40404e-5 -2.36332e-5 -0.9510722 -0.272973 -0.1447326 -1 -1.56462e-5 -1.20364e-5 -0.9510715 -0.255741 -0.173377 -0.9510672 -0.25574 -0.173402 -1 -3.25739e-5 -2.59504e-5 -1 -3.27602e-5 -2.7284e-5 -0.9510713 -0.2557384 -0.1733817 -1 -1.92523e-5 -3.61539e-6 -0.9510708 -0.2354923 -0.2000191 -0.9510672 -0.2354989 -0.2000289 -1 -4.31389e-5 -3.94136e-5 -1 -4.06355e-5 -4.18574e-5 -0.9510732 -0.235486 -0.2000154 -1 -4.76949e-5 -2.79434e-5 -0.9510719 -0.2124941 -0.2242957 -0.9510639 -0.212496 -0.224328 -1 -3.73945e-5 -3.32668e-5 -1 -1.85072e-5 -4.84288e-5 -0.9510761 -0.2124763 -0.2242949 -1 -2.07648e-5 -3.03444e-5 -0.9510606 -0.1870124 -0.2459881 -0.951074 -0.1869735 -0.2459658 -1 -3.43844e-5 -4.43459e-5 -1 -3.79905e-5 -4.33624e-5 -0.9510612 -0.1870072 -0.2459896 -1 -1.59079e-5 -1.44849e-5 -0.9510607 -0.1595286 -0.2646399 -0.9510663 -0.159509 -0.2646316 -1 -6.81728e-6 -1.39996e-5 -0.9510666 -0.1297397 -0.2804281 -0.9510509 -0.1595157 -0.2646827 -0.9510494 -0.1297562 -0.2804793 -0.8090434 -0.3033041 -0.5034437 -0.8090407 -0.3033128 -0.5034428 -0.9510458 -0.129767 -0.2804863 -0.8090407 -0.2467848 -0.5334327 -0.8090077 -0.3033262 -0.5034878 -0.8090071 -0.2468168 -0.5334689 -0.5878146 -0.4173388 -0.6930385 -0.5878142 -0.417334 -0.6930418 -0.8090046 -0.2468281 -0.5334677 -0.587821 -0.3396931 -0.7342175 -0.5877428 -0.417366 -0.6930829 -0.5877488 -0.3397164 -0.7342644 -0.3090733 -0.4904481 -0.8148217 -0.3090678 -0.490455 -0.8148196 -0.5877753 -0.3397084 -0.7342469 -0.3090686 -0.3993478 -0.8631327 -1 -2.59876e-5 -2.95937e-5 -1 -1.14534e-5 -3.7842e-5 -0.9510606 -0.1297472 -0.2804451 -0.9510622 -0.1297465 -0.2804398 -1 -7.33882e-6 -2.93553e-5 -0.9510621 -0.09866845 -0.2928232 -0.9510462 -0.1297603 -0.2804879 -0.9510467 -0.09868133 -0.2928692 -0.8090439 -0.1876702 -0.5569811 -0.8090319 -0.1876632 -0.5570011 -0.9510396 -0.0986911 -0.292889 -0.8090327 -0.1263562 -0.5740213 -0.8089956 -0.1876792 -0.5570482 -0.8089956 -0.1263839 -0.5740674 -0.5878349 -0.173906 -0.7900676 -0.5878195 -0.1738957 -0.7900815 -0.8089872 -0.1263551 -0.5740857 -0.5878211 -0.08747613 -0.8042477 -0.5877659 -0.1739041 -0.7901194 -0.5877645 -0.08748084 -0.8042885 -0.3090531 -0.1028431 -0.9454679 -0.3090454 -0.1028123 -0.9454738 -0.5877561 -0.08746922 -0.804296 -0.3090494 -1.57394e-6 -0.9510461 -1 -1.08294e-5 -4.77135e-5 -1 -2.19941e-5 -4.40199e-5 -0.9510729 -0.09865796 -0.2927917 -0.9510612 -0.09867227 -0.2928248 -1 -8.67993e-6 -3.96892e-5 -0.9510759 -0.06642746 -0.301732 -0.9510452 -0.09867691 -0.292875 -0.9510458 -0.06644231 -0.3018236 -0.8090424 -0.1263521 -0.5740084 -0.8090351 -0.1263409 -0.5740212 -0.9510413 -0.06644779 -0.3018363 -0.8090361 -0.06355392 -0.5843129 -0.8089868 -0.1263477 -0.5740878 -0.8089866 -0.06357192 -0.5843796 -0.5878172 -0.08748507 -0.8042495 -0.5878185 -0.08745235 -0.8042522 -0.8089863 -0.06354361 -0.5843831 -0.5878198 -7.75326e-6 -0.8089919 -0.5877627 -0.08745712 -0.8042924 -0.5877614 -8.43033e-6 -0.8090344 -0.3090491 -1.65887e-5 -0.9510462 -0.3090535 1.43386e-5 -0.9510447 -0.5877631 3.33041e-6 -0.8090332 -0.3090571 0.1028248 -0.9454686 -1 -7.55861e-6 -3.23057e-5 -1 7.28667e-6 -3.59416e-5 -0.9510673 -0.06642341 -0.3017601 -0.9510737 -0.06641304 -0.3017423 -1 -1.64211e-5 -5.25415e-5 -0.9510737 -0.03341388 -0.3071523 -0.9510487 -0.06643384 -0.3018159 -0.9510493 -0.03342014 -0.307227 -0.8090493 -0.06355112 -0.5842948 -0.80905 -0.0635367 -0.5842956 -0.9510493 -0.03342235 -0.3072268 -0.8090504 -5.20237e-6 -0.5877394 -0.8089871 -0.06353801 -0.5843825 -0.808987 -1.74977e-5 -0.5878266 -0.5878179 -1.85184e-5 -0.8089934 -0.5878185 1.48565e-5 -0.8089929 -0.8089863 1.11721e-5 -0.5878276 -0.5878199 0.08745926 -0.8042504 -0.587755 1.41487e-5 -0.809039 -0.5877533 0.0874629 -0.8042987 -0.3090396 0.1028088 -0.9454761 -0.3090418 0.102836 -0.9454724 -0.5877592 0.0874952 -0.8042909 -0.3090465 0.2044413 -0.9288133 -1 6.81914e-6 -4.02331e-5 -1 -1.44392e-5 -3.71821e-5 -0.9510599 -0.03339397 -0.307197 -0.9510612 -0.03340423 -0.3071917 -1 -4.71994e-6 -5.19752e-5 -0.951061 -1.57729e-5 -0.3090032 -0.9510441 -0.03341454 -0.3072436 -0.9510444 -9.47528e-6 -0.3090543 -0.8090401 -7.69645e-6 -0.5877536 -0.8090336 1.35712e-5 -0.5877624 -0.9510405 -4.14997e-6 -0.3090665 -0.8090342 0.06354558 -0.5843164 -0.8089835 1.81044e-5 -0.5878316 -0.8090105 0.06354582 -0.5843493 -0.5878124 0.08745026 -0.8042569 -0.5878041 0.08748018 -0.8042596 -0.8090033 0.06354999 -0.5843588 -0.5878067 0.1738994 -0.7900902 -0.5877693 0.08748883 -0.8042842 -0.5877741 0.1738893 -0.7901166 -0.3090574 0.2044333 -0.9288114 -0.3090646 0.2044617 -0.9288027 -0.5877724 0.1739208 -0.7901108 -0.3090678 0.3036694 -0.9012558 -1 -3.04217e-6 -4.64916e-5 -1 -1.28821e-5 -4.62048e-5 -0.9510698 4.68269e-6 -0.3089764 -0.9510636 9.6187e-6 -0.3089951 -1 5.96791e-6 -4.89652e-5 -0.9510636 0.03340631 -0.307184 -0.9510514 -2.72272e-6 -0.3090329 -0.9510519 0.03340274 -0.3072206 -0.8090268 0.06354814 -0.5843264 -0.8090376 0.06356233 -0.58431 -0.9510425 0.03341269 -0.3072488 -0.8090377 0.1263495 -0.5740157 -0.8089901 0.06357324 -0.5843746 -0.8089901 0.126349 -0.5740829 -0.587822 0.1738926 -0.7900803 -0.5878186 0.1739255 -0.7900756 -0.8089863 0.1263778 -0.5740817 -0.5878199 0.258306 -0.7666459 -0.5877684 0.1739318 -0.7901116 -0.5877672 0.2583166 -0.7666826 -0.3090562 0.3036546 -0.9012649 -0.309034 0.3036839 -0.9012625 -0.5877463 0.258331 -0.7666938 -0.3090388 0.3993322 -0.8631506 -1 -1.65775e-7 -2.16812e-5 -1 1.81049e-6 -2.16663e-5 -0.9510636 0.03340196 -0.3071846 -0.9510712 0.0334236 -0.3071589 -1 4.88386e-6 -2.82824e-5 -0.951071 0.06640148 -0.3017531 -0.9510468 0.03343605 -0.3072332 -0.9510456 0.06642222 -0.3018284 -0.8090448 0.1263578 -0.5740035 -0.8090305 0.1263652 -0.5740223 -0.9510387 0.06643801 -0.3018465 -0.809031 0.1876715 -0.5569993 -0.8089871 0.1263826 -0.5740797 -0.8089869 0.1876783 -0.5570611 -0.5878177 0.2582949 -0.7666513 -0.5878327 0.2583271 -0.766629 -0.8089967 0.1876845 -0.5570448 -0.5878039 0.3397027 -0.7342267 -0.5877662 0.2583149 -0.7666841 -0.5877727 0.3396981 -0.7342537 -0.3090624 0.3993198 -0.8631479 -0.309049 0.3993515 -0.863138 -0.5877587 0.3397142 -0.7342574 -0.3090514 0.4903189 -0.8149077 -1 2.06158e-5 -4.56572e-5 -1 3.76254e-6 -4.92856e-5 -0.9510744 0.06641829 -0.3017384 -0.9510699 0.0664314 -0.3017499 -1 4.27104e-6 -3.65078e-5 -0.9510697 0.09864306 -0.2928071 -0.9510465 0.06645447 -0.3018185 -0.9510453 0.09866225 -0.2928799 -0.8090423 0.1876537 -0.556989 -0.80903 0.1876885 -0.556995 -0.9510385 0.09868347 -0.2928948 -0.8090308 0.2467941 -0.5334435 -0.808991 0.18771 -0.5570446 -0.808991 0.2468053 -0.5334986 -0.5878233 0.3396714 -0.7342255 -0.5878256 0.3397037 -0.7342088 -0.808988 0.246814 -0.5334992 -0.5878264 0.4170744 -0.6931877 -0.587754 0.339717 -0.73426 -0.5877516 0.417093 -0.6932398 -0.3090381 0.4902998 -0.8149243 -0.3090615 0.4903323 -0.8148958 -0.5877692 0.417107 -0.6932167 -0.3090549 0.5755301 -0.7571329 -1 1.09524e-6 -2.20239e-5 -1 -4.09782e-6 -2.29701e-5 -0.9510761 0.0986486 -0.2927848 -0.9510614 0.09866189 -0.292828 -1 6.43823e-6 -1.74791e-5 -0.9510613 0.1297428 -0.280445 -0.9510524 0.09869366 -0.2928459 -0.9510517 0.129746 -0.2804763 -0.8090264 0.2467942 -0.5334501 -0.809041 0.246789 -0.5334302 -0.951043 0.1297724 -0.2804929 -0.8090357 0.3030015 -0.5036382 -0.8089915 0.246837 -0.5334832 -0.8089916 0.3030406 -0.5036854 -0.5878241 0.4170638 -0.6931959 -0.5878276 0.417091 -0.6931766 -0.8089894 0.3030459 -0.5036857 -0.587828 0.4895735 -0.6440311 -0.5877618 0.417113 -0.6932193 -0.5877603 0.4895995 -0.6440732 -0.3090479 0.5755356 -0.7571315 -0.3090558 0.5755596 -0.7571102 -0.587765 0.4896078 -0.6440625 -0.3090599 0.6540313 -0.6904529 -1 1.23046e-5 -2.83122e-5 -1 1.29566e-5 -2.86177e-5 -0.9510687 0.1297442 -0.2804191 -0.9510601 0.1297483 -0.2804464 -1 1.67256e-5 -1.72704e-5 -0.951075 0.1592683 -0.2647456 -0.9510505 0.1297575 -0.2804745 -0.9510511 0.1593145 -0.2648035 -0.809053 0.3030013 -0.5036106 -0.8090381 0.3030208 -0.5036228 -0.9510413 0.1593445 -0.2648203 -0.8090347 0.3557039 -0.4679078 -0.8089846 0.3030701 -0.5036791 -0.8090116 0.3557096 -0.4679432 -0.587819 0.4895825 -0.6440325 -0.5878003 0.4895945 -0.6440405 -0.8090007 0.3557201 -0.4679541 -0.5878094 0.5563564 -0.5873225 -0.5877689 0.4896174 -0.6440517 -0.587768 0.5563655 -0.5873554 -0.3090568 0.6540223 -0.6904627 -0.3090713 0.6540462 -0.6904335 -0.5877469 0.556397 -0.5873466 -0.3090328 0.7248514 -0.6157023 -1 5.56558e-6 -2.07722e-5 -1 8.24034e-6 -1.88425e-5 -0.951071 0.1592872 -0.264748 -0.9510688 0.1592912 -0.2647539 -1 2.47557e-5 -3.52413e-5 -0.9510688 0.186975 -0.2459846 -0.9510413 0.1593415 -0.2648223 -0.9510419 0.187022 -0.246053 -0.8090358 0.355696 -0.4679119 -0.8090333 0.3557136 -0.4679027 -0.9510402 0.187039 -0.2460466 -0.8090336 0.4042052 -0.4267117 -0.8090094 0.3557267 -0.4679342 -0.8090092 0.4042249 -0.4267395 -0.5878103 0.5563378 -0.5873393 -0.5878053 0.5563594 -0.5873237 -0.809004 0.4042302 -0.4267441 -0.5878076 0.616582 -0.523745 -0.5877407 0.5563861 -0.5873631 -0.5877478 0.6166122 -0.5237768 -0.3090765 0.724837 -0.6156973 -0.3090311 0.724871 -0.6156799 -0.5877502 0.6166322 -0.5237506 -0.309041 0.7871806 -0.5337045 -1 1.78963e-5 -1.93641e-5 -1 1.01179e-5 -2.55704e-5 -0.9510712 0.1869729 -0.245977 -0.9510702 0.1869828 -0.2459735 -1 2.7081e-5 -2.52575e-5 -0.9510707 0.2124773 -0.2243168 -0.9510421 0.1870456 -0.2460345 -0.951043 0.2125341 -0.2243804 -0.8090372 0.4042056 -0.4267044 -0.8090444 0.4042071 -0.4266895 -0.9510473 0.2125388 -0.2243581 -0.8090457 0.4479482 -0.3805097 -0.8090062 0.404237 -0.4267337 -0.8090032 0.4480023 -0.3805362 -0.5878076 0.6165815 -0.5237456 -0.5878234 0.6165942 -0.523713 -0.8089933 0.4480248 -0.3805308 -0.5878329 0.6695865 -0.4539895 -0.5877637 0.6166059 -0.5237662 -0.5877701 0.6696203 -0.4540209 -0.3090596 0.7871587 -0.5337259 -0.309042 0.7871752 -0.5337119 -0.5877463 0.669648 -0.4540109 -0.3090364 0.8402702 -0.445469 -1 2.09808e-5 -2.96608e-5 -1 2.99215e-5 -2.02805e-5 -0.9510735 0.2124675 -0.2243141 -0.9510696 0.2124911 -0.2243081 -1 2.92808e-5 -2.19569e-5 -0.9510693 0.2354805 -0.2000405 -0.9510409 0.2125507 -0.2243735 -0.9510416 0.2355487 -0.2000917 -0.8090348 0.4479725 -0.3805041 -0.8090515 0.4479621 -0.3804808 -0.9510511 0.2355387 -0.2000584 -0.8090533 0.486453 -0.329843 -0.8089988 0.4480166 -0.3805286 -0.808999 0.4865141 -0.3298859 -0.5878347 0.669574 -0.4540055 -0.5878282 0.6696019 -0.4539729 -0.8089897 0.486532 -0.3298824 -0.5878282 0.7147493 -0.3789347 -0.5877466 0.6696417 -0.4540199 -0.5877436 0.7147947 -0.3789804 -0.309036 0.8402642 -0.4454807 -0.3090566 0.8402673 -0.4454606 -0.5877652 0.7147926 -0.3789506 -0.3090593 0.8834978 -0.3520142 -1 3.26857e-5 -4.1984e-5 -1 3.67314e-5 -3.85009e-5 -0.9510765 0.2354676 -0.2000212 -0.9510728 0.235482 -0.2000223 -1 1.73543e-5 -1.73003e-5 -0.951072 0.2557271 -0.173395 -0.9510391 0.235567 -0.2000822 -0.9510398 0.255805 -0.1734567 -0.8090313 0.4864888 -0.329844 -0.8090353 0.4864913 -0.3298307 -0.9510414 0.2558071 -0.1734454 -0.8090357 0.5192922 -0.2753125 -0.8090085 0.4865176 -0.3298575 -0.8090083 0.5193238 -0.2753335 -0.5878141 0.7147611 -0.3789343 -0.5878075 0.7147695 -0.3789287 -0.8090056 0.5193302 -0.2753295 -0.5878089 0.7515392 -0.2994488 -0.587756 0.7147998 -0.3789516 -0.5877541 0.7515738 -0.2994697 -0.3090478 0.8835009 -0.3520166 -0.3090546 0.8835018 -0.3520082 -0.5877641 0.7515721 -0.2994543 -0.3090587 0.9163761 -0.2544359 -1 2.56002e-5 -2.11671e-5 -1 3.35425e-5 -9.37469e-6 -0.9510644 0.255743 -0.1734135 -0.9510645 0.2557525 -0.1733988 -1 4.17959e-5 -2.11895e-5 -0.9510635 0.2729929 -0.144752 -0.9510397 0.2558118 -0.1734471 -0.9510402 0.2730538 -0.1447898 -0.8090329 0.5192928 -0.2753198 -0.8090351 0.5193008 -0.2752982 -0.9510412 0.2730613 -0.1447701 -0.8090352 0.5460155 -0.217553 -0.8089846 0.5193623 -0.2753303 -0.8089845 0.5460735 -0.2175959 -0.5878145 0.7515309 -0.2994589 -0.5878054 0.7515477 -0.2994343 -0.8090045 0.5460528 -0.2175732 -0.587814 0.7795119 -0.216416 -0.5877627 0.7515708 -0.2994602 -0.5877691 0.7795395 -0.216439 -0.3090575 0.9163755 -0.2544396 -0.3090555 0.9163835 -0.2544129 -0.5877646 0.779545 -0.2164315 -0.309059 0.938515 -0.1538579 -1 1.79112e-5 1.39326e-6 -1 1.31279e-5 -6.30878e-6 -0.9510701 0.2729843 -0.1447253 -0.9510602 0.2730087 -0.1447439 -1 4.72646e-5 -2.74628e-5 -0.9510603 0.2870569 -0.1143799 -0.9510397 0.2730783 -0.1447471 -0.9510535 0.2870725 -0.1143976 -0.8090301 0.5460195 -0.2175619 -0.809052 0.5459994 -0.2175302 -0.9510514 0.2870866 -0.114379 -0.8090261 0.5663457 -0.157256 -0.8089858 0.5460879 -0.2175543 -0.8089894 0.5663886 -0.1572902 -0.5878162 0.7795038 -0.2164393 -0.5878199 0.7795131 -0.2163956 -0.8089947 0.5663927 -0.1572483 -0.5878353 0.7983223 -0.1308865 -0.5877553 0.7795546 -0.2164219 -0.5877542 0.7983811 -0.1308925 -0.3090402 0.9385184 -0.1538746 -0.3090732 0.938513 -0.1538415 -0.587749 0.7983887 -0.1308697 -0.3090354 0.9496552 -0.0514993 -1 2.1562e-5 1.2964e-6 -1 1.75685e-5 -1.02362e-5 -0.951072 0.2870234 -0.1143661 -0.951062 0.2870522 -0.1143773 -1 4.21321e-5 -1.00434e-5 -0.9510616 0.2977349 -0.08267986 -0.9510431 0.2871106 -0.1143877 -0.9510439 0.2977873 -0.08269339 -0.8090394 0.5663316 -0.1572384 -0.8090336 0.5663415 -0.1572324 -0.9510406 0.2977991 -0.08269029 -0.8090347 0.5800173 -0.09509414 -0.8089943 0.5663956 -0.15724 -0.8089943 0.5800705 -0.09511303 -0.587828 0.7983261 -0.1308957 -0.5878058 0.7983464 -0.1308726 -0.8090044 0.5800619 -0.09508001 -0.5878053 0.8078166 -0.04378759 -0.5877593 0.798381 -0.1308699 -0.5877632 0.8078449 -0.04382848 -0.3090444 0.9496521 -0.05150246 -0.3090554 0.9496501 -0.05147457 -0.5877646 0.8078458 -0.04379677 -0.3090592 0.9496482 0.05148714 -1 4.3422e-5 0 -1 4.36306e-5 1.40443e-6 -0.9510724 0.2977089 -0.08264821 -0.951063 0.2977331 -0.08266901 -1 3.20503e-5 -7.71508e-6 -0.951063 0.3049272 -0.04998576 -0.9510425 0.2977966 -0.08267694 -0.9510432 0.3049843 -0.05001401 -0.8090381 0.5800138 -0.09508675 -0.8090261 0.5800322 -0.09507697 -0.9510511 0.3049613 -0.05000638 -0.8090268 0.5869097 -0.03182435 -0.8089994 0.5800677 -0.09508812 -0.808999 0.5869479 -0.0318287 -0.5878009 0.8078196 -0.04379147 -0.5878273 0.8078015 -0.04377043 -0.8089925 0.5869572 -0.03182202 -0.5878295 0.8077995 0.04377728 -0.5877701 0.8078424 -0.04378563 -0.5877687 0.8078431 0.04379129 -0.3090578 0.9496494 0.05147165 -0.3090475 0.9496502 0.05151796 -0.5877632 0.8078457 0.04381644 -0.3090531 0.9385187 0.1538472 -1 5.42253e-5 -3.39188e-6 -1 5.30779e-5 -1.05277e-5 -0.9510652 0.3049225 -0.04997384 -0.9510689 0.3049077 -0.04999214 -1 5.29842e-5 -1.9297e-5 -0.9510682 0.3085281 -0.01672601 -0.9510399 0.3049978 -0.04999476 -0.9510408 0.3086116 -0.01674628 -0.8090332 0.5869011 -0.0318194 -0.8090535 0.5868741 -0.03179872 -0.9510509 0.3085805 -0.01674276 -0.8090545 0.5868725 0.03180772 -0.8089956 0.5869536 -0.03180664 -0.808996 0.5869532 0.03180748 -0.5878303 0.8077988 0.04377996 -0.5878007 0.8078181 0.04382169 -0.8090043 0.5869403 0.03182965 -0.587806 0.7983444 0.1308833 -0.5877746 0.8078376 0.04381442 -0.5877738 0.7983688 0.1308786 -0.3090639 0.9385154 0.1538451 -0.3090301 0.9385225 0.1538705 -0.5877491 0.798382 0.13091 -0.3090351 0.9163871 0.254425 -1 4.95911e-5 8.98707e-6 -1 4.9606e-5 1.59107e-5 -0.9510677 0.3085297 -0.01672935 -0.9510683 0.3085274 -0.01673728 -1 4.79753e-5 8.83918e-6 -0.9510678 0.3085302 0.01671016 -0.9510516 0.308579 -0.01673352 -0.9510522 0.3085778 0.01672101 -0.8090273 0.5869092 0.03182035 -0.8090261 0.5869102 0.03183317 -0.9510511 0.3085812 0.01671761 -0.8090271 0.5800293 0.09508562 -0.809001 0.5869454 0.03182154 -0.809 0.5800677 0.09508109 -0.5878034 0.798347 0.1308793 -0.5878317 0.7983247 0.1308881 -0.8089922 0.5800749 0.09510511 -0.5878289 0.779502 0.2164115 -0.5877748 0.798369 0.1308736 -0.587744 0.7795624 0.2164245 -0.3090723 0.9163771 0.2544159 -0.3090556 0.9163755 0.2544419 -0.5877651 0.7795423 0.2164394 -0.3090603 0.8834979 0.3520134 -0.9510681 0.3085287 0.016725 -1 5.6237e-5 2.43261e-6 -0.9510681 0.3049133 0.04997503 -0.9510654 0.304919 0.04999059 -1 5.38379e-5 3.94881e-6 -1 5.41715e-5 3.84636e-6 -0.9510627 0.3049306 0.04997003 -1 3.78788e-5 -8.59424e-6 -0.951062 0.2977416 0.08265095 -0.9510723 0.2977079 0.08265352 -1 3.89218e-5 2.14912e-5 -1 3.95006e-5 1.82725e-5 -0.9510622 0.2977378 0.08266144 -1 4.30048e-5 3.52715e-6 -0.951062 0.2870602 0.1143574 -0.951072 0.2870217 0.114371 -1 1.99825e-5 4.77955e-6 -1 1.52709e-5 1.76877e-5 -0.9510602 0.2870562 0.1143816 -1 5.54472e-5 1.05575e-5 -0.9510597 0.2730194 0.1447272 -0.951071 0.2729746 0.1447372 -1 1.51098e-5 -3.8892e-6 -1 1.752e-5 -4.94719e-6 -0.9510655 0.2729901 0.1447443 -1 3.3021e-5 2.3583e-5 -0.9510664 0.2557445 0.1733999 -0.9510628 0.2557501 0.1734111 -1 2.5019e-5 3.09348e-5 -1 3.99742e-5 7.26432e-6 -0.9510721 0.2557286 0.1733919 -1 2.43038e-5 8.79168e-6 -0.951072 0.2354963 0.2000088 -0.9510743 0.235476 0.2000222 -1 5.34207e-6 1.24499e-5 -1 1.0835e-5 3.59863e-6 -0.9510681 0.2354834 0.2000431 -1 3.96371e-5 1.8999e-5 -0.9510678 0.2124884 0.2243183 -0.9510717 0.212473 0.2243164 -1 3.17842e-5 2.66656e-5 -1 3.50792e-5 2.30223e-5 -0.9510713 0.2124792 0.2243124 -1 2.21431e-5 2.69748e-5 -0.9510708 0.1869801 0.2459733 -0.9510712 0.1869781 0.2459731 -1 1.02967e-5 2.53543e-5 -1 1.46206e-5 2.18377e-5 -0.9510679 0.1869742 0.2459892 -1 3.69847e-5 3.21269e-5 -0.9510667 0.1593123 0.2647483 -0.951073 0.1592932 0.2647376 -1 6.89924e-6 1.21146e-5 -1 4.09922e-6 1.49384e-5 -0.9510751 0.159268 0.2647446 -1 1.2666e-5 1.83359e-5 -0.9510604 0.1297492 0.280445 -0.9510694 0.1297301 0.2804234 -1 8.84384e-6 2.81036e-5 -1 1.12047e-5 2.64496e-5 -0.9510628 0.1297419 0.28044 -1 2.0273e-5 5.73024e-5 -0.9510632 0.09866559 0.2928208 -0.9510739 0.0986551 0.2927897 -1 1.53705e-5 2.42442e-5 -1 2.49222e-6 2.86996e-5 -0.9510729 0.09866464 0.2927895 -1 -2.04891e-6 2.83793e-5 -0.9510727 0.06643629 0.3017398 -0.9510726 0.0664252 0.3017429 -1 2.20891e-5 5.20051e-5 -1 -2.95043e-6 5.65648e-5 -0.9510714 0.06642329 0.301747 -1 -2.06381e-6 2.94223e-5 -0.9510715 0.03340458 0.3071599 -0.9510736 0.03340303 0.3071537 -1 -4.13787e-6 3.78639e-5 -1 4.01214e-6 3.65674e-5 -0.9510636 0.0334016 0.3071847 -1 -1.15484e-6 4.94346e-5 -0.9510635 1.58446e-5 0.3089954 -0.9510701 8.51601e-6 0.3089752 -1 8.42847e-6 4.5687e-5 -1 1.81422e-6 4.55379e-5 -0.9510614 5.87478e-6 0.3090021 -1 -8.19564e-6 5.17443e-5 -0.9510613 -0.03340214 0.307192 -0.9510694 -0.03339356 0.3071677 -1 -1.27777e-5 5.41955e-5 -1 -1.52141e-5 5.37932e-5 -0.9510596 -0.03339391 0.3071978 -1 -1.20141e-5 5.18486e-5 -0.9510741 -0.06641632 0.3017401 -0.9510627 -0.06643027 0.3017727 -1 -9.3393e-6 4.54932e-5 -1 -2.84761e-5 4.09782e-5 -0.9510622 -0.06641393 0.3017778 -1 -5.45382e-6 3.78639e-5 -0.9510617 -0.09865689 0.2928285 -0.9510688 -0.09867358 0.2927997 -1 -1.91852e-6 1.28895e-5 -1 -1.38432e-5 7.92742e-6 -0.9510645 -0.09864652 0.292823 -1 -1.15987e-5 2.06213e-5 -0.9510638 -0.1297238 0.2804452 -0.951072 -0.1297311 0.2804141 -1 -1.79633e-5 4.59999e-5 -1 -2.0504e-5 4.45396e-5 -0.3090558 -0.9496499 0.05147445 -0.587765 -0.8078454 0.04379695 -0.3090593 -0.9496481 -0.0514872 -0.3090646 -0.9496472 -0.05147141 -0.5877752 -0.8078387 0.04378575 -0.5877742 -0.807839 -0.04379153 -0.3090559 -0.9496485 -0.05150008 -0.5877652 -0.8078451 -0.04380035 -0.3090597 -0.9385148 -0.1538577 -0.3090386 -0.9385235 -0.1538466 -0.5877546 -0.807852 -0.04381597 -0.5877582 -0.7983839 -0.130857 -0.309055 -0.9385128 -0.1538795 -0.5877639 -0.7983735 -0.1308943 -0.3090578 -0.916377 -0.2544338 -0.3090643 -0.9163805 -0.254413 -0.5877683 -0.7983742 -0.1308709 -0.5877741 -0.7795387 -0.2164283 -0.309056 -0.9163753 -0.2544422 -0.5877655 -0.779542 -0.2164396 -0.3090605 -0.8834976 -0.3520137 -0.3090642 -0.8835006 -0.3520027 -0.5877679 -0.7795439 -0.2164263 -0.5877741 -0.7515677 -0.2994456 -0.3090561 -0.8834941 -0.3520265 -0.5877655 -0.7515719 -0.2994522 -0.3090602 -0.8402603 -0.4454713 -0.3090475 -0.8402618 -0.445477 -0.5877559 -0.7515755 -0.2994619 -0.5877535 -0.7148049 -0.3789456 -0.3090561 -0.8402525 -0.4454887 -0.5877654 -0.714788 -0.3789591 -0.30906 -0.7871686 -0.5337112 -0.309047 -0.7871701 -0.5337166 -0.5877555 -0.714791 -0.3789689 -0.5877532 -0.6696419 -0.4540111 -0.3090559 -0.787161 -0.5337247 -0.5877651 -0.6696251 -0.4540203 -0.3090597 -0.7248498 -0.6156907 -0.3090367 -0.7248629 -0.6156867 -0.5877528 -0.6696236 -0.4540387 -0.5877512 -0.6166245 -0.5237584 -0.309032 -0.7248504 -0.6157038 -0.5877509 -0.6166068 -0.5237795 -0.3090375 -0.654042 -0.6904526 -0.3090502 -0.654044 -0.6904452 -0.5877635 -0.6166029 -0.52377 -0.5877679 -0.5563897 -0.5873325 -0.309054 -0.6540138 -0.6904721 -0.5877698 -0.5563737 -0.5873458 -0.3090656 -0.5755547 -0.7571099 -0.3090637 -0.5755584 -0.7571078 -0.5877678 -0.5563787 -0.587343 -0.5877739 -0.4896062 -0.6440557 -0.3090448 -0.5755277 -0.757139 -0.5877693 -0.4896028 -0.6440624 -0.5877611 -0.4173659 -0.6930676 -0.5878196 -0.417353 -0.6930258 -0.5878151 -0.4895723 -0.6440439 -0.8090077 -0.3033412 -0.5034786 -0.5878069 -0.8078156 0.04378312 -0.8090052 -0.5869396 0.03182202 -0.5878088 -0.807814 -0.04378998 -0.5878028 -0.8078181 -0.04379254 -0.8090029 -0.5869436 0.03180652 -0.8090033 -0.5869429 -0.03180754 -0.5878072 -0.8078138 -0.04381471 -0.8090054 -0.5869392 -0.03182452 -0.587809 -0.7983436 -0.1308743 -0.5878227 -0.7983363 -0.1308574 -0.8089904 -0.5869592 -0.03183615 -0.8089902 -0.5800821 -0.09507727 -0.5878066 -0.7983409 -0.1309016 -0.8090047 -0.580058 -0.09510087 -0.5878077 -0.7795137 -0.216427 -0.5878212 -0.7795063 -0.2164169 -0.8089894 -0.5800759 -0.09512299 -0.8089897 -0.5663995 -0.1572494 -0.5878064 -0.7795099 -0.2164446 -0.8090047 -0.5663769 -0.1572532 -0.5878082 -0.751546 -0.299433 -0.587823 -0.7515388 -0.2994221 -0.8089906 -0.5663908 -0.1572762 -0.8089907 -0.5460785 -0.2175601 -0.5878236 -0.7515243 -0.2994572 -0.8089897 -0.5460676 -0.2175913 -0.5878236 -0.7147527 -0.3789356 -0.5878232 -0.7147626 -0.3789174 -0.8089909 -0.5460676 -0.2175867 -0.8089905 -0.5193576 -0.2753217 -0.5878234 -0.7147429 -0.3789542 -0.8089863 -0.5193566 -0.275336 -0.5878241 -0.6695932 -0.4539912 -0.5878098 -0.6695969 -0.4540041 -0.8090054 -0.5193268 -0.2753364 -0.8090051 -0.4865214 -0.3298603 -0.5878043 -0.6695904 -0.4540207 -0.8090029 -0.4865156 -0.3298743 -0.5878051 -0.6165922 -0.523736 -0.5878062 -0.6165832 -0.5237452 -0.8090031 -0.4865126 -0.3298782 -0.809006 -0.4480149 -0.3805154 -0.5878231 -0.6165696 -0.5237423 -0.8089895 -0.4480078 -0.3805587 -0.5878239 -0.5563451 -0.5873188 -0.58782 -0.5563414 -0.5873261 -0.8089854 -0.4480118 -0.3805631 -0.8089849 -0.4042651 -0.4267473 -0.5878265 -0.5563203 -0.5873397 -0.8089961 -0.4042389 -0.426751 -0.5878337 -0.489589 -0.6440142 -0.5878235 -0.4895941 -0.6440196 -0.8089923 -0.4042288 -0.4267678 -0.8089954 -0.3557456 -0.467944 -0.5878148 -0.4895697 -0.6440461 -0.8089858 -0.3557277 -0.4679741 -0.8089861 -0.3033701 -0.503496 -0.8090473 -0.303321 -0.5034272 -0.8090488 -0.3556933 -0.4678915 -0.9510483 -0.1595451 -0.2646746 -0.5877578 -0.8078488 0.04383224 -0.3090382 -0.9496539 0.05150628 -0.5877538 -0.7983843 0.1308737 -0.5877655 -0.7983745 0.1308819 -0.30906 -0.9496478 0.05148762 -0.3090565 -0.9385178 0.1538457 -0.5877599 -0.7983745 0.1309074 -0.3090478 -0.9385178 0.153864 -0.5877529 -0.779551 0.2164417 -0.5877472 -0.7795602 0.2164242 -0.3090426 -0.9385225 0.1538451 -0.309071 -0.9163787 0.2544116 -0.5877752 -0.7795345 0.2164406 -0.3090651 -0.9163722 0.254442 -0.5877688 -0.7515654 0.2994617 -0.5877638 -0.7515724 0.2994542 -0.3090583 -0.9163763 0.2544357 -0.3090542 -0.883502 0.352008 -0.5877743 -0.7515617 0.2994607 -0.3090566 -0.8834891 0.3520384 -0.5877706 -0.7147905 0.3789465 -0.5877507 -0.7148076 0.3789446 -0.3090412 -0.8835085 0.3520032 -0.3090324 -0.840278 0.4454571 -0.5877596 -0.71478 0.3789832 -0.30904 -0.8402575 0.4454905 -0.5877554 -0.6696432 0.4540061 -0.5877643 -0.6696299 0.4540142 -0.3090584 -0.8402585 0.4454757 -0.3090553 -0.787178 0.5337 -0.5877742 -0.6696133 0.4540259 -0.3090651 -0.7871536 0.5337304 -0.5877757 -0.6166127 0.5237448 -0.5877643 -0.6166168 0.5237528 -0.3090585 -0.7871683 0.5337125 -0.3090553 -0.7248603 0.6156806 -0.5877567 -0.6165953 0.5237864 -0.3090443 -0.7248554 0.6156919 -0.5877532 -0.5563853 0.5873513 -0.587758 -0.556391 0.5873413 -0.3090453 -0.7248486 0.6156992 -0.3090404 -0.6540433 0.6904502 -0.5877732 -0.5563501 0.5873647 -0.3090559 -0.6540261 0.6904596 -0.587768 -0.4896218 0.6440492 -0.5877653 -0.489607 0.6440629 -0.3090603 -0.6540305 0.6904534 -0.3090561 -0.5755588 0.7571107 -0.5877698 -0.4896011 0.6440633 -0.3090457 -0.5755339 0.7571339 -0.5877658 -0.4173845 0.6930525 -0.587747 -0.4173799 0.6930711 -0.3090422 -0.5755417 0.7571292 -0.3090321 -0.4904934 0.8148101 -0.8090535 -0.5868743 0.03179872 -0.9510508 -0.3085807 0.01674252 -0.8090544 -0.5868725 -0.0318076 -0.8090296 -0.5869061 -0.03182011 -0.9510528 -0.3085752 0.0167334 -0.9510534 -0.3085741 -0.01672101 -0.8090262 -0.5869098 -0.03183686 -0.9510511 -0.3085811 -0.01672166 -0.8090547 -0.5799925 -0.09507584 -0.8090395 -0.580012 -0.0950855 -0.951043 -0.3086052 -0.01673358 -0.9510438 -0.3049877 -0.04998189 -0.8090261 -0.580028 -0.09510183 -0.9510511 -0.3049649 -0.04998242 -0.8090271 -0.5663487 -0.1572394 -0.8090467 -0.5663201 -0.1572423 -0.9510477 -0.3049716 -0.05000841 -0.9510493 -0.2977802 -0.08265769 -0.8090353 -0.5663347 -0.1572484 -0.9510427 -0.2977911 -0.08269405 -0.8090368 -0.5460171 -0.2175425 -0.809029 -0.5460224 -0.2175585 -0.9510526 -0.2977648 -0.08267539 -0.9510385 -0.2871257 -0.1143875 -0.8090265 -0.546023 -0.2175664 -0.9510514 -0.2870899 -0.114371 -0.8090278 -0.5193054 -0.2753104 -0.8090346 -0.5193024 -0.2752963 -0.9510418 -0.2871078 -0.114405 -0.9510427 -0.2730626 -0.1447574 -0.8090285 -0.5192996 -0.2753196 -0.9510391 -0.2730627 -0.1447805 -0.8090305 -0.4864954 -0.3298363 -0.8090541 -0.4864565 -0.3298357 -0.9510513 -0.2730253 -0.1447709 -0.9510504 -0.255795 -0.1734133 -0.809037 -0.4864779 -0.3298459 -0.9510438 -0.2557966 -0.1734474 -0.8090387 -0.4479719 -0.3804964 -0.8090538 -0.4479488 -0.3804919 -0.951051 -0.2557805 -0.173431 -0.9510517 -0.2355328 -0.2000623 -0.8090384 -0.4479628 -0.3805079 -0.9510445 -0.2355436 -0.2000842 -0.8090403 -0.4042062 -0.426698 -0.8090259 -0.4042115 -0.4267204 -0.9510508 -0.2355362 -0.2000627 -0.9510515 -0.212529 -0.2243494 -0.8090288 -0.4042027 -0.4267231 -0.9510527 -0.2125319 -0.2243415 -0.8090302 -0.3557092 -0.4679116 -0.8090322 -0.3557032 -0.4679126 -0.9510395 -0.2125459 -0.2243838 -0.95104 -0.187055 -0.2460351 -0.809041 -0.355677 -0.4679175 -0.9510471 -0.1870234 -0.2460323 -0.9510473 -0.1595431 -0.2646793 -0.80899 -0.5869597 0.03183919 -0.5878218 -0.8078032 0.04381418 -0.80899 -0.580082 0.09508019 -0.8090055 -0.5800582 0.09509187 -0.5878089 -0.8078132 0.04380398 -0.5878078 -0.7983462 0.130864 -0.8089891 -0.5800763 0.09512192 -0.5878261 -0.7983303 0.1308795 -0.8089894 -0.5664002 0.1572486 -0.8090049 -0.5663743 0.1572616 -0.5878148 -0.7983401 0.1308699 -0.587806 -0.7795157 0.2164247 -0.8089904 -0.5663913 0.1572751 -0.5878274 -0.7795005 0.216421 -0.8089902 -0.5460795 0.2175593 -0.8090034 -0.5460547 0.2175729 -0.5878124 -0.7795132 0.2164155 -0.587804 -0.7515491 0.2994338 -0.8089883 -0.5460659 0.2176004 -0.5878252 -0.7515299 0.2994404 -0.8089887 -0.5193539 0.2753344 -0.8090043 -0.5193356 0.2753228 -0.5878059 -0.7515459 0.2994381 -0.5878052 -0.7147651 0.3789405 -0.8089845 -0.5193469 0.2753595 -0.5878144 -0.7147494 0.3789559 -0.8090122 -0.4865128 0.3298556 -0.8089893 -0.4865397 0.329872 -0.5878239 -0.7147463 0.3789471 -0.5878223 -0.6695986 0.4539853 -0.8090025 -0.4865138 0.3298776 -0.5878065 -0.6696021 0.4540006 -0.8090033 -0.4480038 0.3805345 -0.8090032 -0.4479984 0.3805409 -0.5878067 -0.669593 0.454014 -0.5878037 -0.6165973 0.5237315 -0.8090009 -0.4479962 0.3805482 -0.5878043 -0.616591 0.5237382 -0.8090017 -0.404235 0.4267441 -0.8089966 -0.4042435 0.4267455 -0.587834 -0.6165675 0.5237325 -0.5878322 -0.5563449 0.5873106 -0.8090099 -0.4042206 0.4267421 -0.5878166 -0.5563483 0.587323 -0.8090105 -0.3557218 0.4679362 -0.8090009 -0.3557198 0.4679542 -0.5878095 -0.5563562 0.5873227 -0.5878004 -0.4895943 0.6440405 -0.8089864 -0.3557237 0.4679763 -0.5878157 -0.4895754 0.644041 -0.8089848 -0.3033659 0.5035006 -0.8089864 -0.3033633 0.5034995 -0.5878249 -0.4895739 0.6440337 -0.587825 -0.4173653 0.6930137 -0.951054 -0.3085713 0.01673752 -0.8090307 -0.5869046 0.0318194 -0.9510387 -0.3050014 0.04999583 -0.951041 -0.3049929 0.05000501 -0.809035 -0.5868985 0.03182309 -0.8090347 -0.5800205 0.0950756 -0.9510475 -0.3049736 0.04999887 -0.809051 -0.5799962 0.09508347 -0.9510497 -0.2977773 0.08266359 -0.9510505 -0.2977676 0.08268833 -0.8090263 -0.5800287 0.09509652 -0.809025 -0.5663532 0.1572349 -0.951054 -0.2977592 0.08267903 -0.8090305 -0.5663431 0.1572419 -0.9510387 -0.2871232 0.1143923 -0.9510418 -0.2871129 0.1143931 -0.8090358 -0.5663366 0.1572379 -0.8090366 -0.5460215 0.2175328 -0.9510527 -0.2870749 0.1143978 -0.8090286 -0.5460215 0.2175626 -0.9510375 -0.2730714 0.1447748 -0.9510515 -0.2730297 0.1447613 -0.8090274 -0.5460249 0.2175578 -0.8090271 -0.5193105 0.2753032 -0.9510379 -0.2730662 0.144782 -0.8090275 -0.5193055 0.2753112 -0.9510518 -0.2557842 0.173421 -0.9510517 -0.2557765 0.1734331 -0.809028 -0.5193011 0.2753182 -0.8090273 -0.4865002 0.329837 -0.9510419 -0.2558003 0.1734521 -0.8090354 -0.4864846 0.3298403 -0.9510412 -0.2355623 0.2000781 -0.951051 -0.2355394 0.2000581 -0.8090529 -0.4864538 0.3298428 -0.8090514 -0.4479626 0.3804807 -0.9510439 -0.2355401 0.2000907 -0.809034 -0.4479684 0.3805105 -0.9510418 -0.2125611 0.2243599 -0.9510511 -0.2125215 0.2243579 -0.8090285 -0.4479823 0.380506 -0.809051 -0.4041922 0.4266909 -0.9510412 -0.2125414 0.224381 -0.8090313 -0.4041976 0.4267233 -0.9510403 -0.1870535 0.2460355 -0.9510424 -0.1870349 0.2460414 -0.8090375 -0.404202 0.4267074 -0.8090374 -0.3557103 0.4678981 -0.9510453 -0.1870207 0.2460412 -0.8090399 -0.3557015 0.4679008 -0.951045 -0.1595403 0.2646893 -0.951049 -0.1595224 0.2646857 -0.8090503 -0.3556761 0.4679019 -0.8090518 -0.3033134 0.5034247 -0.5877691 -0.3396933 0.7342588 -0.3090586 -0.3993145 0.8631517 -0.5877703 -0.2583351 0.7666741 -0.5877516 -0.2583308 0.7666898 -0.3090447 -0.3993327 0.8631483 -0.3090402 -0.3036845 0.9012601 -0.5877653 -0.2583178 0.7666836 -0.309054 -0.3036556 0.9012653 -0.5877666 -0.173933 0.7901126 -0.5877668 -0.1739231 0.7901147 -0.3090614 -0.303671 0.9012575 -0.309058 -0.2044631 0.9288046 -0.5877713 -0.1739104 0.7901141 -0.3090609 -0.2044317 0.9288105 -0.5877722 -0.08748704 0.8042822 -0.5877587 -0.08749252 0.8042915 -0.3090462 -0.2044386 0.9288139 -0.309041 -0.1028333 0.9454729 -0.5877628 -0.08744347 0.8042939 -0.309044 -0.102812 0.9454742 -0.5877585 -1.73708e-5 0.8090364 -0.5877605 -2.27243e-6 0.8090351 -0.3090541 -0.1028237 0.9454697 -0.3090505 -1.32807e-5 0.9510456 -0.587756 8.02428e-6 0.8090384 -0.3090427 1.5974e-5 0.9510482 -0.5877574 0.08745664 0.8042964 -0.5877617 0.08747166 0.8042916 -0.3090559 3.99235e-6 0.9510439 -0.3090516 0.1028145 0.9454715 -0.5877624 0.08750039 0.8042879 -0.3090435 0.1028403 0.9454713 -0.5877581 0.1739018 0.7901257 -0.5877609 0.1739127 0.7901213 -0.3090546 0.1028248 0.9454694 -0.3090513 0.2044308 0.9288139 -0.5877758 0.1739286 0.7901067 -0.3090667 0.2044674 0.9288008 -0.5877773 0.2583138 0.766676 -0.5877674 0.2583208 0.7666812 -0.3090618 0.2044466 0.928807 -0.3090587 0.303656 0.9012635 -0.5877739 0.2583315 0.7666726 -0.3090643 0.3036862 0.9012513 -0.5877681 0.3397172 0.7342486 -0.5877412 0.3397039 0.7342762 -0.3090759 0.3036786 0.90125 -0.3090286 0.3993196 0.8631601 -0.5877538 0.3397317 0.7342533 -0.3090331 0.3993465 0.863146 -0.5877493 0.4170879 0.6932449 -0.5877695 0.4171009 0.69322 -0.309065 0.3993389 0.8631381 -0.3090538 0.490289 0.8149248 -0.5877526 0.4171152 0.6932257 -0.3090461 0.4903134 0.8149131 -0.5877547 0.489601 0.6440772 -0.5877438 0.4896066 0.6440829 -0.3090344 0.4903126 0.814918 -0.3090668 0.5755218 0.7571344 -0.5877737 0.4896064 0.6440557 -0.3090637 0.5755586 0.7571076 -0.5877678 0.5563789 0.5873429 -0.5877658 0.5563678 0.5873553 -0.3090599 0.5755475 0.7571176 -0.3090569 0.654022 0.690463 -0.5877735 0.5563702 0.5873454 -0.3090635 0.654041 0.690442 -0.5877743 0.6165973 0.5237644 -0.5877408 0.6166211 0.5237741 -0.3090757 0.6540362 0.6904411 -0.3090279 0.7248448 0.6157125 -0.5877726 0.6166127 0.5237482 -0.3090624 0.7248575 0.6156802 -0.5877736 0.6696123 0.4540283 -0.5877516 0.6696255 0.4540372 -0.3090332 0.7248644 0.6156868 -0.30904 0.7871718 0.533718 -0.5877682 0.6696261 0.4540147 -0.3090643 0.7871735 0.5337014 -0.5877705 0.7147879 0.3789516 -0.5877656 0.7147877 0.3789595 -0.3090603 0.7871683 0.5337114 -0.3090565 0.8402522 0.4454891 -0.5877524 0.7148026 0.3789518 -0.3090388 0.8402724 0.4454632 -0.5877545 0.751574 0.2994684 -0.5877659 0.7515715 0.2994524 -0.3090609 0.8402598 0.4454717 -0.3090564 0.8834937 0.3520269 -0.5877742 0.751569 0.2994421 -0.3090646 0.883502 0.3519992 -0.5877682 0.7795447 0.2164226 -0.9510515 -0.0986945 0.2928491 -0.9510505 -0.1297467 0.2804794 -0.8090521 -0.2467721 0.5334212 -0.8089885 -0.2468075 0.5335015 -0.5878198 -0.3396735 0.7342275 -0.8089885 -0.1877122 0.5570475 -0.808997 -0.1876835 0.5570448 -0.5878042 -0.3397018 0.7342268 -0.5878329 -0.2583263 0.7666291 -0.8089901 -0.1876795 0.5570561 -0.587822 -0.2582966 0.7666475 -0.80899 -0.1263839 0.5740752 -0.8089864 -0.1263781 0.5740817 -0.5878198 -0.2583064 0.7666458 -0.5878186 -0.173926 0.7900754 -0.8089951 -0.1263486 0.5740759 -0.5878289 -0.1738923 0.7900751 -0.8089948 -0.06357288 0.5843681 -0.8090047 -0.06355208 0.5843566 -0.5878084 -0.1739017 0.7900883 -0.5878062 -0.08748251 0.8042579 -0.808987 -0.06353592 0.5843828 -0.5878228 -0.08747094 0.804247 -0.8089873 -1.54073e-5 0.5878263 -0.8089879 -1.24052e-5 0.5878255 -0.5878219 -0.08746045 0.8042488 -0.5878207 -1.60486e-5 0.8089913 -0.8089869 1.65254e-5 0.5878267 -0.5878176 1.74828e-5 0.8089935 -0.808987 0.063537 0.5843826 -0.8089879 0.06354296 0.5843809 -0.5878219 7.18003e-6 0.8089904 -0.5878208 0.08745163 0.8042506 -0.808986 0.06357103 0.5843805 -0.5878163 0.08748406 0.8042504 -0.8089862 0.1263469 0.5740888 -0.8089872 0.1263557 0.5740854 -0.5878211 0.08747684 0.8042477 -0.5878196 0.1738963 0.7900812 -0.8089933 0.1263816 0.574071 -0.5878317 0.1739037 0.7900706 -0.8089933 0.187677 0.5570523 -0.8089831 0.1876868 0.5570639 -0.5878158 0.1739195 0.7900789 -0.587814 0.2583003 0.7666522 -0.8090065 0.1876923 0.5570279 -0.5878118 0.2583086 0.7666512 -0.8090067 0.2468048 0.5334751 -0.8090093 0.246802 0.5334722 -0.5878137 0.2583148 0.7666476 -0.5878132 0.3396693 0.7342346 -0.8089887 0.2468338 0.5334888 -0.5878199 0.3397017 0.7342142 -0.8089888 0.3030379 0.5036916 -0.8089946 0.3030466 0.503677 -0.5878313 0.3396958 0.7342079 -0.5878294 0.4170675 0.6931892 -0.8090042 0.3030508 0.5036593 -0.5878086 0.4170786 0.6932002 -0.8090048 0.355718 0.4679487 -0.8089866 0.3557315 0.4679701 -0.5878204 0.4170877 0.6931848 -0.5878186 0.4895713 0.6440414 -0.8090043 0.3557258 0.4679437 -0.5878034 0.4896002 0.6440333 -0.8090044 0.404224 0.4267495 -0.8089825 0.4042516 0.4267646 -0.5878163 0.4895982 0.6440231 -0.5878124 0.5563442 0.5873311 -0.8090047 0.4042448 0.4267289 -0.5878051 0.5563573 0.5873259 -0.8090045 0.4479925 0.3805451 -0.809004 0.4479987 0.3805388 -0.5878069 0.5563536 0.5873276 -0.5878055 0.6165792 0.5237509 -0.8089875 0.4480271 0.3805402 -0.5878183 0.6165933 0.5237199 -0.8089877 0.486525 0.3298978 -0.8090035 0.4865136 0.3298754 -0.5878059 0.6165909 0.5237367 -0.5878054 0.6695892 0.4540212 -0.8089897 0.4865452 0.3298627 -0.5878266 0.6695876 0.4539962 -0.8089898 0.5193412 0.2753547 -0.8090083 0.5193293 0.275323 -0.5878189 0.6695873 0.4540064 -0.5878107 0.7147563 0.3789486 -0.8089911 0.5193568 0.2753214 -0.5878242 0.7147615 0.3789178 -0.8089913 0.5460671 0.2175867 -0.8089853 0.5460795 0.2175779 -0.5878218 0.7147504 0.3789428 -0.5878226 0.7515224 0.2994642 -0.8089896 0.5460804 0.2175597 -0.5878215 0.7515402 0.2994217 -0.8089896 0.5663924 0.1572758 -0.8090052 0.5663763 0.1572533 -0.5878087 0.7515456 0.2994332 -0.5878069 0.7795093 0.2164447 -0.8089896 0.5664005 0.1572464 -0.5878212 0.7795071 0.2164138 -0.8089894 0.5800763 0.09511983 -0.9510455 -0.06645458 0.3018217 -0.9510442 -0.09866237 0.2928833 -0.8090425 -0.1876756 0.5569814 -0.8090331 -0.1876879 0.5569909 -0.9510401 -0.09868258 0.29289 -0.8090336 -0.2467936 0.5334395 -0.9510397 -0.06643629 0.3018441 -0.8090328 -0.1876699 0.5569975 -0.8090321 -0.1263635 0.5740205 -0.9510468 -0.03343659 0.3072332 -0.9510456 -0.0664227 0.3018284 -0.8090448 -0.1263582 0.5740037 -0.9510425 -0.03341454 0.307249 -0.8090373 -0.1263511 0.5740157 -0.8090376 -0.06356394 0.5843099 -0.9510379 -3.78396e-6 0.3090744 -0.9510385 -0.03339928 0.3072628 -0.8090291 -0.06354743 0.5843234 -0.9510403 5.49108e-6 0.3090673 -0.8090338 -0.06354421 0.5843171 -0.8090332 -1.22637e-5 0.5877631 -0.951043 0.033414 0.3072471 -0.9510433 8.93697e-6 0.3090577 -0.8090379 7.27177e-6 0.5877565 -0.9510489 0.03342109 0.3072279 -0.8090498 3.83938e-6 0.5877402 -0.8090496 0.06353533 0.5842964 -0.9510499 0.06643378 0.3018125 -0.9510504 0.03342008 0.3072236 -0.8090515 0.06355112 0.5842919 -0.9510412 0.06644952 0.3018363 -0.8090361 0.06355553 0.5843127 -0.8090348 0.1263425 0.5740212 -0.9510475 0.09867423 0.2928686 -0.9510481 0.0664395 0.3018168 -0.8090468 0.1263497 0.5740026 -0.9510385 0.09869098 0.2928925 -0.8090307 0.126356 0.5740241 -0.8090299 0.1876629 0.5570039 -0.9510462 0.1297599 0.2804879 -0.9510467 0.09868079 0.2928692 -0.809044 0.1876696 0.5569812 -0.9510414 0.1297786 0.2804961 -0.8090359 0.1876779 0.5569902 -0.8090351 0.2467849 0.5334412 -0.9510496 0.1593253 0.2648023 -0.9510501 0.1297671 0.2804715 -0.8090509 0.2467904 0.5334148 -0.9510442 0.1593265 0.264821 -0.8090395 0.2468027 0.5334262 -0.8090358 0.3029991 0.5036395 -0.9510503 0.1870234 0.2460197 -0.9510507 0.1593331 0.2647932 -0.8090525 0.3030176 0.5036016 -0.9510515 0.1870136 0.2460225 -0.8090253 0.3030341 0.5036352 -0.8090493 0.3556675 0.4679102 -0.9510397 0.2125434 0.224385 -0.9510404 0.1870521 0.2460361 -0.8090327 0.3557006 0.4679136 -0.9510423 0.2125391 0.2243784 -0.8090394 0.3556869 0.4679126 -0.809032 0.4041913 0.4267279 -0.9510504 0.2355334 0.2000683 -0.9510511 0.2125256 0.2243543 -0.8090526 0.4041879 0.4266921 -0.9510402 0.2355522 0.2000945 -0.8090324 0.4042137 0.426706 -0.8090304 0.4479708 0.3805155 -0.9510523 0.2557812 0.1734234 -0.9510528 0.2355342 0.2000556 -0.8090283 0.4479754 0.3805147 -0.9510435 0.2557972 0.173448 -0.8090384 0.4479729 0.3804963 -0.8090366 0.4864791 0.3298455 -0.9510506 0.2730317 0.1447637 -0.9510513 0.2557817 0.1734282 -0.8090525 0.4864609 0.3298331 -0.9510416 0.2730641 0.1447616 -0.8090364 0.4864845 0.3298378 -0.8090357 0.5192878 0.2753207 -0.9510512 0.2870836 0.114389 -0.9510518 0.2730346 0.1447504 -0.8090261 0.5193019 0.2753225 -0.9510411 0.2871168 0.1143891 -0.8090357 0.5192957 0.2753056 -0.8090345 0.5460131 0.2175614 -0.9510464 0.2977818 0.08268612 -0.9510473 0.2871005 0.1143793 -0.8090456 0.5460008 0.2175508 -0.9510484 0.2977759 0.08268195 -0.8090489 0.5460056 0.2175267 -0.8090465 0.566318 0.1572507 -0.9510424 0.3049877 0.05000978 -0.9510431 0.2977958 0.0826717 -0.8090378 0.5663318 0.1572463 -0.9510411 0.3049947 0.04999065 -0.809036 0.566338 0.1572331 -0.8090346 0.5800171 0.09509569 -0.9510536 0.3085727 0.01673203 -0.9510397 0.3049994 0.04999029 -0.809031 0.5800222 0.09509474 -0.3090524 -0.1028268 -0.9454699 -0.3090486 -0.2044328 -0.9288144 -0.5877587 -0.1739147 -0.7901224 -0.5877763 -0.1739248 -0.7901072 -0.3090671 -0.2044637 -0.9288015 -0.5877774 -0.2583101 -0.7666771 -0.5878157 -0.1739171 -0.7900794 -0.5878143 -0.2582978 -0.7666529 -0.8089831 -0.1876844 -0.5570646 -0.8090063 -0.187694 -0.5570278 -0.5878113 -0.25831 -0.766651 -0.8090064 -0.2468062 -0.5334748 -0.809042 -0.1876779 -0.5569815 -0.8090409 -0.2467848 -0.5334325 -0.9510457 -0.129755 -0.2804923 -0.3090606 -0.2044485 -0.928807 -0.3090572 -0.3036579 -0.9012634 -0.5877662 -0.2583227 -0.7666814 -0.5877741 -0.2583302 -0.7666728 -0.3090645 -0.3036852 -0.9012516 -0.5877681 -0.339716 -0.7342491 -0.5878084 -0.2583148 -0.7666518 -0.5878125 -0.3396886 -0.7342263 -0.8090054 -0.2468026 -0.533478 -0.309028 -0.3993216 -0.8631594 -0.5877409 -0.3397059 -0.7342755 -0.3090757 -0.3036807 -0.9012493 -0.3090492 -0.5755319 -0.7571339 -0.5877615 -0.4173941 -0.6930502 -0.3090462 -0.4904726 -0.8148173 1 0 0 1 0 1.04113e-6 1 0 -1.04113e-6 1 0 5.94876e-7 1 0 -2.08241e-6 1 0 -1.78441e-6 1 0 2.38004e-6 1 0 2.37888e-6 1 0 -4.16528e-6 1 0 1.85103e-6 1 0 -1.18926e-6 1 0 2.38021e-6 1 0 -2.37773e-6 1 0 1.19009e-6 1 0 1.48168e-5 1 0 5.95017e-7 1 0 5.94176e-7 1 0 -8.92492e-7 1 0 -2.37982e-6 1 0 1.48726e-6 1 0 -1.48726e-6 1 0 2.37982e-6 1 0 -1.4817e-5 1 0 8.92495e-7 1 0 5.94772e-7 1 0 -5.95018e-7 1 0 3.70206e-6 1 0 -5.9469e-7 1 0 -1.19007e-6 1 0 -1.85103e-6 1 0 1.18918e-6 1 0 1.78345e-6 1 0 -2.3802e-6 1 0 -2.37748e-6 1 0 4.16527e-6 1 0 -1.1885e-6 1 0 -2.38004e-6 1 0 7.42636e-7 1 0 2.08241e-6 1 0 -2.37889e-6 1 0 1.18926e-6 1 0 4.75547e-6 1 0 -5.94593e-7 1 0 -2.37794e-6 1 0 4.75498e-6</float_array>
          <technique_common>
            <accessor source="#EMROX-Argo_IPA-HN_V1_02_03_Simu_RoX_Simple_Argo_Argodrive_Rad_S-mesh-normals-array" count="4006" stride="3">
              <param name="X" type="float"/>
              <param name="Y" type="float"/>
              <param name="Z" type="float"/>
            </accessor>
          </technique_common>
        </source>
        <source id="EMROX-Argo_IPA-HN_V1_02_03_Simu_RoX_Simple_Argo_Argodrive_Rad_S-mesh-map-0">
          <float_array id="EMROX-Argo_IPA-HN_V1_02_03_Simu_RoX_Simple_Argo_Argodrive_Rad_S-mesh-map-0-array" count="8736">0 -7.098155 -0.1570799 -7.361049 0 -7.623944 0 -7.623944 -0.1570799 -7.361049 -0.1570799 -7.886838 0 -7.623944 -0.1570799 -7.886838 0 -8.149733 0 -8.149733 -0.1570799 -7.886838 -0.1570799 -8.412628 0 -8.149733 -0.1570799 -8.412628 0 -8.675523 0 -8.675523 -0.1570799 -8.412628 -0.1570799 -8.938416 0 -8.675523 -0.1570799 -8.938416 0 -9.201312 0 -9.201312 -0.1570799 -8.938416 -0.1570799 -9.464206 0 -9.201312 -0.1570799 -9.464206 0 -9.727101 0 -9.727101 -0.1570799 -9.464206 -0.1570799 -9.989995 0 -9.727101 -0.1570799 -9.989995 0 -10.25289 0 -10.25289 -0.1570799 -9.989995 -0.1570799 -10.51578 0 -10.25289 -0.1570799 -10.51578 0 -10.77868 0 -10.77868 -0.1570799 -10.51578 -0.1570799 -11.04157 0 -10.77868 -0.1570799 -11.04157 0 -11.30447 0 -11.30447 -0.1570799 -11.04157 -0.1570799 -11.56736 0 -11.30447 -0.1570799 -11.56736 0 -11.83026 0 -11.83026 -0.1570799 -11.56736 -0.1570799 -12.09315 0 -11.83026 -0.1570799 -12.09315 0 -12.35605 0 -12.35605 -0.1570799 -12.09315 -0.1570799 -12.61798 0 -12.35605 -0.1570799 -12.61798 0 -12.88184 0 -12.88184 -0.1570799 -12.61798 -0.1570799 -13.14473 0 -12.88184 -0.1570799 -13.14473 0 -13.40762 0 -13.40762 -0.1570799 -13.14473 -0.1570799 -13.67052 0 -13.40762 -0.1570799 -13.67052 0 -13.93341 0 -13.93341 -0.1570799 -13.67052 -0.1570799 -14.19631 0 -13.93341 -0.1570799 -14.19631 0 -14.4592 0 -14.4592 -0.1570799 -14.19631 -0.1570799 -14.7221 0 -14.4592 -0.1570799 -14.7221 0 -14.98499 0 -14.98499 -0.1570799 -14.7221 -0.1570799 -15.24789 0 -14.98499 -0.1570799 -15.24789 0 -15.51078 0 14.98499 -0.1570799 15.24789 -0.1570799 14.7221 0 14.98499 -0.1570799 14.7221 0 14.4592 0 14.4592 -0.1570799 14.7221 -0.1570799 14.19631 0 14.4592 -0.1570799 14.19631 0 13.93341 0 13.93341 -0.1570799 14.19631 -0.1570799 13.67052 0 13.93341 -0.1570799 13.67052 0 13.40762 0 13.40762 -0.1570799 13.67052 -0.1570799 13.14473 0 13.40762 -0.1570799 13.14473 0 12.88184 0 12.88184 -0.1570799 13.14473 -0.1570799 12.61894 0 12.88184 -0.1570799 12.61894 0 12.35605 0 12.35605 -0.1570799 12.61894 -0.1570799 12.09315 0 12.35605 -0.1570799 12.09315 0 11.83026 0 11.83026 -0.1570799 12.09315 -0.1570799 11.56736 0 11.83026 -0.1570799 11.56736 0 11.30447 0 11.30447 -0.1570799 11.56736 -0.1570799 11.04157 0 11.30447 -0.1570799 11.04157 0 10.77868 0 10.77868 -0.1570799 11.04157 -0.1570799 10.51578 0 10.77868 -0.1570799 10.51578 0 10.25289 0 10.25289 -0.1570799 10.51578 -0.1570799 9.989995 0 10.25289 -0.1570799 9.989995 0 9.727101 0 9.727101 -0.1570799 9.989995 -0.1570799 9.464206 0 9.727101 -0.1570799 9.464206 0 9.201312 0 9.201312 -0.1570799 9.464206 -0.1570799 8.938416 0 9.201312 -0.1570799 8.938416 0 8.675523 0 8.675523 -0.1570799 8.938416 -0.1570799 8.412628 0 8.675523 -0.1570799 8.412628 0 8.149733 0 8.149733 -0.1570799 8.412628 -0.1570799 7.886838 0 8.149733 -0.1570799 7.886838 0 7.623944 0 7.623944 -0.1570799 7.886838 -0.1570799 7.361049 0 7.623944 -0.1570799 7.361049 0 7.098155 0 7.098155 -0.1570799 7.361049 -0.1570799 6.83526 0 7.098155 -0.1570799 6.83526 0 6.572365 0 6.572365 -0.1570799 6.83526 -0.1570799 6.30947 0 6.572365 -0.1570799 6.30947 0 6.046576 0 6.046576 -0.1570799 6.30947 -0.1570799 5.783681 0 6.046576 -0.1570799 5.783681 0 5.520787 0 5.520787 -0.1570799 5.783681 -0.1570799 5.257893 0 5.520787 -0.1570799 5.257893 0 4.994998 0 4.994998 -0.1570799 5.257893 -0.1570799 4.732103 0 4.994998 -0.1570799 4.732103 0 4.469208 0 4.469208 -0.1570799 4.732103 -0.1570799 4.206314 0 4.469208 -0.1570799 4.206314 0 3.943419 0 3.943419 -0.1570799 4.206314 -0.1570799 3.680524 0 3.943419 -0.1570799 3.680524 0 3.41763 0 3.41763 -0.1570799 3.680524 -0.1570799 3.154735 0 3.41763 -0.1570799 3.154735 0 2.891841 0 2.891841 -0.1570799 3.154735 -0.1570799 2.628946 0 2.891841 -0.1570799 2.628946 0 2.366051 0 2.366051 -0.1570799 2.628946 -0.1570799 2.103157 0 2.366051 -0.1570799 2.103157 0 1.840262 0 1.840262 -0.1570799 2.103157 -0.1570799 1.577368 0 1.840262 -0.1570799 1.577368 0 1.314473 0 1.314473 -0.1570799 1.577368 -0.1570799 1.051578 0 1.314473 -0.1570799 1.051578 0 0.788684 0 0.788684 -0.1570799 1.051578 -0.1570799 0.525789 0 0.788684 -0.1570799 0.525789 0 0.262895 0 0.262895 -0.1570799 0.525789 -0.1570799 0 0 0.262895 -0.1570799 0 0 -0.262895 0 -0.262895 -0.1570799 0 -0.1570799 -0.525789 0 -0.262895 -0.1570799 -0.525789 0 -0.788684 0 -0.788684 -0.1570799 -0.525789 -0.1570799 -1.051578 0 -0.788684 -0.1570799 -1.051578 0 -1.314473 0 -1.314473 -0.1570799 -1.051578 -0.1570799 -1.577368 0 -1.314473 -0.1570799 -1.577368 0 -1.840262 0 -1.840262 -0.1570799 -1.577368 -0.1570799 -2.103157 0 -1.840262 -0.1570799 -2.103157 0 -2.366051 0 -2.366051 -0.1570799 -2.103157 -0.1570799 -2.629902 0 -2.366051 -0.1570799 -2.629902 0 -2.891841 0 -2.891841 -0.1570799 -2.629902 -0.1570799 -3.154735 0 -2.891841 -0.1570799 -3.154735 0 -3.41763 0 -3.41763 -0.1570799 -3.154735 -0.1570799 -3.680524 0 -3.41763 -0.1570799 -3.680524 0 -3.943419 0 -3.943419 -0.1570799 -3.680524 -0.1570799 -4.206314 0 -3.943419 -0.1570799 -4.206314 0 -4.469208 0 -4.469208 -0.1570799 -4.206314 -0.1570799 -4.732103 0 -4.469208 -0.1570799 -4.732103 0 -4.994998 0 -4.994998 -0.1570799 -4.732103 -0.1570799 -5.257893 0 -4.994998 -0.1570799 -5.257893 0 -5.520787 0 -5.520787 -0.1570799 -5.257893 -0.1570799 -5.783681 0 -5.520787 -0.1570799 -5.783681 0 -6.046576 0 -6.046576 -0.1570799 -5.783681 -0.1570799 -6.30947 0 -6.046576 -0.1570799 -6.30947 0 -6.572365 0 -6.572365 -0.1570799 -6.30947 -0.1570799 -6.83526 0 -6.572365 -0.1570799 -6.83526 0 -7.098155 0 -7.098155 -0.1570799 -6.83526 -0.1570799 -7.361049 -0.785398 -8.178413 -0.628319 -7.886838 -0.785398 -7.623944 -0.785398 -7.623944 -0.628319 -7.886838 -0.628319 -7.361049 -0.785398 -7.623944 -0.628319 -7.361049 -0.785398 -7.069475 -0.785398 -7.069475 -0.628319 -7.361049 -0.628319 -6.83526 -0.785398 -7.069475 -0.628319 -6.83526 -0.785398 -6.515007 -0.785398 -6.515007 -0.628319 -6.83526 -0.628319 -6.30947 -0.785398 -6.515007 -0.628319 -6.30947 -0.785398 -5.960538 -0.785398 -5.960538 -0.628319 -6.30947 -0.628319 -5.783681 -0.785398 -5.960538 -0.628319 -5.783681 -0.785398 -5.406069 -0.785398 -5.406069 -0.628319 -5.783681 -0.628319 -5.257893 -0.785398 -5.406069 -0.628319 -5.257893 -0.785398 -4.851601 -0.785398 -4.851601 -0.628319 -5.257893 -0.628319 -4.732103 -0.785398 -4.851601 -0.628319 -4.732103 -0.785398 -4.297132 -0.785398 -4.297132 -0.628319 -4.732103 -0.628319 -4.206314 -0.785398 -4.297132 -0.628319 -4.206314 -0.785398 -3.742663 -0.785398 -3.742663 -0.628319 -4.206314 -0.628319 -3.680524 -0.785398 -3.742663 -0.628319 -3.680524 -0.785398 -3.188195 -0.785398 -3.188195 -0.628319 -3.680524 -0.628319 -3.154735 -0.785398 -3.188195 -0.628319 -3.154735 -0.785398 -2.633726 -0.785398 -2.633726 -0.628319 -3.154735 -0.628319 -2.63277 -0.785398 -2.633726 -0.628319 -2.63277 -0.628319 -2.103157 -0.628319 -2.103157 -0.628319 -2.63277 -0.471239 -2.631814 -0.628319 -2.103157 -0.471239 -2.631814 -0.471239 -2.103157 -0.471239 -2.103157 -0.471239 -2.631814 -0.314159 -2.630858 -0.471239 -2.103157 -0.314159 -2.630858 -0.314159 -2.103157 -0.314159 -2.103157 -0.314159 -2.630858 -0.1570799 -2.629902 -0.314159 -2.103157 -0.1570799 -2.629902 -0.1570799 -2.103157 -0.628319 -7.886838 -0.785398 -8.178413 -0.628319 -8.412628 -0.628319 -8.412628 -0.785398 -8.178413 -0.785398 -8.732881 -0.628319 -8.412628 -0.785398 -8.732881 -0.628319 -8.938416 -0.628319 -8.938416 -0.785398 -8.732881 -0.785398 -9.28735 -0.628319 -8.938416 -0.785398 -9.28735 -0.628319 -9.464206 -0.628319 -9.464206 -0.785398 -9.28735 -0.785398 -9.841818 -0.628319 -9.464206 -0.785398 -9.841818 -0.628319 -9.989995 -0.628319 -9.989995 -0.785398 -9.841818 -0.785398 -10.39629 -0.628319 -9.989995 -0.785398 -10.39629 -0.628319 -10.51578 -0.628319 -10.51578 -0.785398 -10.39629 -0.785398 -10.95075 -0.628319 -10.51578 -0.785398 -10.95075 -0.628319 -11.04157 -0.628319 -11.04157 -0.785398 -10.95075 -0.785398 -11.50522 -0.628319 -11.04157 -0.785398 -11.50522 -0.628319 -11.56736 -0.628319 -11.56736 -0.785398 -11.50522 -0.785398 -12.05969 -0.628319 -11.56736 -0.785398 -12.05969 -0.628319 -12.09315 -0.628319 -12.09315 -0.785398 -12.05969 -0.785398 -12.61416 -0.628319 -12.09315 -0.785398 -12.61416 -0.628319 -12.61512 -0.628319 -12.61512 -0.785398 -12.61416 -0.628319 -13.14473 -0.628319 -12.61512 -0.628319 -13.14473 -0.471239 -12.61607 -0.471239 -12.61607 -0.628319 -13.14473 -0.471239 -13.14473 -0.471239 -12.61607 -0.471239 -13.14473 -0.314159 -12.61703 -0.314159 -12.61703 -0.471239 -13.14473 -0.314159 -13.14473 -0.314159 -12.61703 -0.314159 -13.14473 -0.1570799 -12.61798 -0.1570799 -12.61798 -0.314159 -13.14473 -0.1570799 -13.14473 -0.785398 -12.61416 -0.785398 -13.16863 -0.628319 -13.14473 -0.628319 -13.14473 -0.785398 -13.16863 -0.628319 -13.67052 -0.628319 -13.14473 -0.628319 -13.67052 -0.471239 -13.67052 -0.471239 -13.67052 -0.628319 -13.67052 -0.471239 -14.19631 -0.471239 -13.67052 -0.471239 -14.19631 -0.314159 -14.19631 -0.314159 -14.19631 -0.471239 -14.19631 -0.314159 -14.7221 -0.314159 -14.19631 -0.314159 -14.7221 -0.1570799 -14.7221 -0.1570799 -14.7221 -0.314159 -14.7221 -0.1570799 -15.24789 -0.785398 -13.16863 -0.785398 -13.7231 -0.628319 -13.67052 -0.628319 -13.67052 -0.785398 -13.7231 -0.628319 -14.19631 -0.628319 -13.67052 -0.628319 -14.19631 -0.471239 -14.19631 -0.471239 -14.19631 -0.628319 -14.19631 -0.471239 -14.7221 -0.471239 -14.19631 -0.471239 -14.7221 -0.314159 -14.7221 -0.314159 -14.7221 -0.471239 -14.7221 -0.314159 -15.24789 -0.314159 15.77368 -0.314159 15.24789 -0.1570799 15.24789 -0.1570799 15.24789 -0.314159 15.24789 -0.1570799 14.7221 -0.785398 -13.7231 -0.785398 -14.27757 -0.628319 -14.19631 -0.628319 -14.19631 -0.785398 -14.27757 -0.628319 -14.7221 -0.628319 -14.19631 -0.628319 -14.7221 -0.471239 -14.7221 -0.471239 -14.7221 -0.628319 -14.7221 -0.471239 -15.24789 -0.471239 15.77368 -0.471239 15.24789 -0.314159 15.24789 -0.314159 15.24789 -0.471239 15.24789 -0.314159 14.7221 -0.314159 15.24789 -0.314159 14.7221 -0.1570799 14.7221 -0.1570799 14.7221 -0.314159 14.7221 -0.1570799 14.19631 -0.785398 -14.27757 -0.785398 -14.83204 -0.628319 -14.7221 -0.628319 -14.7221 -0.785398 -14.83204 -0.628319 -15.24789 -0.628319 -14.7221 -0.628319 -15.24789 -0.471239 -15.24789 -0.471239 15.24789 -0.628319 15.24789 -0.471239 14.7221 -0.471239 15.24789 -0.471239 14.7221 -0.314159 14.7221 -0.314159 14.7221 -0.471239 14.7221 -0.314159 14.19631 -0.314159 14.7221 -0.314159 14.19631 -0.1570799 14.19631 -0.1570799 14.19631 -0.314159 14.19631 -0.1570799 13.67052 -0.785398 15.66374 -0.785398 15.10927 -0.628319 15.24789 -0.628319 15.24789 -0.785398 15.10927 -0.628319 14.7221 -0.628319 15.24789 -0.628319 14.7221 -0.471239 14.7221 -0.471239 14.7221 -0.628319 14.7221 -0.471239 14.19631 -0.471239 14.7221 -0.471239 14.19631 -0.314159 14.19631 -0.314159 14.19631 -0.471239 14.19631 -0.314159 13.67052 -0.314159 14.19631 -0.314159 13.67052 -0.1570799 13.67052 -0.1570799 13.67052 -0.314159 13.67052 -0.1570799 13.14473 -0.785398 15.10927 -0.785398 14.5548 -0.628319 14.7221 -0.628319 14.7221 -0.785398 14.5548 -0.628319 14.19631 -0.628319 14.7221 -0.628319 14.19631 -0.471239 14.19631 -0.471239 14.19631 -0.628319 14.19631 -0.471239 13.67052 -0.471239 14.19631 -0.471239 13.67052 -0.314159 13.67052 -0.314159 13.67052 -0.471239 13.67052 -0.314159 13.14473 -0.314159 13.67052 -0.314159 13.14473 -0.1570799 13.14473 -0.1570799 13.14473 -0.314159 13.14473 -0.1570799 12.61894 -0.785398 14.5548 -0.785398 14.00033 -0.628319 14.19631 -0.628319 14.19631 -0.785398 14.00033 -0.628319 13.67052 -0.628319 14.19631 -0.628319 13.67052 -0.471239 13.67052 -0.471239 13.67052 -0.628319 13.67052 -0.471239 13.14473 -0.471239 13.67052 -0.471239 13.14473 -0.314159 13.14473 -0.314159 13.14473 -0.471239 13.14473 -0.314159 12.61894 -0.314159 13.14473 -0.314159 12.61894 -0.1570799 12.61894 -0.1570799 12.61894 -0.314159 12.61894 -0.1570799 12.09315 -0.785398 14.00033 -0.785398 13.44586 -0.628319 13.67052 -0.628319 13.67052 -0.785398 13.44586 -0.628319 13.14473 -0.628319 13.67052 -0.628319 13.14473 -0.471239 13.14473 -0.471239 13.14473 -0.628319 13.14473 -0.471239 12.61894 -0.471239 13.14473 -0.471239 12.61894 -0.314159 12.61894 -0.314159 12.61894 -0.471239 12.61894 -0.314159 12.09315 -0.314159 12.61894 -0.314159 12.09315 -0.1570799 12.09315 -0.1570799 12.09315 -0.314159 12.09315 -0.1570799 11.56736 -0.785398 13.44586 -0.785398 12.8914 -0.628319 13.14473 -0.628319 13.14473 -0.785398 12.8914 -0.628319 12.61894 -0.628319 13.14473 -0.628319 12.61894 -0.471239 12.61894 -0.471239 12.61894 -0.628319 12.61894 -0.471239 12.09315 -0.471239 12.61894 -0.471239 12.09315 -0.314159 12.09315 -0.314159 12.09315 -0.471239 12.09315 -0.314159 11.56736 -0.314159 12.09315 -0.314159 11.56736 -0.1570799 11.56736 -0.1570799 11.56736 -0.314159 11.56736 -0.1570799 11.04157 -0.785398 12.8914 -0.785398 12.33693 -0.628319 12.61894 -0.628319 12.61894 -0.785398 12.33693 -0.628319 12.09315 -0.628319 12.61894 -0.628319 12.09315 -0.471239 12.09315 -0.471239 12.09315 -0.628319 12.09315 -0.471239 11.56736 -0.471239 12.09315 -0.471239 11.56736 -0.314159 11.56736 -0.314159 11.56736 -0.471239 11.56736 -0.314159 11.04157 -0.314159 11.56736 -0.314159 11.04157 -0.1570799 11.04157 -0.1570799 11.04157 -0.314159 11.04157 -0.1570799 10.51578 -0.785398 12.33693 -0.785398 11.78246 -0.628319 12.09315 -0.628319 12.09315 -0.785398 11.78246 -0.628319 11.56736 -0.628319 12.09315 -0.628319 11.56736 -0.471239 11.56736 -0.471239 11.56736 -0.628319 11.56736 -0.471239 11.04157 -0.471239 11.56736 -0.471239 11.04157 -0.314159 11.04157 -0.314159 11.04157 -0.471239 11.04157 -0.314159 10.51578 -0.314159 11.04157 -0.314159 10.51578 -0.1570799 10.51578 -0.1570799 10.51578 -0.314159 10.51578 -0.1570799 9.989995 -0.785398 11.78246 -0.785398 11.22799 -0.628319 11.56736 -0.628319 11.56736 -0.785398 11.22799 -0.628319 11.04157 -0.628319 11.56736 -0.628319 11.04157 -0.471239 11.04157 -0.471239 11.04157 -0.628319 11.04157 -0.471239 10.51578 -0.471239 11.04157 -0.471239 10.51578 -0.314159 10.51578 -0.314159 10.51578 -0.471239 10.51578 -0.314159 9.989995 -0.314159 10.51578 -0.314159 9.989995 -0.1570799 9.989995 -0.1570799 9.989995 -0.314159 9.989995 -0.1570799 9.464206 -0.785398 11.22799 -0.785398 10.67352 -0.628319 11.04157 -0.628319 11.04157 -0.785398 10.67352 -0.628319 10.51578 -0.628319 11.04157 -0.628319 10.51578 -0.471239 10.51578 -0.471239 10.51578 -0.628319 10.51578 -0.471239 9.989995 -0.471239 10.51578 -0.471239 9.989995 -0.314159 9.989995 -0.314159 9.989995 -0.471239 9.989995 -0.314159 9.464206 -0.314159 9.989995 -0.314159 9.464206 -0.1570799 9.464206 -0.1570799 9.464206 -0.314159 9.464206 -0.1570799 8.938416 -0.785398 10.67352 -0.785398 10.11905 -0.628319 10.51578 -0.628319 10.51578 -0.785398 10.11905 -0.628319 9.989995 -0.628319 10.51578 -0.628319 9.989995 -0.471239 9.989995 -0.471239 9.989995 -0.628319 9.989995 -0.471239 9.464206 -0.471239 9.989995 -0.471239 9.464206 -0.314159 9.464206 -0.314159 9.464206 -0.471239 9.464206 -0.314159 8.938416 -0.314159 9.464206 -0.314159 8.938416 -0.1570799 8.938416 -0.1570799 8.938416 -0.314159 8.938416 -0.1570799 8.412628 -0.785398 10.11905 -0.785398 9.564584 -0.628319 9.989995 -0.628319 9.989995 -0.785398 9.564584 -0.628319 9.464206 -0.628319 9.989995 -0.628319 9.464206 -0.471239 9.464206 -0.471239 9.464206 -0.628319 9.464206 -0.471239 8.938416 -0.471239 9.464206 -0.471239 8.938416 -0.314159 8.938416 -0.314159 8.938416 -0.471239 8.938416 -0.314159 8.412628 -0.314159 8.938416 -0.314159 8.412628 -0.1570799 8.412628 -0.1570799 8.412628 -0.314159 8.412628 -0.1570799 7.886838 -0.785398 9.564584 -0.785398 9.010115 -0.628319 9.464206 -0.628319 9.464206 -0.785398 9.010115 -0.628319 8.938416 -0.628319 9.464206 -0.628319 8.938416 -0.471239 8.938416 -0.471239 8.938416 -0.628319 8.938416 -0.471239 8.412628 -0.471239 8.938416 -0.471239 8.412628 -0.314159 8.412628 -0.314159 8.412628 -0.471239 8.412628 -0.314159 7.886838 -0.314159 8.412628 -0.314159 7.886838 -0.1570799 7.886838 -0.1570799 7.886838 -0.314159 7.886838 -0.1570799 7.361049 -0.785398 9.010115 -0.785398 8.455648 -0.628319 8.938416 -0.628319 8.938416 -0.785398 8.455648 -0.628319 8.412628 -0.628319 8.938416 -0.628319 8.412628 -0.471239 8.412628 -0.471239 8.412628 -0.628319 8.412628 -0.471239 7.886838 -0.471239 8.412628 -0.471239 7.886838 -0.314159 7.886838 -0.314159 7.886838 -0.471239 7.886838 -0.314159 7.361049 -0.314159 7.886838 -0.314159 7.361049 -0.1570799 7.361049 -0.1570799 7.361049 -0.314159 7.361049 -0.1570799 6.83526 -0.785398 8.455648 -0.785398 7.901178 -0.628319 8.412628 -0.628319 8.412628 -0.785398 7.901178 -0.628319 7.886838 -0.628319 8.412628 -0.628319 7.886838 -0.471239 7.886838 -0.471239 7.886838 -0.628319 7.886838 -0.471239 7.361049 -0.471239 7.886838 -0.471239 7.361049 -0.314159 7.361049 -0.314159 7.361049 -0.471239 7.361049 -0.314159 6.83526 -0.314159 7.361049 -0.314159 6.83526 -0.1570799 6.83526 -0.1570799 6.83526 -0.314159 6.83526 -0.1570799 6.30947 -0.785398 7.901178 -0.785398 7.346709 -0.628319 7.886838 -0.628319 7.886838 -0.785398 7.346709 -0.628319 7.361049 -0.628319 7.886838 -0.628319 7.361049 -0.471239 7.361049 -0.471239 7.361049 -0.628319 7.361049 -0.471239 6.83526 -0.471239 7.361049 -0.471239 6.83526 -0.314159 6.83526 -0.314159 6.83526 -0.471239 6.83526 -0.314159 6.30947 -0.314159 6.83526 -0.314159 6.30947 -0.1570799 6.30947 -0.1570799 6.30947 -0.314159 6.30947 -0.1570799 5.783681 -0.628319 7.361049 -0.785398 7.346709 -0.628319 6.83526 -0.628319 6.83526 -0.785398 7.346709 -0.785398 6.792241 -0.628319 6.83526 -0.785398 6.792241 -0.628319 6.30947 -0.628319 6.30947 -0.785398 6.792241 -0.785398 6.237772 -0.628319 6.30947 -0.785398 6.237772 -0.628319 5.783681 -0.628319 5.783681 -0.785398 6.237772 -0.785398 5.683303 -0.628319 5.783681 -0.785398 5.683303 -0.628319 5.257893 -0.628319 5.257893 -0.785398 5.683303 -0.785398 5.128835 -0.628319 5.257893 -0.785398 5.128835 -0.628319 4.732103 -0.628319 4.732103 -0.785398 5.128835 -0.785398 4.574367 -0.628319 4.732103 -0.785398 4.574367 -0.628319 4.206314 -0.628319 4.206314 -0.785398 4.574367 -0.785398 4.019897 -0.628319 4.206314 -0.785398 4.019897 -0.628319 3.680524 -0.628319 3.680524 -0.785398 4.019897 -0.785398 3.465429 -0.628319 3.680524 -0.785398 3.465429 -0.628319 3.154735 -0.628319 3.154735 -0.785398 3.465429 -0.785398 2.91096 -0.628319 3.154735 -0.785398 2.91096 -0.628319 2.628946 -0.628319 2.628946 -0.785398 2.91096 -0.785398 2.356492 -0.628319 2.628946 -0.785398 2.356492 -0.628319 2.103157 -0.628319 2.103157 -0.785398 2.356492 -0.785398 1.802023 -0.628319 2.103157 -0.785398 1.802023 -0.628319 1.577368 -0.628319 1.577368 -0.785398 1.802023 -0.785398 1.247554 -0.628319 1.577368 -0.785398 1.247554 -0.628319 1.051578 -0.628319 1.051578 -0.785398 1.247554 -0.785398 0.693086 -0.628319 1.051578 -0.785398 0.693086 -0.628319 0.525789 -0.628319 0.525789 -0.785398 0.693086 -0.785398 0.138617 -0.628319 0.525789 -0.785398 0.138617 -0.628319 0 -0.628319 0 -0.785398 0.138617 -0.785398 -0.415851 -0.628319 0 -0.785398 -0.415851 -0.628319 -0.525789 -0.628319 -0.525789 -0.785398 -0.415851 -0.785398 -0.97032 -0.628319 -0.525789 -0.785398 -0.97032 -0.628319 -1.051578 -0.628319 -1.051578 -0.785398 -0.97032 -0.785398 -1.524789 -0.628319 -1.051578 -0.785398 -1.524789 -0.628319 -1.577368 -0.628319 -1.577368 -0.785398 -1.524789 -0.785398 -2.079257 -0.628319 -1.577368 -0.785398 -2.079257 -0.628319 -2.103157 -0.628319 -2.103157 -0.785398 -2.079257 -0.785398 -2.633726 -0.1570799 -7.361049 -0.314159 -7.361049 -0.1570799 -7.886838 -0.1570799 -7.886838 -0.314159 -7.361049 -0.314159 -7.886838 -0.1570799 -7.886838 -0.314159 -7.886838 -0.1570799 -8.412628 -0.1570799 -8.412628 -0.314159 -7.886838 -0.314159 -8.412628 -0.1570799 -8.412628 -0.314159 -8.412628 -0.1570799 -8.938416 -0.1570799 -8.938416 -0.314159 -8.412628 -0.314159 -8.938416 -0.1570799 -8.938416 -0.314159 -8.938416 -0.1570799 -9.464206 -0.1570799 -9.464206 -0.314159 -8.938416 -0.314159 -9.464206 -0.1570799 -9.464206 -0.314159 -9.464206 -0.1570799 -9.989995 -0.1570799 -9.989995 -0.314159 -9.464206 -0.314159 -9.989995 -0.1570799 -9.989995 -0.314159 -9.989995 -0.1570799 -10.51578 -0.1570799 -10.51578 -0.314159 -9.989995 -0.314159 -10.51578 -0.1570799 -10.51578 -0.314159 -10.51578 -0.1570799 -11.04157 -0.1570799 -11.04157 -0.314159 -10.51578 -0.314159 -11.04157 -0.1570799 -11.04157 -0.314159 -11.04157 -0.1570799 -11.56736 -0.1570799 -11.56736 -0.314159 -11.04157 -0.314159 -11.56736 -0.1570799 -11.56736 -0.314159 -11.56736 -0.1570799 -12.09315 -0.1570799 -12.09315 -0.314159 -11.56736 -0.314159 -12.09315 -0.1570799 -12.09315 -0.314159 -12.09315 -0.314159 -12.61703 -0.314159 -12.61703 -0.314159 -12.09315 -0.471239 -12.61607 -0.314159 -7.361049 -0.471239 -7.361049 -0.314159 -7.886838 -0.314159 -7.886838 -0.471239 -7.361049 -0.471239 -7.886838 -0.314159 -7.886838 -0.471239 -7.886838 -0.314159 -8.412628 -0.314159 -8.412628 -0.471239 -7.886838 -0.471239 -8.412628 -0.314159 -8.412628 -0.471239 -8.412628 -0.314159 -8.938416 -0.314159 -8.938416 -0.471239 -8.412628 -0.471239 -8.938416 -0.314159 -8.938416 -0.471239 -8.938416 -0.314159 -9.464206 -0.314159 -9.464206 -0.471239 -8.938416 -0.471239 -9.464206 -0.314159 -9.464206 -0.471239 -9.464206 -0.314159 -9.989995 -0.314159 -9.989995 -0.471239 -9.464206 -0.471239 -9.989995 -0.314159 -9.989995 -0.471239 -9.989995 -0.314159 -10.51578 -0.314159 -10.51578 -0.471239 -9.989995 -0.471239 -10.51578 -0.314159 -10.51578 -0.471239 -10.51578 -0.314159 -11.04157 -0.314159 -11.04157 -0.471239 -10.51578 -0.471239 -11.04157 -0.314159 -11.04157 -0.471239 -11.04157 -0.314159 -11.56736 -0.314159 -11.56736 -0.471239 -11.04157 -0.471239 -11.56736 -0.314159 -11.56736 -0.471239 -11.56736 -0.314159 -12.09315 -0.314159 -12.09315 -0.471239 -11.56736 -0.471239 -12.09315 -0.314159 -12.09315 -0.471239 -12.09315 -0.471239 -12.61607 -0.471239 -12.61607 -0.471239 -12.09315 -0.628319 -12.61512 -0.314159 -7.361049 -0.1570799 -7.361049 -0.314159 -6.83526 -0.314159 -6.83526 -0.1570799 -7.361049 -0.1570799 -6.83526 -0.314159 -6.83526 -0.1570799 -6.83526 -0.314159 -6.30947 -0.314159 -6.30947 -0.1570799 -6.83526 -0.1570799 -6.30947 -0.314159 -6.30947 -0.1570799 -6.30947 -0.314159 -5.783681 -0.314159 -5.783681 -0.1570799 -6.30947 -0.1570799 -5.783681 -0.314159 -5.783681 -0.1570799 -5.783681 -0.314159 -5.257893 -0.314159 -5.257893 -0.1570799 -5.783681 -0.1570799 -5.257893 -0.314159 -5.257893 -0.1570799 -5.257893 -0.314159 -4.732103 -0.314159 -4.732103 -0.1570799 -5.257893 -0.1570799 -4.732103 -0.314159 -4.732103 -0.1570799 -4.732103 -0.314159 -4.206314 -0.314159 -4.206314 -0.1570799 -4.732103 -0.1570799 -4.206314 -0.314159 -4.206314 -0.1570799 -4.206314 -0.314159 -3.680524 -0.314159 -3.680524 -0.1570799 -4.206314 -0.1570799 -3.680524 -0.314159 -3.680524 -0.1570799 -3.680524 -0.314159 -3.154735 -0.314159 -3.154735 -0.1570799 -3.680524 -0.1570799 -3.154735 -0.314159 -3.154735 -0.1570799 -3.154735 -0.314159 -2.630858 -0.314159 -2.630858 -0.1570799 -3.154735 -0.1570799 -2.629902 -0.471239 -7.361049 -0.628319 -7.361049 -0.471239 -7.886838 -0.471239 -7.886838 -0.628319 -7.361049 -0.628319 -7.886838 -0.471239 -7.886838 -0.628319 -7.886838 -0.471239 -8.412628 -0.471239 -8.412628 -0.628319 -7.886838 -0.628319 -8.412628 -0.471239 -8.412628 -0.628319 -8.412628 -0.471239 -8.938416 -0.471239 -8.938416 -0.628319 -8.412628 -0.628319 -8.938416 -0.471239 -8.938416 -0.628319 -8.938416 -0.471239 -9.464206 -0.471239 -9.464206 -0.628319 -8.938416 -0.628319 -9.464206 -0.471239 -9.464206 -0.628319 -9.464206 -0.471239 -9.989995 -0.471239 -9.989995 -0.628319 -9.464206 -0.628319 -9.989995 -0.471239 -9.989995 -0.628319 -9.989995 -0.471239 -10.51578 -0.471239 -10.51578 -0.628319 -9.989995 -0.628319 -10.51578 -0.471239 -10.51578 -0.628319 -10.51578 -0.471239 -11.04157 -0.471239 -11.04157 -0.628319 -10.51578 -0.628319 -11.04157 -0.471239 -11.04157 -0.628319 -11.04157 -0.471239 -11.56736 -0.471239 -11.56736 -0.628319 -11.04157 -0.628319 -11.56736 -0.471239 -11.56736 -0.628319 -11.56736 -0.471239 -12.09315 -0.471239 -12.09315 -0.628319 -11.56736 -0.628319 -12.09315 -0.471239 -12.09315 -0.628319 -12.09315 -0.628319 -12.61512 -0.471239 -7.361049 -0.314159 -7.361049 -0.471239 -6.83526 -0.471239 -6.83526 -0.314159 -7.361049 -0.314159 -6.83526 -0.471239 -6.83526 -0.314159 -6.83526 -0.471239 -6.30947 -0.471239 -6.30947 -0.314159 -6.83526 -0.314159 -6.30947 -0.471239 -6.30947 -0.314159 -6.30947 -0.471239 -5.783681 -0.471239 -5.783681 -0.314159 -6.30947 -0.314159 -5.783681 -0.471239 -5.783681 -0.314159 -5.783681 -0.471239 -5.257893 -0.471239 -5.257893 -0.314159 -5.783681 -0.314159 -5.257893 -0.471239 -5.257893 -0.314159 -5.257893 -0.471239 -4.732103 -0.471239 -4.732103 -0.314159 -5.257893 -0.314159 -4.732103 -0.471239 -4.732103 -0.314159 -4.732103 -0.471239 -4.206314 -0.471239 -4.206314 -0.314159 -4.732103 -0.314159 -4.206314 -0.471239 -4.206314 -0.314159 -4.206314 -0.471239 -3.680524 -0.471239 -3.680524 -0.314159 -4.206314 -0.314159 -3.680524 -0.471239 -3.680524 -0.314159 -3.680524 -0.471239 -3.154735 -0.471239 -3.154735 -0.314159 -3.680524 -0.314159 -3.154735 -0.471239 -3.154735 -0.314159 -3.154735 -0.471239 -2.631814 -0.471239 -2.631814 -0.314159 -3.154735 -0.314159 -2.630858 -0.628319 -7.361049 -0.471239 -7.361049 -0.628319 -6.83526 -0.628319 -6.83526 -0.471239 -7.361049 -0.471239 -6.83526 -0.628319 -6.83526 -0.471239 -6.83526 -0.628319 -6.30947 -0.628319 -6.30947 -0.471239 -6.83526 -0.471239 -6.30947 -0.628319 -6.30947 -0.471239 -6.30947 -0.628319 -5.783681 -0.628319 -5.783681 -0.471239 -6.30947 -0.471239 -5.783681 -0.628319 -5.783681 -0.471239 -5.783681 -0.628319 -5.257893 -0.628319 -5.257893 -0.471239 -5.783681 -0.471239 -5.257893 -0.628319 -5.257893 -0.471239 -5.257893 -0.628319 -4.732103 -0.628319 -4.732103 -0.471239 -5.257893 -0.471239 -4.732103 -0.628319 -4.732103 -0.471239 -4.732103 -0.628319 -4.206314 -0.628319 -4.206314 -0.471239 -4.732103 -0.471239 -4.206314 -0.628319 -4.206314 -0.471239 -4.206314 -0.628319 -3.680524 -0.628319 -3.680524 -0.471239 -4.206314 -0.471239 -3.680524 -0.628319 -3.680524 -0.471239 -3.680524 -0.628319 -3.154735 -0.628319 -3.154735 -0.471239 -3.680524 -0.471239 -3.154735 -0.628319 -3.154735 -0.471239 -3.154735 -0.628319 -2.63277 -0.628319 -2.63277 -0.471239 -3.154735 -0.471239 -2.631814 -0.314159 -2.103157 -0.1570799 -2.103157 -0.314159 -1.577368 -0.314159 -1.577368 -0.1570799 -2.103157 -0.1570799 -1.577368 -0.314159 -1.577368 -0.1570799 -1.577368 -0.314159 -1.051578 -0.314159 -1.051578 -0.1570799 -1.577368 -0.1570799 -1.051578 -0.314159 -1.051578 -0.1570799 -1.051578 -0.314159 -0.525789 -0.314159 -0.525789 -0.1570799 -1.051578 -0.1570799 -0.525789 -0.314159 -0.525789 -0.1570799 -0.525789 -0.314159 0 -0.314159 0 -0.1570799 -0.525789 -0.1570799 0 -0.314159 0 -0.1570799 0 -0.314159 0.525789 -0.314159 0.525789 -0.1570799 0 -0.1570799 0.525789 -0.314159 0.525789 -0.1570799 0.525789 -0.314159 1.051578 -0.314159 1.051578 -0.1570799 0.525789 -0.1570799 1.051578 -0.314159 1.051578 -0.1570799 1.051578 -0.314159 1.577368 -0.314159 1.577368 -0.1570799 1.051578 -0.1570799 1.577368 -0.314159 1.577368 -0.1570799 1.577368 -0.314159 2.103157 -0.314159 2.103157 -0.1570799 1.577368 -0.1570799 2.103157 -0.314159 2.103157 -0.1570799 2.103157 -0.314159 2.628946 -0.314159 2.628946 -0.1570799 2.103157 -0.1570799 2.628946 -0.314159 2.628946 -0.1570799 2.628946 -0.314159 3.154735 -0.314159 3.154735 -0.1570799 2.628946 -0.1570799 3.154735 -0.314159 3.154735 -0.1570799 3.154735 -0.314159 3.680524 -0.314159 3.680524 -0.1570799 3.154735 -0.1570799 3.680524 -0.314159 3.680524 -0.1570799 3.680524 -0.314159 4.206314 -0.314159 4.206314 -0.1570799 3.680524 -0.1570799 4.206314 -0.314159 4.206314 -0.1570799 4.206314 -0.314159 4.732103 -0.314159 4.732103 -0.1570799 4.206314 -0.1570799 4.732103 -0.314159 4.732103 -0.1570799 4.732103 -0.314159 5.257893 -0.314159 5.257893 -0.1570799 4.732103 -0.1570799 5.257893 -0.314159 5.257893 -0.1570799 5.257893 -0.314159 5.783681 -0.314159 5.783681 -0.1570799 5.257893 -0.1570799 5.783681 -0.314159 5.783681 -0.1570799 5.783681 -0.314159 6.30947 -0.628319 -1.577368 -0.628319 -2.103157 -0.471239 -2.103157 -0.471239 -2.103157 -0.314159 -2.103157 -0.471239 -1.577368 -0.471239 -1.577368 -0.314159 -2.103157 -0.314159 -1.577368 -0.471239 -1.577368 -0.314159 -1.577368 -0.471239 -1.051578 -0.471239 -1.051578 -0.314159 -1.577368 -0.314159 -1.051578 -0.471239 -1.051578 -0.314159 -1.051578 -0.471239 -0.525789 -0.471239 -0.525789 -0.314159 -1.051578 -0.314159 -0.525789 -0.471239 -0.525789 -0.314159 -0.525789 -0.471239 0 -0.471239 0 -0.314159 -0.525789 -0.314159 0 -0.471239 0 -0.314159 0 -0.471239 0.525789 -0.471239 0.525789 -0.314159 0 -0.314159 0.525789 -0.471239 0.525789 -0.314159 0.525789 -0.471239 1.051578 -0.471239 1.051578 -0.314159 0.525789 -0.314159 1.051578 -0.471239 1.051578 -0.314159 1.051578 -0.471239 1.577368 -0.471239 1.577368 -0.314159 1.051578 -0.314159 1.577368 -0.471239 1.577368 -0.314159 1.577368 -0.471239 2.103157 -0.471239 2.103157 -0.314159 1.577368 -0.314159 2.103157 -0.471239 2.103157 -0.314159 2.103157 -0.471239 2.628946 -0.471239 2.628946 -0.314159 2.103157 -0.314159 2.628946 -0.471239 2.628946 -0.314159 2.628946 -0.471239 3.154735 -0.471239 3.154735 -0.314159 2.628946 -0.314159 3.154735 -0.471239 3.154735 -0.314159 3.154735 -0.471239 3.680524 -0.471239 3.680524 -0.314159 3.154735 -0.314159 3.680524 -0.471239 3.680524 -0.314159 3.680524 -0.471239 4.206314 -0.471239 4.206314 -0.314159 3.680524 -0.314159 4.206314 -0.471239 4.206314 -0.314159 4.206314 -0.471239 4.732103 -0.471239 4.732103 -0.314159 4.206314 -0.314159 4.732103 -0.471239 4.732103 -0.314159 4.732103 -0.471239 5.257893 -0.471239 5.257893 -0.314159 4.732103 -0.314159 5.257893 -0.471239 5.257893 -0.314159 5.257893 -0.471239 5.783681 -0.471239 5.783681 -0.314159 5.257893 -0.314159 5.783681 -0.471239 5.783681 -0.314159 5.783681 -0.471239 6.30947 -0.471239 6.30947 -0.314159 5.783681 -0.314159 6.30947 -0.471239 6.30947 -0.314159 6.30947 -0.471239 6.83526 -0.628319 -1.051578 -0.628319 -1.577368 -0.471239 -1.577368 -0.471239 -1.577368 -0.628319 -1.577368 -0.471239 -2.103157 -0.628319 -1.051578 -0.471239 -1.577368 -0.471239 -1.051578 -0.628319 -0.525789 -0.628319 -1.051578 -0.471239 -1.051578 -0.628319 -0.525789 -0.471239 -1.051578 -0.471239 -0.525789 -0.628319 0 -0.628319 -0.525789 -0.471239 -0.525789 -0.628319 0 -0.471239 -0.525789 -0.471239 0 -0.628319 0.525789 -0.628319 0 -0.471239 0 -0.628319 0.525789 -0.471239 0 -0.471239 0.525789 -0.628319 1.051578 -0.628319 0.525789 -0.471239 0.525789 -0.628319 1.051578 -0.471239 0.525789 -0.471239 1.051578 -0.628319 1.577368 -0.628319 1.051578 -0.471239 1.051578 -0.628319 1.577368 -0.471239 1.051578 -0.471239 1.577368 -0.628319 2.103157 -0.628319 1.577368 -0.471239 1.577368 -0.628319 2.103157 -0.471239 1.577368 -0.471239 2.103157 -0.628319 2.628946 -0.628319 2.103157 -0.471239 2.103157 -0.628319 2.628946 -0.471239 2.103157 -0.471239 2.628946 -0.628319 3.154735 -0.628319 2.628946 -0.471239 2.628946 -0.628319 3.154735 -0.471239 2.628946 -0.471239 3.154735 -0.628319 3.680524 -0.628319 3.154735 -0.471239 3.154735 -0.628319 3.680524 -0.471239 3.154735 -0.471239 3.680524 -0.628319 4.206314 -0.628319 3.680524 -0.471239 3.680524 -0.628319 4.206314 -0.471239 3.680524 -0.471239 4.206314 -0.628319 4.732103 -0.628319 4.206314 -0.471239 4.206314 -0.628319 4.732103 -0.471239 4.206314 -0.471239 4.732103 -0.628319 5.257893 -0.628319 4.732103 -0.471239 4.732103 -0.628319 5.257893 -0.471239 4.732103 -0.471239 5.257893 -0.628319 5.783681 -0.628319 5.257893 -0.471239 5.257893 -0.628319 5.783681 -0.471239 5.257893 -0.471239 5.783681 -0.628319 6.30947 -0.628319 5.783681 -0.471239 5.783681 -0.628319 6.30947 -0.471239 5.783681 -0.471239 6.30947 -0.628319 6.83526 -0.628319 6.30947 -0.471239 6.30947 -0.628319 6.83526 -0.471239 6.30947 -0.471239 6.83526 -0.628319 7.361049 -0.628319 6.83526 -0.471239 6.83526 -0.1570799 -14.7221 -0.1570799 -14.19631 -0.314159 -14.19631 -0.314159 -14.19631 -0.1570799 -14.19631 -0.314159 -13.67052 -0.314159 -14.19631 -0.314159 -13.67052 -0.471239 -13.67052 -0.471239 -13.67052 -0.314159 -13.67052 -0.471239 -13.14473 -0.471239 -13.67052 -0.471239 -13.14473 -0.628319 -13.14473 -0.1570799 -14.19631 -0.1570799 -13.67052 -0.314159 -13.67052 -0.314159 -13.67052 -0.1570799 -13.67052 -0.314159 -13.14473 -0.314159 -13.67052 -0.314159 -13.14473 -0.471239 -13.14473 -0.1570799 -13.14473 -0.314159 -13.14473 -0.1570799 -13.67052 -0.1570799 -12.09315 -0.314159 -12.61703 -0.1570799 -12.61798 -2 1.405449 2 1.405449 -2 1.570796 -2 1.570796 2 1.405449 2 1.570796 -2 -1.570796 2 -1.570796 -2 -1.405449 -2 -1.405449 2 -1.570796 2 -1.405449 -2 -1.405449 2 -1.405449 -2 -1.240102 -2 -1.240102 2 -1.405449 2 -1.240102 -2 -1.240102 2 -1.240102 -2 -1.074755 -2 -1.074755 2 -1.240102 2 -1.074755 -2 -1.074755 2 -1.074755 -2 -0.909408 -2 -0.909408 2 -1.074755 2 -0.909408 -2 -0.909408 2 -0.909408 -2 -0.744061 -2 -0.744061 2 -0.909408 2 -0.744061 -2 -0.744061 2 -0.744061 -2 -0.578714 -2 -0.578714 2 -0.744061 2 -0.578714 -2 -0.578714 2 -0.578714 -2 -0.413367 -2 -0.413367 2 -0.578714 2 -0.413367 -2 -0.413367 2 -0.413367 -2 -0.2480199 -2 -0.2480199 2 -0.413367 2 -0.2480199 -2 -0.2480199 2 -0.2480199 -2 -0.08267295 -2 -0.08267295 2 -0.2480199 2 -0.08267295 -2 -0.08267295 2 -0.08267295 -2 0.08267295 -2 0.08267295 2 -0.08267295 2 0.08267295 -2 0.08267295 2 0.08267295 -2 0.2480199 -2 0.2480199 2 0.08267295 2 0.2480199 -2 0.2480199 2 0.2480199 -2 0.413367 -2 0.413367 2 0.2480199 2 0.413367 -2 0.413367 2 0.413367 -2 0.578714 -2 0.578714 2 0.413367 2 0.578714 -2 0.578714 2 0.578714 -2 0.744061 -2 0.744061 2 0.578714 2 0.744061 -2 0.744061 2 0.744061 -2 0.909408 -2 0.909408 2 0.744061 2 0.909408 -2 0.909408 2 0.909408 -2 1.074755 -2 1.074755 2 0.909408 2 1.074755 -2 1.074755 2 1.074755 -2 1.240102 -2 1.240102 2 1.074755 2 1.240102 -2 1.240102 2 1.240102 -2 1.405449 -2 1.405449 2 1.240102 2 1.405449 -0.1623499 -0.472909 -0.512961 -4.470668 0 -0.5 0 -0.5 -0.512961 -4.470668 0 -4.5 0 -0.5 0 -4.5 0.512961 -4.470668 -0.307106 -0.39457 -1.985495 -4.038293 -0.1623499 -0.472909 -0.1623499 -0.472909 -1.985495 -4.038293 -1.512222 -4.2383 -0.1623499 -0.472909 -1.512222 -4.2383 -1.019235 -4.383054 -0.418583 -0.273474 -3.227093 -3.136219 -0.307106 -0.39457 -0.307106 -0.39457 -3.227093 -3.136219 -2.848556 -3.483637 -0.307106 -0.39457 -2.848556 -3.483637 -2.432884 -3.785641 -0.4847 -0.122743 -4.093344 -1.869368 -0.418583 -0.273474 -0.418583 -0.273474 -4.093344 -1.869368 -3.853571 -2.323789 -0.418583 -0.273474 -3.853571 -2.323789 -3.56356 -2.747916 -0.498292 0.04128998 -4.483493 -0.385088 -0.4847 -0.122743 -0.4847 -0.122743 -4.483493 -0.385088 -4.410371 -0.893657 -0.4847 -0.122743 -4.410371 -0.893657 -4.279754 -1.390576 -0.457887 0.200848 -4.352161 1.143983 -0.498292 0.04128998 -0.498292 0.04128998 -4.352161 1.143983 -4.454196 0.640417 -0.498292 0.04128998 -4.454196 0.640417 -4.498165 0.128502 -0.367862 0.338641 -3.714623 2.539994 -0.457887 0.200848 -0.457887 0.200848 -3.714623 2.539994 -3.979948 2.100003 -0.457887 0.200848 -3.979948 2.100003 -4.193388 1.632635 -0.237974 0.439737 -2.645034 3.640576 -0.367862 0.338641 -0.367862 0.338641 -2.645034 3.640576 -3.042787 3.315335 -0.367862 0.338641 -3.042787 3.315335 -3.400873 2.946873 -0.08229696 0.493181 -1.267797 4.317719 -0.237974 0.439737 -0.237974 0.439737 -1.267797 4.317719 -1.751715 4.145056 -0.237974 0.439737 -1.751715 4.145056 -2.212798 3.918357 0.08229696 0.493181 -0.2569 4.492661 -0.08229696 0.493181 -0.08229696 0.493181 -0.2569 4.492661 -0.76735 4.434092 -0.08229696 0.493181 -0.76735 4.434092 -1.267797 4.317719 0.237974 0.439737 1.267797 4.317719 0.08229696 0.493181 0.08229696 0.493181 1.267797 4.317719 0.76735 4.434092 0.08229696 0.493181 0.76735 4.434092 0.2569 4.492661 0.367862 0.338641 2.645034 3.640576 0.237974 0.439737 0.237974 0.439737 2.645034 3.640576 2.212798 3.918357 0.237974 0.439737 2.212798 3.918357 1.751715 4.145056 0.457887 0.200848 3.714623 2.539994 0.367862 0.338641 0.367862 0.338641 3.714623 2.539994 3.400873 2.946873 0.367862 0.338641 3.400873 2.946873 3.042787 3.315335 0.498292 0.04128998 4.352161 1.143983 0.457887 0.200848 0.457887 0.200848 4.352161 1.143983 4.193388 1.632635 0.457887 0.200848 4.193388 1.632635 3.979948 2.100003 0.4847 -0.122743 4.483493 -0.385088 0.498292 0.04128998 0.498292 0.04128998 4.483493 -0.385088 4.498165 0.128502 0.498292 0.04128998 4.498165 0.128502 4.454196 0.640417 0.418583 -0.273474 4.093344 -1.869368 0.4847 -0.122743 0.4847 -0.122743 4.093344 -1.869368 4.279754 -1.390576 0.4847 -0.122743 4.279754 -1.390576 4.410371 -0.893657 0.307106 -0.39457 3.227093 -3.136219 0.418583 -0.273474 0.418583 -0.273474 3.227093 -3.136219 3.56356 -2.747916 0.418583 -0.273474 3.56356 -2.747916 3.853571 -2.323789 0.1623499 -0.472909 1.985495 -4.038293 0.307106 -0.39457 0.307106 -0.39457 1.985495 -4.038293 2.432884 -3.785641 0.307106 -0.39457 2.432884 -3.785641 2.848556 -3.483637 0 -0.5 0.512961 -4.470668 0.1623499 -0.472909 0.1623499 -0.472909 0.512961 -4.470668 1.019235 -4.383054 0.1623499 -0.472909 1.019235 -4.383054 1.512222 -4.2383 1.512222 -4.2383 1.985495 -4.038293 0.1623499 -0.472909 2.848556 -3.483637 3.227093 -3.136219 0.307106 -0.39457 3.853571 -2.323789 4.093344 -1.869368 0.418583 -0.273474 4.410371 -0.893657 4.483493 -0.385088 0.4847 -0.122743 4.454196 0.640417 4.352161 1.143983 0.498292 0.04128998 3.979948 2.100003 3.714623 2.539994 0.457887 0.200848 3.042787 3.315335 2.645034 3.640576 0.367862 0.338641 1.751715 4.145056 1.267797 4.317719 0.237974 0.439737 0.2569 4.492661 -0.2569 4.492661 0.08229696 0.493181 -2.212798 3.918357 -2.645034 3.640576 -0.237974 0.439737 -3.400873 2.946873 -3.714623 2.539994 -0.367862 0.338641 -4.193388 1.632635 -4.352161 1.143983 -0.457887 0.200848 -4.498165 0.128502 -4.483493 -0.385088 -0.498292 0.04128998 -4.279754 -1.390576 -4.093344 -1.869368 -0.4847 -0.122743 -3.56356 -2.747916 -3.227093 -3.136219 -0.418583 -0.273474 -2.432884 -3.785641 -1.985495 -4.038293 -0.307106 -0.39457 -1.019235 -4.383054 -0.512961 -4.470668 -0.1623499 -0.472909 1.5 0.541654 -1.5 0.541654 1.5 0 1.5 0 -1.5 0.541654 -1.5 0 1.5 0 -1.5 0 1.5 -0.541654 1.5 -0.541654 -1.5 0 -1.5 -0.541654 1.5 -0.541654 -1.5 -0.541654 1.5 -1.083308 1.5 -1.083308 -1.5 -0.541654 -1.5 -1.083308 1.5 -1.083308 -1.5 -1.083308 1.5 -1.624962 1.5 -1.624962 -1.5 -1.083308 -1.5 -1.624962 1.5 -1.624962 -1.5 -1.624962 1.5 -2.166615 1.5 -2.166615 -1.5 -1.624962 -1.5 -2.166615 1.5 -2.166615 -1.5 -2.166615 1.5 -2.70827 1.5 -2.70827 -1.5 -2.166615 -1.5 -2.70827 1.5 -2.70827 -1.5 -2.70827 1.5 -3.249923 1.5 -3.249923 -1.5 -2.70827 -1.5 -3.249923 1.5 -3.249923 -1.5 -3.249923 1.5 -3.791577 1.5 -3.791577 -1.5 -3.249923 -1.5 -3.791577 1.5 -3.791577 -1.5 -3.791577 1.5 -4.333231 1.5 -4.333231 -1.5 -3.791577 -1.5 -4.333231 1.5 -4.333231 -1.5 -4.333231 1.5 -4.874885 1.5 -4.874885 -1.5 -4.333231 -1.5 -4.874885 1.5 -4.874885 -1.5 -4.874885 1.5 -5.416539 1.5 -5.416539 -1.5 -4.874885 -1.5 -5.416539 1.5 -5.416539 -1.5 -5.416539 1.5 -5.958193 1.5 -5.958193 -1.5 -5.416539 -1.5 -5.958193 1.5 -5.958193 -1.5 -5.958193 1.5 -6.499846 1.5 -6.499846 -1.5 -5.958193 -1.5 -6.499846 1.5 -6.499846 -1.5 -6.499846 1.5 -7.041501 1.5 -7.041501 -1.5 -6.499846 -1.5 -7.041501 1.5 -7.041501 -1.5 -7.041501 1.5 -7.583155 1.5 -7.583155 -1.5 -7.041501 -1.5 -7.583155 1.5 -7.583155 -1.5 -7.583155 1.5 -8.124809 1.5 -8.124809 -1.5 -7.583155 -1.5 -8.124809 1.5 -8.124809 -1.5 -8.124809 1.5 -8.666462 1.5 -8.666462 -1.5 -8.124809 -1.5 -8.666462 1.5 -8.666462 -1.5 -8.666462 1.5 -9.208117 1.5 -9.208117 -1.5 -8.666462 -1.5 -9.208117 1.5 -9.208117 -1.5 -9.208117 1.5 -9.749771 1.5 -9.749771 -1.5 -9.208117 -1.5 -9.749771 1.5 -9.749771 -1.5 -9.749771 1.5 -10.29142 1.5 -10.29142 -1.5 -9.749771 -1.5 -10.29142 1.5 -10.29142 -1.5 -10.29142 1.5 -10.83308 1.5 -10.83308 -1.5 -10.29142 -1.5 -10.83308 1.5 -10.83308 -1.5 -10.83308 1.5 -11.37473 1.5 -11.37473 -1.5 -10.83308 -1.5 -11.37473 1.5 -11.37473 -1.5 -11.37473 1.5 -11.91639 1.5 -11.91639 -1.5 -11.37473 -1.5 -11.91639 1.5 -11.91639 -1.5 -11.91639 1.5 -12.45804 1.5 -12.45804 -1.5 -11.91639 -1.5 -12.45804 1.5 -12.45804 -1.5 -12.45804 1.5 -12.99969 1.5 -12.99969 -1.5 -12.45804 -1.5 -12.99969 1.5 -12.99969 -1.5 -12.99969 1.5 -13.54135 1.5 -13.54135 -1.5 -12.99969 -1.5 -13.54135 1.5 -13.54135 -1.5 -13.54135 1.5 -14.083 1.5 -14.083 -1.5 -13.54135 -1.5 -14.083 1.5 -14.083 -1.5 -14.083 1.5 -14.62465 1.5 -14.62465 -1.5 -14.083 -1.5 -14.62465 1.5 -14.62465 -1.5 -14.62465 1.5 -15.16631 1.5 -15.16631 -1.5 -14.62465 -1.5 -15.16631 1.5 -15.16631 -1.5 -15.16631 1.5 -15.70796 1.5 -15.70796 -1.5 -15.16631 -1.5 -15.70796 1.5 15.70796 -1.5 15.70796 1.5 15.16631 1.5 15.16631 -1.5 15.70796 -1.5 15.16631 1.5 15.16631 -1.5 15.16631 1.5 14.62465 1.5 14.62465 -1.5 15.16631 -1.5 14.62465 1.5 14.62465 -1.5 14.62465 1.5 14.083 1.5 14.083 -1.5 14.62465 -1.5 14.083 1.5 14.083 -1.5 14.083 1.5 13.54135 1.5 13.54135 -1.5 14.083 -1.5 13.54135 1.5 13.54135 -1.5 13.54135 1.5 12.99969 1.5 12.99969 -1.5 13.54135 -1.5 12.99969 1.5 12.99969 -1.5 12.99969 1.5 12.45804 1.5 12.45804 -1.5 12.99969 -1.5 12.45804 1.5 12.45804 -1.5 12.45804 1.5 11.91639 1.5 11.91639 -1.5 12.45804 -1.5 11.91639 1.5 11.91639 -1.5 11.91639 1.5 11.37473 1.5 11.37473 -1.5 11.91639 -1.5 11.37473 1.5 11.37473 -1.5 11.37473 1.5 10.83308 1.5 10.83308 -1.5 11.37473 -1.5 10.83308 1.5 10.83308 -1.5 10.83308 1.5 10.29142 1.5 10.29142 -1.5 10.83308 -1.5 10.29142 1.5 10.29142 -1.5 10.29142 1.5 9.749771 1.5 9.749771 -1.5 10.29142 -1.5 9.749771 1.5 9.749771 -1.5 9.749771 1.5 9.208117 1.5 9.208117 -1.5 9.749771 -1.5 9.208117 1.5 9.208117 -1.5 9.208117 1.5 8.666462 1.5 8.666462 -1.5 9.208117 -1.5 8.666462 1.5 8.666462 -1.5 8.666462 1.5 8.124809 1.5 8.124809 -1.5 8.666462 -1.5 8.124809 1.5 8.124809 -1.5 8.124809 1.5 7.583155 1.5 7.583155 -1.5 8.124809 -1.5 7.583155 1.5 7.583155 -1.5 7.583155 1.5 7.041501 1.5 7.041501 -1.5 7.583155 -1.5 7.041501 1.5 7.041501 -1.5 7.041501 1.5 6.499846 1.5 6.499846 -1.5 7.041501 -1.5 6.499846 1.5 6.499846 -1.5 6.499846 1.5 5.958193 1.5 5.958193 -1.5 6.499846 -1.5 5.958193 1.5 5.958193 -1.5 5.958193 1.5 5.416539 1.5 5.416539 -1.5 5.958193 -1.5 5.416539 1.5 5.416539 -1.5 5.416539 1.5 4.874885 1.5 4.874885 -1.5 5.416539 -1.5 4.874885 1.5 4.874885 -1.5 4.874885 1.5 4.333231 1.5 4.333231 -1.5 4.874885 -1.5 4.333231 1.5 4.333231 -1.5 4.333231 1.5 3.791577 1.5 3.791577 -1.5 4.333231 -1.5 3.791577 1.5 3.791577 -1.5 3.791577 1.5 3.249923 1.5 3.249923 -1.5 3.791577 -1.5 3.249923 1.5 3.249923 -1.5 3.249923 1.5 2.70827 1.5 2.70827 -1.5 3.249923 -1.5 2.70827 1.5 2.70827 -1.5 2.70827 1.5 2.166615 1.5 2.166615 -1.5 2.70827 -1.5 2.166615 1.5 2.166615 -1.5 2.166615 1.5 1.624962 1.5 1.624962 -1.5 2.166615 -1.5 1.624962 1.5 1.624962 -1.5 1.624962 1.5 1.083308 1.5 1.083308 -1.5 1.624962 -1.5 1.083308 1.5 1.083308 -1.5 1.083308 1.5 0.541654 1.5 0.541654 -1.5 1.083308 -1.5 0.541654 0 -7.098155 -0.1570799 -7.361049 0 -7.623944 0 -7.623944 -0.1570799 -7.361049 -0.1570799 -7.886838 0 -7.623944 -0.1570799 -7.886838 0 -8.149733 0 -8.149733 -0.1570799 -7.886838 -0.1570799 -8.412628 0 -8.149733 -0.1570799 -8.412628 0 -8.675523 0 -8.675523 -0.1570799 -8.412628 -0.1570799 -8.938416 0 -8.675523 -0.1570799 -8.938416 0 -9.201312 0 -9.201312 -0.1570799 -8.938416 -0.1570799 -9.464206 0 -9.201312 -0.1570799 -9.464206 0 -9.727101 0 -9.727101 -0.1570799 -9.464206 -0.1570799 -9.989995 0 -9.727101 -0.1570799 -9.989995 0 -10.25289 0 -10.25289 -0.1570799 -9.989995 -0.1570799 -10.51578 0 -10.25289 -0.1570799 -10.51578 0 -10.77868 0 -10.77868 -0.1570799 -10.51578 -0.1570799 -11.04157 0 -10.77868 -0.1570799 -11.04157 0 -11.30447 0 -11.30447 -0.1570799 -11.04157 -0.1570799 -11.56736 0 -11.30447 -0.1570799 -11.56736 0 -11.83026 0 -11.83026 -0.1570799 -11.56736 -0.1570799 -12.09315 0 -11.83026 -0.1570799 -12.09315 0 -12.35605 0 -12.35605 -0.1570799 -12.09315 -0.1570799 -12.61798 0 -12.35605 -0.1570799 -12.61798 0 -12.88184 0 -12.88184 -0.1570799 -12.61798 -0.1570799 -13.14473 0 -12.88184 -0.1570799 -13.14473 0 -13.40762 0 -13.40762 -0.1570799 -13.14473 -0.1570799 -13.67052 0 -13.40762 -0.1570799 -13.67052 0 -13.93341 0 -13.93341 -0.1570799 -13.67052 -0.1570799 -14.19631 0 -13.93341 -0.1570799 -14.19631 0 -14.4592 0 -14.4592 -0.1570799 -14.19631 -0.1570799 -14.7221 0 -14.4592 -0.1570799 -14.7221 0 -14.98499 0 -14.98499 -0.1570799 -14.7221 -0.1570799 -15.24789 0 -14.98499 -0.1570799 -15.24789 0 -15.51078 0 14.98499 -0.1570799 15.24789 -0.1570799 14.7221 0 14.98499 -0.1570799 14.7221 0 14.4592 0 14.4592 -0.1570799 14.7221 -0.1570799 14.19631 0 14.4592 -0.1570799 14.19631 0 13.93341 0 13.93341 -0.1570799 14.19631 -0.1570799 13.67052 0 13.93341 -0.1570799 13.67052 0 13.40762 0 13.40762 -0.1570799 13.67052 -0.1570799 13.14473 0 13.40762 -0.1570799 13.14473 0 12.88184 0 12.88184 -0.1570799 13.14473 -0.1570799 12.61894 0 12.88184 -0.1570799 12.61894 0 12.35605 0 12.35605 -0.1570799 12.61894 -0.1570799 12.09315 0 12.35605 -0.1570799 12.09315 0 11.83026 0 11.83026 -0.1570799 12.09315 -0.1570799 11.56736 0 11.83026 -0.1570799 11.56736 0 11.30447 0 11.30447 -0.1570799 11.56736 -0.1570799 11.04157 0 11.30447 -0.1570799 11.04157 0 10.77868 0 10.77868 -0.1570799 11.04157 -0.1570799 10.51578 0 10.77868 -0.1570799 10.51578 0 10.25289 0 10.25289 -0.1570799 10.51578 -0.1570799 9.989995 0 10.25289 -0.1570799 9.989995 0 9.727101 0 9.727101 -0.1570799 9.989995 -0.1570799 9.464206 0 9.727101 -0.1570799 9.464206 0 9.201312 0 9.201312 -0.1570799 9.464206 -0.1570799 8.938416 0 9.201312 -0.1570799 8.938416 0 8.675523 0 8.675523 -0.1570799 8.938416 -0.1570799 8.412628 0 8.675523 -0.1570799 8.412628 0 8.149733 0 8.149733 -0.1570799 8.412628 -0.1570799 7.886838 0 8.149733 -0.1570799 7.886838 0 7.623944 0 7.623944 -0.1570799 7.886838 -0.1570799 7.361049 0 7.623944 -0.1570799 7.361049 0 7.098155 0 7.098155 -0.1570799 7.361049 -0.1570799 6.83526 0 7.098155 -0.1570799 6.83526 0 6.572365 0 6.572365 -0.1570799 6.83526 -0.1570799 6.30947 0 6.572365 -0.1570799 6.30947 0 6.046576 0 6.046576 -0.1570799 6.30947 -0.1570799 5.783681 0 6.046576 -0.1570799 5.783681 0 5.520787 0 5.520787 -0.1570799 5.783681 -0.1570799 5.257893 0 5.520787 -0.1570799 5.257893 0 4.994998 0 4.994998 -0.1570799 5.257893 -0.1570799 4.732103 0 4.994998 -0.1570799 4.732103 0 4.469208 0 4.469208 -0.1570799 4.732103 -0.1570799 4.206314 0 4.469208 -0.1570799 4.206314 0 3.943419 0 3.943419 -0.1570799 4.206314 -0.1570799 3.680524 0 3.943419 -0.1570799 3.680524 0 3.41763 0 3.41763 -0.1570799 3.680524 -0.1570799 3.154735 0 3.41763 -0.1570799 3.154735 0 2.891841 0 2.891841 -0.1570799 3.154735 -0.1570799 2.628946 0 2.891841 -0.1570799 2.628946 0 2.366051 0 2.366051 -0.1570799 2.628946 -0.1570799 2.103157 0 2.366051 -0.1570799 2.103157 0 1.840262 0 1.840262 -0.1570799 2.103157 -0.1570799 1.577368 0 1.840262 -0.1570799 1.577368 0 1.314473 0 1.314473 -0.1570799 1.577368 -0.1570799 1.051578 0 1.314473 -0.1570799 1.051578 0 0.788684 0 0.788684 -0.1570799 1.051578 -0.1570799 0.525789 0 0.788684 -0.1570799 0.525789 0 0.262895 0 0.262895 -0.1570799 0.525789 -0.1570799 0 0 0.262895 -0.1570799 0 0 -0.262895 0 -0.262895 -0.1570799 0 -0.1570799 -0.525789 0 -0.262895 -0.1570799 -0.525789 0 -0.788684 0 -0.788684 -0.1570799 -0.525789 -0.1570799 -1.051578 0 -0.788684 -0.1570799 -1.051578 0 -1.314473 0 -1.314473 -0.1570799 -1.051578 -0.1570799 -1.577368 0 -1.314473 -0.1570799 -1.577368 0 -1.840262 0 -1.840262 -0.1570799 -1.577368 -0.1570799 -2.103157 0 -1.840262 -0.1570799 -2.103157 0 -2.366051 0 -2.366051 -0.1570799 -2.103157 -0.1570799 -2.629902 0 -2.366051 -0.1570799 -2.629902 0 -2.891841 0 -2.891841 -0.1570799 -2.629902 -0.1570799 -3.154735 0 -2.891841 -0.1570799 -3.154735 0 -3.41763 0 -3.41763 -0.1570799 -3.154735 -0.1570799 -3.680524 0 -3.41763 -0.1570799 -3.680524 0 -3.943419 0 -3.943419 -0.1570799 -3.680524 -0.1570799 -4.206314 0 -3.943419 -0.1570799 -4.206314 0 -4.469208 0 -4.469208 -0.1570799 -4.206314 -0.1570799 -4.732103 0 -4.469208 -0.1570799 -4.732103 0 -4.994998 0 -4.994998 -0.1570799 -4.732103 -0.1570799 -5.257893 0 -4.994998 -0.1570799 -5.257893 0 -5.520787 0 -5.520787 -0.1570799 -5.257893 -0.1570799 -5.783681 0 -5.520787 -0.1570799 -5.783681 0 -6.046576 0 -6.046576 -0.1570799 -5.783681 -0.1570799 -6.30947 0 -6.046576 -0.1570799 -6.30947 0 -6.572365 0 -6.572365 -0.1570799 -6.30947 -0.1570799 -6.83526 0 -6.572365 -0.1570799 -6.83526 0 -7.098155 0 -7.098155 -0.1570799 -6.83526 -0.1570799 -7.361049 -0.785398 -8.178413 -0.628319 -7.886838 -0.785398 -7.623944 -0.785398 -7.623944 -0.628319 -7.886838 -0.628319 -7.361049 -0.785398 -7.623944 -0.628319 -7.361049 -0.785398 -7.069475 -0.785398 -7.069475 -0.628319 -7.361049 -0.628319 -6.83526 -0.785398 -7.069475 -0.628319 -6.83526 -0.785398 -6.515007 -0.785398 -6.515007 -0.628319 -6.83526 -0.628319 -6.30947 -0.785398 -6.515007 -0.628319 -6.30947 -0.785398 -5.960538 -0.785398 -5.960538 -0.628319 -6.30947 -0.628319 -5.783681 -0.785398 -5.960538 -0.628319 -5.783681 -0.785398 -5.406069 -0.785398 -5.406069 -0.628319 -5.783681 -0.628319 -5.257893 -0.785398 -5.406069 -0.628319 -5.257893 -0.785398 -4.851601 -0.785398 -4.851601 -0.628319 -5.257893 -0.628319 -4.732103 -0.785398 -4.851601 -0.628319 -4.732103 -0.785398 -4.297132 -0.785398 -4.297132 -0.628319 -4.732103 -0.628319 -4.206314 -0.785398 -4.297132 -0.628319 -4.206314 -0.785398 -3.742663 -0.785398 -3.742663 -0.628319 -4.206314 -0.628319 -3.680524 -0.785398 -3.742663 -0.628319 -3.680524 -0.785398 -3.188195 -0.785398 -3.188195 -0.628319 -3.680524 -0.628319 -3.154735 -0.785398 -3.188195 -0.628319 -3.154735 -0.785398 -2.633726 -0.785398 -2.633726 -0.628319 -3.154735 -0.628319 -2.63277 -0.785398 -2.633726 -0.628319 -2.63277 -0.628319 -2.103157 -0.628319 -2.103157 -0.628319 -2.63277 -0.471239 -2.631814 -0.628319 -2.103157 -0.471239 -2.631814 -0.471239 -2.103157 -0.471239 -2.103157 -0.471239 -2.631814 -0.314159 -2.630858 -0.471239 -2.103157 -0.314159 -2.630858 -0.314159 -2.103157 -0.314159 -2.103157 -0.314159 -2.630858 -0.1570799 -2.629902 -0.314159 -2.103157 -0.1570799 -2.629902 -0.1570799 -2.103157 -0.628319 -7.886838 -0.785398 -8.178413 -0.628319 -8.412628 -0.628319 -8.412628 -0.785398 -8.178413 -0.785398 -8.732881 -0.628319 -8.412628 -0.785398 -8.732881 -0.628319 -8.938416 -0.628319 -8.938416 -0.785398 -8.732881 -0.785398 -9.28735 -0.628319 -8.938416 -0.785398 -9.28735 -0.628319 -9.464206 -0.628319 -9.464206 -0.785398 -9.28735 -0.785398 -9.841818 -0.628319 -9.464206 -0.785398 -9.841818 -0.628319 -9.989995 -0.628319 -9.989995 -0.785398 -9.841818 -0.785398 -10.39629 -0.628319 -9.989995 -0.785398 -10.39629 -0.628319 -10.51578 -0.628319 -10.51578 -0.785398 -10.39629 -0.785398 -10.95075 -0.628319 -10.51578 -0.785398 -10.95075 -0.628319 -11.04157 -0.628319 -11.04157 -0.785398 -10.95075 -0.785398 -11.50522 -0.628319 -11.04157 -0.785398 -11.50522 -0.628319 -11.56736 -0.628319 -11.56736 -0.785398 -11.50522 -0.785398 -12.05969 -0.628319 -11.56736 -0.785398 -12.05969 -0.628319 -12.09315 -0.628319 -12.09315 -0.785398 -12.05969 -0.785398 -12.61416 -0.628319 -12.09315 -0.785398 -12.61416 -0.628319 -12.61512 -0.628319 -12.61512 -0.785398 -12.61416 -0.628319 -13.14473 -0.628319 -12.61512 -0.628319 -13.14473 -0.471239 -12.61607 -0.471239 -12.61607 -0.628319 -13.14473 -0.471239 -13.14473 -0.471239 -12.61607 -0.471239 -13.14473 -0.314159 -12.61703 -0.314159 -12.61703 -0.471239 -13.14473 -0.314159 -13.14473 -0.314159 -12.61703 -0.314159 -13.14473 -0.1570799 -12.61798 -0.1570799 -12.61798 -0.314159 -13.14473 -0.1570799 -13.14473 -0.785398 -12.61416 -0.785398 -13.16863 -0.628319 -13.14473 -0.628319 -13.14473 -0.785398 -13.16863 -0.628319 -13.67052 -0.628319 -13.14473 -0.628319 -13.67052 -0.471239 -13.67052 -0.471239 -13.67052 -0.628319 -13.67052 -0.471239 -14.19631 -0.471239 -13.67052 -0.471239 -14.19631 -0.314159 -14.19631 -0.314159 -14.19631 -0.471239 -14.19631 -0.314159 -14.7221 -0.314159 -14.19631 -0.314159 -14.7221 -0.1570799 -14.7221 -0.1570799 -14.7221 -0.314159 -14.7221 -0.1570799 -15.24789 -0.785398 -13.16863 -0.785398 -13.7231 -0.628319 -13.67052 -0.628319 -13.67052 -0.785398 -13.7231 -0.628319 -14.19631 -0.628319 -13.67052 -0.628319 -14.19631 -0.471239 -14.19631 -0.471239 -14.19631 -0.628319 -14.19631 -0.471239 -14.7221 -0.471239 -14.19631 -0.471239 -14.7221 -0.314159 -14.7221 -0.314159 -14.7221 -0.471239 -14.7221 -0.314159 -15.24789 -0.314159 15.77368 -0.314159 15.24789 -0.1570799 15.24789 -0.1570799 15.24789 -0.314159 15.24789 -0.1570799 14.7221 -0.785398 -13.7231 -0.785398 -14.27757 -0.628319 -14.19631 -0.628319 -14.19631 -0.785398 -14.27757 -0.628319 -14.7221 -0.628319 -14.19631 -0.628319 -14.7221 -0.471239 -14.7221 -0.471239 -14.7221 -0.628319 -14.7221 -0.471239 -15.24789 -0.471239 15.77368 -0.471239 15.24789 -0.314159 15.24789 -0.314159 15.24789 -0.471239 15.24789 -0.314159 14.7221 -0.314159 15.24789 -0.314159 14.7221 -0.1570799 14.7221 -0.1570799 14.7221 -0.314159 14.7221 -0.1570799 14.19631 -0.785398 -14.27757 -0.785398 -14.83204 -0.628319 -14.7221 -0.628319 -14.7221 -0.785398 -14.83204 -0.628319 -15.24789 -0.628319 -14.7221 -0.628319 -15.24789 -0.471239 -15.24789 -0.471239 15.24789 -0.628319 15.24789 -0.471239 14.7221 -0.471239 15.24789 -0.471239 14.7221 -0.314159 14.7221 -0.314159 14.7221 -0.471239 14.7221 -0.314159 14.19631 -0.314159 14.7221 -0.314159 14.19631 -0.1570799 14.19631 -0.1570799 14.19631 -0.314159 14.19631 -0.1570799 13.67052 -0.785398 15.66374 -0.785398 15.10927 -0.628319 15.24789 -0.628319 15.24789 -0.785398 15.10927 -0.628319 14.7221 -0.628319 15.24789 -0.628319 14.7221 -0.471239 14.7221 -0.471239 14.7221 -0.628319 14.7221 -0.471239 14.19631 -0.471239 14.7221 -0.471239 14.19631 -0.314159 14.19631 -0.314159 14.19631 -0.471239 14.19631 -0.314159 13.67052 -0.314159 14.19631 -0.314159 13.67052 -0.1570799 13.67052 -0.1570799 13.67052 -0.314159 13.67052 -0.1570799 13.14473 -0.785398 15.10927 -0.785398 14.5548 -0.628319 14.7221 -0.628319 14.7221 -0.785398 14.5548 -0.628319 14.19631 -0.628319 14.7221 -0.628319 14.19631 -0.471239 14.19631 -0.471239 14.19631 -0.628319 14.19631 -0.471239 13.67052 -0.471239 14.19631 -0.471239 13.67052 -0.314159 13.67052 -0.314159 13.67052 -0.471239 13.67052 -0.314159 13.14473 -0.314159 13.67052 -0.314159 13.14473 -0.1570799 13.14473 -0.1570799 13.14473 -0.314159 13.14473 -0.1570799 12.61894 -0.785398 14.5548 -0.785398 14.00033 -0.628319 14.19631 -0.628319 14.19631 -0.785398 14.00033 -0.628319 13.67052 -0.628319 14.19631 -0.628319 13.67052 -0.471239 13.67052 -0.471239 13.67052 -0.628319 13.67052 -0.471239 13.14473 -0.471239 13.67052 -0.471239 13.14473 -0.314159 13.14473 -0.314159 13.14473 -0.471239 13.14473 -0.314159 12.61894 -0.314159 13.14473 -0.314159 12.61894 -0.1570799 12.61894 -0.1570799 12.61894 -0.314159 12.61894 -0.1570799 12.09315 -0.785398 14.00033 -0.785398 13.44586 -0.628319 13.67052 -0.628319 13.67052 -0.785398 13.44586 -0.628319 13.14473 -0.628319 13.67052 -0.628319 13.14473 -0.471239 13.14473 -0.471239 13.14473 -0.628319 13.14473 -0.471239 12.61894 -0.471239 13.14473 -0.471239 12.61894 -0.314159 12.61894 -0.314159 12.61894 -0.471239 12.61894 -0.314159 12.09315 -0.314159 12.61894 -0.314159 12.09315 -0.1570799 12.09315 -0.1570799 12.09315 -0.314159 12.09315 -0.1570799 11.56736 -0.785398 13.44586 -0.785398 12.8914 -0.628319 13.14473 -0.628319 13.14473 -0.785398 12.8914 -0.628319 12.61894 -0.628319 13.14473 -0.628319 12.61894 -0.471239 12.61894 -0.471239 12.61894 -0.628319 12.61894 -0.471239 12.09315 -0.471239 12.61894 -0.471239 12.09315 -0.314159 12.09315 -0.314159 12.09315 -0.471239 12.09315 -0.314159 11.56736 -0.314159 12.09315 -0.314159 11.56736 -0.1570799 11.56736 -0.1570799 11.56736 -0.314159 11.56736 -0.1570799 11.04157 -0.785398 12.8914 -0.785398 12.33693 -0.628319 12.61894 -0.628319 12.61894 -0.785398 12.33693 -0.628319 12.09315 -0.628319 12.61894 -0.628319 12.09315 -0.471239 12.09315 -0.471239 12.09315 -0.628319 12.09315 -0.471239 11.56736 -0.471239 12.09315 -0.471239 11.56736 -0.314159 11.56736 -0.314159 11.56736 -0.471239 11.56736 -0.314159 11.04157 -0.314159 11.56736 -0.314159 11.04157 -0.1570799 11.04157 -0.1570799 11.04157 -0.314159 11.04157 -0.1570799 10.51578 -0.785398 12.33693 -0.785398 11.78246 -0.628319 12.09315 -0.628319 12.09315 -0.785398 11.78246 -0.628319 11.56736 -0.628319 12.09315 -0.628319 11.56736 -0.471239 11.56736 -0.471239 11.56736 -0.628319 11.56736 -0.471239 11.04157 -0.471239 11.56736 -0.471239 11.04157 -0.314159 11.04157 -0.314159 11.04157 -0.471239 11.04157 -0.314159 10.51578 -0.314159 11.04157 -0.314159 10.51578 -0.1570799 10.51578 -0.1570799 10.51578 -0.314159 10.51578 -0.1570799 9.989995 -0.785398 11.78246 -0.785398 11.22799 -0.628319 11.56736 -0.628319 11.56736 -0.785398 11.22799 -0.628319 11.04157 -0.628319 11.56736 -0.628319 11.04157 -0.471239 11.04157 -0.471239 11.04157 -0.628319 11.04157 -0.471239 10.51578 -0.471239 11.04157 -0.471239 10.51578 -0.314159 10.51578 -0.314159 10.51578 -0.471239 10.51578 -0.314159 9.989995 -0.314159 10.51578 -0.314159 9.989995 -0.1570799 9.989995 -0.1570799 9.989995 -0.314159 9.989995 -0.1570799 9.464206 -0.785398 11.22799 -0.785398 10.67352 -0.628319 11.04157 -0.628319 11.04157 -0.785398 10.67352 -0.628319 10.51578 -0.628319 11.04157 -0.628319 10.51578 -0.471239 10.51578 -0.471239 10.51578 -0.628319 10.51578 -0.471239 9.989995 -0.471239 10.51578 -0.471239 9.989995 -0.314159 9.989995 -0.314159 9.989995 -0.471239 9.989995 -0.314159 9.464206 -0.314159 9.989995 -0.314159 9.464206 -0.1570799 9.464206 -0.1570799 9.464206 -0.314159 9.464206 -0.1570799 8.938416 -0.785398 10.67352 -0.785398 10.11905 -0.628319 10.51578 -0.628319 10.51578 -0.785398 10.11905 -0.628319 9.989995 -0.628319 10.51578 -0.628319 9.989995 -0.471239 9.989995 -0.471239 9.989995 -0.628319 9.989995 -0.471239 9.464206 -0.471239 9.989995 -0.471239 9.464206 -0.314159 9.464206 -0.314159 9.464206 -0.471239 9.464206 -0.314159 8.938416 -0.314159 9.464206 -0.314159 8.938416 -0.1570799 8.938416 -0.1570799 8.938416 -0.314159 8.938416 -0.1570799 8.412628 -0.785398 10.11905 -0.785398 9.564584 -0.628319 9.989995 -0.628319 9.989995 -0.785398 9.564584 -0.628319 9.464206 -0.628319 9.989995 -0.628319 9.464206 -0.471239 9.464206 -0.471239 9.464206 -0.628319 9.464206 -0.471239 8.938416 -0.471239 9.464206 -0.471239 8.938416 -0.314159 8.938416 -0.314159 8.938416 -0.471239 8.938416 -0.314159 8.412628 -0.314159 8.938416 -0.314159 8.412628 -0.1570799 8.412628 -0.1570799 8.412628 -0.314159 8.412628 -0.1570799 7.886838 -0.785398 9.564584 -0.785398 9.010115 -0.628319 9.464206 -0.628319 9.464206 -0.785398 9.010115 -0.628319 8.938416 -0.628319 9.464206 -0.628319 8.938416 -0.471239 8.938416 -0.471239 8.938416 -0.628319 8.938416 -0.471239 8.412628 -0.471239 8.938416 -0.471239 8.412628 -0.314159 8.412628 -0.314159 8.412628 -0.471239 8.412628 -0.314159 7.886838 -0.314159 8.412628 -0.314159 7.886838 -0.1570799 7.886838 -0.1570799 7.886838 -0.314159 7.886838 -0.1570799 7.361049 -0.785398 9.010115 -0.785398 8.455648 -0.628319 8.938416 -0.628319 8.938416 -0.785398 8.455648 -0.628319 8.412628 -0.628319 8.938416 -0.628319 8.412628 -0.471239 8.412628 -0.471239 8.412628 -0.628319 8.412628 -0.471239 7.886838 -0.471239 8.412628 -0.471239 7.886838 -0.314159 7.886838 -0.314159 7.886838 -0.471239 7.886838 -0.314159 7.361049 -0.314159 7.886838 -0.314159 7.361049 -0.1570799 7.361049 -0.1570799 7.361049 -0.314159 7.361049 -0.1570799 6.83526 -0.785398 8.455648 -0.785398 7.901178 -0.628319 8.412628 -0.628319 8.412628 -0.785398 7.901178 -0.628319 7.886838 -0.628319 8.412628 -0.628319 7.886838 -0.471239 7.886838 -0.471239 7.886838 -0.628319 7.886838 -0.471239 7.361049 -0.471239 7.886838 -0.471239 7.361049 -0.314159 7.361049 -0.314159 7.361049 -0.471239 7.361049 -0.314159 6.83526 -0.314159 7.361049 -0.314159 6.83526 -0.1570799 6.83526 -0.1570799 6.83526 -0.314159 6.83526 -0.1570799 6.30947 -0.785398 7.901178 -0.785398 7.346709 -0.628319 7.886838 -0.628319 7.886838 -0.785398 7.346709 -0.628319 7.361049 -0.628319 7.886838 -0.628319 7.361049 -0.471239 7.361049 -0.471239 7.361049 -0.628319 7.361049 -0.471239 6.83526 -0.471239 7.361049 -0.471239 6.83526 -0.314159 6.83526 -0.314159 6.83526 -0.471239 6.83526 -0.314159 6.30947 -0.314159 6.83526 -0.314159 6.30947 -0.1570799 6.30947 -0.1570799 6.30947 -0.314159 6.30947 -0.1570799 5.783681 -0.628319 7.361049 -0.785398 7.346709 -0.628319 6.83526 -0.628319 6.83526 -0.785398 7.346709 -0.785398 6.792241 -0.628319 6.83526 -0.785398 6.792241 -0.628319 6.30947 -0.628319 6.30947 -0.785398 6.792241 -0.785398 6.237772 -0.628319 6.30947 -0.785398 6.237772 -0.628319 5.783681 -0.628319 5.783681 -0.785398 6.237772 -0.785398 5.683303 -0.628319 5.783681 -0.785398 5.683303 -0.628319 5.257893 -0.628319 5.257893 -0.785398 5.683303 -0.785398 5.128835 -0.628319 5.257893 -0.785398 5.128835 -0.628319 4.732103 -0.628319 4.732103 -0.785398 5.128835 -0.785398 4.574367 -0.628319 4.732103 -0.785398 4.574367 -0.628319 4.206314 -0.628319 4.206314 -0.785398 4.574367 -0.785398 4.019897 -0.628319 4.206314 -0.785398 4.019897 -0.628319 3.680524 -0.628319 3.680524 -0.785398 4.019897 -0.785398 3.465429 -0.628319 3.680524 -0.785398 3.465429 -0.628319 3.154735 -0.628319 3.154735 -0.785398 3.465429 -0.785398 2.91096 -0.628319 3.154735 -0.785398 2.91096 -0.628319 2.628946 -0.628319 2.628946 -0.785398 2.91096 -0.785398 2.356492 -0.628319 2.628946 -0.785398 2.356492 -0.628319 2.103157 -0.628319 2.103157 -0.785398 2.356492 -0.785398 1.802023 -0.628319 2.103157 -0.785398 1.802023 -0.628319 1.577368 -0.628319 1.577368 -0.785398 1.802023 -0.785398 1.247554 -0.628319 1.577368 -0.785398 1.247554 -0.628319 1.051578 -0.628319 1.051578 -0.785398 1.247554 -0.785398 0.693086 -0.628319 1.051578 -0.785398 0.693086 -0.628319 0.525789 -0.628319 0.525789 -0.785398 0.693086 -0.785398 0.138617 -0.628319 0.525789 -0.785398 0.138617 -0.628319 0 -0.628319 0 -0.785398 0.138617 -0.785398 -0.415851 -0.628319 0 -0.785398 -0.415851 -0.628319 -0.525789 -0.628319 -0.525789 -0.785398 -0.415851 -0.785398 -0.97032 -0.628319 -0.525789 -0.785398 -0.97032 -0.628319 -1.051578 -0.628319 -1.051578 -0.785398 -0.97032 -0.785398 -1.524789 -0.628319 -1.051578 -0.785398 -1.524789 -0.628319 -1.577368 -0.628319 -1.577368 -0.785398 -1.524789 -0.785398 -2.079257 -0.628319 -1.577368 -0.785398 -2.079257 -0.628319 -2.103157 -0.628319 -2.103157 -0.785398 -2.079257 -0.785398 -2.633726 -0.1570799 -7.361049 -0.314159 -7.361049 -0.1570799 -7.886838 -0.1570799 -7.886838 -0.314159 -7.361049 -0.314159 -7.886838 -0.1570799 -7.886838 -0.314159 -7.886838 -0.1570799 -8.412628 -0.1570799 -8.412628 -0.314159 -7.886838 -0.314159 -8.412628 -0.1570799 -8.412628 -0.314159 -8.412628 -0.1570799 -8.938416 -0.1570799 -8.938416 -0.314159 -8.412628 -0.314159 -8.938416 -0.1570799 -8.938416 -0.314159 -8.938416 -0.1570799 -9.464206 -0.1570799 -9.464206 -0.314159 -8.938416 -0.314159 -9.464206 -0.1570799 -9.464206 -0.314159 -9.464206 -0.1570799 -9.989995 -0.1570799 -9.989995 -0.314159 -9.464206 -0.314159 -9.989995 -0.1570799 -9.989995 -0.314159 -9.989995 -0.1570799 -10.51578 -0.1570799 -10.51578 -0.314159 -9.989995 -0.314159 -10.51578 -0.1570799 -10.51578 -0.314159 -10.51578 -0.1570799 -11.04157 -0.1570799 -11.04157 -0.314159 -10.51578 -0.314159 -11.04157 -0.1570799 -11.04157 -0.314159 -11.04157 -0.1570799 -11.56736 -0.1570799 -11.56736 -0.314159 -11.04157 -0.314159 -11.56736 -0.1570799 -11.56736 -0.314159 -11.56736 -0.1570799 -12.09315 -0.1570799 -12.09315 -0.314159 -11.56736 -0.314159 -12.09315 -0.1570799 -12.09315 -0.314159 -12.09315 -0.314159 -12.61703 -0.314159 -12.61703 -0.314159 -12.09315 -0.471239 -12.61607 -0.314159 -7.361049 -0.471239 -7.361049 -0.314159 -7.886838 -0.314159 -7.886838 -0.471239 -7.361049 -0.471239 -7.886838 -0.314159 -7.886838 -0.471239 -7.886838 -0.314159 -8.412628 -0.314159 -8.412628 -0.471239 -7.886838 -0.471239 -8.412628 -0.314159 -8.412628 -0.471239 -8.412628 -0.314159 -8.938416 -0.314159 -8.938416 -0.471239 -8.412628 -0.471239 -8.938416 -0.314159 -8.938416 -0.471239 -8.938416 -0.314159 -9.464206 -0.314159 -9.464206 -0.471239 -8.938416 -0.471239 -9.464206 -0.314159 -9.464206 -0.471239 -9.464206 -0.314159 -9.989995 -0.314159 -9.989995 -0.471239 -9.464206 -0.471239 -9.989995 -0.314159 -9.989995 -0.471239 -9.989995 -0.314159 -10.51578 -0.314159 -10.51578 -0.471239 -9.989995 -0.471239 -10.51578 -0.314159 -10.51578 -0.471239 -10.51578 -0.314159 -11.04157 -0.314159 -11.04157 -0.471239 -10.51578 -0.471239 -11.04157 -0.314159 -11.04157 -0.471239 -11.04157 -0.314159 -11.56736 -0.314159 -11.56736 -0.471239 -11.04157 -0.471239 -11.56736 -0.314159 -11.56736 -0.471239 -11.56736 -0.314159 -12.09315 -0.314159 -12.09315 -0.471239 -11.56736 -0.471239 -12.09315 -0.314159 -12.09315 -0.471239 -12.09315 -0.471239 -12.61607 -0.471239 -12.61607 -0.471239 -12.09315 -0.628319 -12.61512 -0.314159 -7.361049 -0.1570799 -7.361049 -0.314159 -6.83526 -0.314159 -6.83526 -0.1570799 -7.361049 -0.1570799 -6.83526 -0.314159 -6.83526 -0.1570799 -6.83526 -0.314159 -6.30947 -0.314159 -6.30947 -0.1570799 -6.83526 -0.1570799 -6.30947 -0.314159 -6.30947 -0.1570799 -6.30947 -0.314159 -5.783681 -0.314159 -5.783681 -0.1570799 -6.30947 -0.1570799 -5.783681 -0.314159 -5.783681 -0.1570799 -5.783681 -0.314159 -5.257893 -0.314159 -5.257893 -0.1570799 -5.783681 -0.1570799 -5.257893 -0.314159 -5.257893 -0.1570799 -5.257893 -0.314159 -4.732103 -0.314159 -4.732103 -0.1570799 -5.257893 -0.1570799 -4.732103 -0.314159 -4.732103 -0.1570799 -4.732103 -0.314159 -4.206314 -0.314159 -4.206314 -0.1570799 -4.732103 -0.1570799 -4.206314 -0.314159 -4.206314 -0.1570799 -4.206314 -0.314159 -3.680524 -0.314159 -3.680524 -0.1570799 -4.206314 -0.1570799 -3.680524 -0.314159 -3.680524 -0.1570799 -3.680524 -0.314159 -3.154735 -0.314159 -3.154735 -0.1570799 -3.680524 -0.1570799 -3.154735 -0.314159 -3.154735 -0.1570799 -3.154735 -0.314159 -2.630858 -0.314159 -2.630858 -0.1570799 -3.154735 -0.1570799 -2.629902 -0.471239 -7.361049 -0.628319 -7.361049 -0.471239 -7.886838 -0.471239 -7.886838 -0.628319 -7.361049 -0.628319 -7.886838 -0.471239 -7.886838 -0.628319 -7.886838 -0.471239 -8.412628 -0.471239 -8.412628 -0.628319 -7.886838 -0.628319 -8.412628 -0.471239 -8.412628 -0.628319 -8.412628 -0.471239 -8.938416 -0.471239 -8.938416 -0.628319 -8.412628 -0.628319 -8.938416 -0.471239 -8.938416 -0.628319 -8.938416 -0.471239 -9.464206 -0.471239 -9.464206 -0.628319 -8.938416 -0.628319 -9.464206 -0.471239 -9.464206 -0.628319 -9.464206 -0.471239 -9.989995 -0.471239 -9.989995 -0.628319 -9.464206 -0.628319 -9.989995 -0.471239 -9.989995 -0.628319 -9.989995 -0.471239 -10.51578 -0.471239 -10.51578 -0.628319 -9.989995 -0.628319 -10.51578 -0.471239 -10.51578 -0.628319 -10.51578 -0.471239 -11.04157 -0.471239 -11.04157 -0.628319 -10.51578 -0.628319 -11.04157 -0.471239 -11.04157 -0.628319 -11.04157 -0.471239 -11.56736 -0.471239 -11.56736 -0.628319 -11.04157 -0.628319 -11.56736 -0.471239 -11.56736 -0.628319 -11.56736 -0.471239 -12.09315 -0.471239 -12.09315 -0.628319 -11.56736 -0.628319 -12.09315 -0.471239 -12.09315 -0.628319 -12.09315 -0.628319 -12.61512 -0.471239 -7.361049 -0.314159 -7.361049 -0.471239 -6.83526 -0.471239 -6.83526 -0.314159 -7.361049 -0.314159 -6.83526 -0.471239 -6.83526 -0.314159 -6.83526 -0.471239 -6.30947 -0.471239 -6.30947 -0.314159 -6.83526 -0.314159 -6.30947 -0.471239 -6.30947 -0.314159 -6.30947 -0.471239 -5.783681 -0.471239 -5.783681 -0.314159 -6.30947 -0.314159 -5.783681 -0.471239 -5.783681 -0.314159 -5.783681 -0.471239 -5.257893 -0.471239 -5.257893 -0.314159 -5.783681 -0.314159 -5.257893 -0.471239 -5.257893 -0.314159 -5.257893 -0.471239 -4.732103 -0.471239 -4.732103 -0.314159 -5.257893 -0.314159 -4.732103 -0.471239 -4.732103 -0.314159 -4.732103 -0.471239 -4.206314 -0.471239 -4.206314 -0.314159 -4.732103 -0.314159 -4.206314 -0.471239 -4.206314 -0.314159 -4.206314 -0.471239 -3.680524 -0.471239 -3.680524 -0.314159 -4.206314 -0.314159 -3.680524 -0.471239 -3.680524 -0.314159 -3.680524 -0.471239 -3.154735 -0.471239 -3.154735 -0.314159 -3.680524 -0.314159 -3.154735 -0.471239 -3.154735 -0.314159 -3.154735 -0.471239 -2.631814 -0.471239 -2.631814 -0.314159 -3.154735 -0.314159 -2.630858 -0.628319 -7.361049 -0.471239 -7.361049 -0.628319 -6.83526 -0.628319 -6.83526 -0.471239 -7.361049 -0.471239 -6.83526 -0.628319 -6.83526 -0.471239 -6.83526 -0.628319 -6.30947 -0.628319 -6.30947 -0.471239 -6.83526 -0.471239 -6.30947 -0.628319 -6.30947 -0.471239 -6.30947 -0.628319 -5.783681 -0.628319 -5.783681 -0.471239 -6.30947 -0.471239 -5.783681 -0.628319 -5.783681 -0.471239 -5.783681 -0.628319 -5.257893 -0.628319 -5.257893 -0.471239 -5.783681 -0.471239 -5.257893 -0.628319 -5.257893 -0.471239 -5.257893 -0.628319 -4.732103 -0.628319 -4.732103 -0.471239 -5.257893 -0.471239 -4.732103 -0.628319 -4.732103 -0.471239 -4.732103 -0.628319 -4.206314 -0.628319 -4.206314 -0.471239 -4.732103 -0.471239 -4.206314 -0.628319 -4.206314 -0.471239 -4.206314 -0.628319 -3.680524 -0.628319 -3.680524 -0.471239 -4.206314 -0.471239 -3.680524 -0.628319 -3.680524 -0.471239 -3.680524 -0.628319 -3.154735 -0.628319 -3.154735 -0.471239 -3.680524 -0.471239 -3.154735 -0.628319 -3.154735 -0.471239 -3.154735 -0.628319 -2.63277 -0.628319 -2.63277 -0.471239 -3.154735 -0.471239 -2.631814 -0.314159 -2.103157 -0.1570799 -2.103157 -0.314159 -1.577368 -0.314159 -1.577368 -0.1570799 -2.103157 -0.1570799 -1.577368 -0.314159 -1.577368 -0.1570799 -1.577368 -0.314159 -1.051578 -0.314159 -1.051578 -0.1570799 -1.577368 -0.1570799 -1.051578 -0.314159 -1.051578 -0.1570799 -1.051578 -0.314159 -0.525789 -0.314159 -0.525789 -0.1570799 -1.051578 -0.1570799 -0.525789 -0.314159 -0.525789 -0.1570799 -0.525789 -0.314159 0 -0.314159 0 -0.1570799 -0.525789 -0.1570799 0 -0.314159 0 -0.1570799 0 -0.314159 0.525789 -0.314159 0.525789 -0.1570799 0 -0.1570799 0.525789 -0.314159 0.525789 -0.1570799 0.525789 -0.314159 1.051578 -0.314159 1.051578 -0.1570799 0.525789 -0.1570799 1.051578 -0.314159 1.051578 -0.1570799 1.051578 -0.314159 1.577368 -0.314159 1.577368 -0.1570799 1.051578 -0.1570799 1.577368 -0.314159 1.577368 -0.1570799 1.577368 -0.314159 2.103157 -0.314159 2.103157 -0.1570799 1.577368 -0.1570799 2.103157 -0.314159 2.103157 -0.1570799 2.103157 -0.314159 2.628946 -0.314159 2.628946 -0.1570799 2.103157 -0.1570799 2.628946 -0.314159 2.628946 -0.1570799 2.628946 -0.314159 3.154735 -0.314159 3.154735 -0.1570799 2.628946 -0.1570799 3.154735 -0.314159 3.154735 -0.1570799 3.154735 -0.314159 3.680524 -0.314159 3.680524 -0.1570799 3.154735 -0.1570799 3.680524 -0.314159 3.680524 -0.1570799 3.680524 -0.314159 4.206314 -0.314159 4.206314 -0.1570799 3.680524 -0.1570799 4.206314 -0.314159 4.206314 -0.1570799 4.206314 -0.314159 4.732103 -0.314159 4.732103 -0.1570799 4.206314 -0.1570799 4.732103 -0.314159 4.732103 -0.1570799 4.732103 -0.314159 5.257893 -0.314159 5.257893 -0.1570799 4.732103 -0.1570799 5.257893 -0.314159 5.257893 -0.1570799 5.257893 -0.314159 5.783681 -0.314159 5.783681 -0.1570799 5.257893 -0.1570799 5.783681 -0.314159 5.783681 -0.1570799 5.783681 -0.314159 6.30947 -0.628319 -1.577368 -0.628319 -2.103157 -0.471239 -2.103157 -0.471239 -2.103157 -0.314159 -2.103157 -0.471239 -1.577368 -0.471239 -1.577368 -0.314159 -2.103157 -0.314159 -1.577368 -0.471239 -1.577368 -0.314159 -1.577368 -0.471239 -1.051578 -0.471239 -1.051578 -0.314159 -1.577368 -0.314159 -1.051578 -0.471239 -1.051578 -0.314159 -1.051578 -0.471239 -0.525789 -0.471239 -0.525789 -0.314159 -1.051578 -0.314159 -0.525789 -0.471239 -0.525789 -0.314159 -0.525789 -0.471239 0 -0.471239 0 -0.314159 -0.525789 -0.314159 0 -0.471239 0 -0.314159 0 -0.471239 0.525789 -0.471239 0.525789 -0.314159 0 -0.314159 0.525789 -0.471239 0.525789 -0.314159 0.525789 -0.471239 1.051578 -0.471239 1.051578 -0.314159 0.525789 -0.314159 1.051578 -0.471239 1.051578 -0.314159 1.051578 -0.471239 1.577368 -0.471239 1.577368 -0.314159 1.051578 -0.314159 1.577368 -0.471239 1.577368 -0.314159 1.577368 -0.471239 2.103157 -0.471239 2.103157 -0.314159 1.577368 -0.314159 2.103157 -0.471239 2.103157 -0.314159 2.103157 -0.471239 2.628946 -0.471239 2.628946 -0.314159 2.103157 -0.314159 2.628946 -0.471239 2.628946 -0.314159 2.628946 -0.471239 3.154735 -0.471239 3.154735 -0.314159 2.628946 -0.314159 3.154735 -0.471239 3.154735 -0.314159 3.154735 -0.471239 3.680524 -0.471239 3.680524 -0.314159 3.154735 -0.314159 3.680524 -0.471239 3.680524 -0.314159 3.680524 -0.471239 4.206314 -0.471239 4.206314 -0.314159 3.680524 -0.314159 4.206314 -0.471239 4.206314 -0.314159 4.206314 -0.471239 4.732103 -0.471239 4.732103 -0.314159 4.206314 -0.314159 4.732103 -0.471239 4.732103 -0.314159 4.732103 -0.471239 5.257893 -0.471239 5.257893 -0.314159 4.732103 -0.314159 5.257893 -0.471239 5.257893 -0.314159 5.257893 -0.471239 5.783681 -0.471239 5.783681 -0.314159 5.257893 -0.314159 5.783681 -0.471239 5.783681 -0.314159 5.783681 -0.471239 6.30947 -0.471239 6.30947 -0.314159 5.783681 -0.314159 6.30947 -0.471239 6.30947 -0.314159 6.30947 -0.471239 6.83526 -0.628319 -1.051578 -0.628319 -1.577368 -0.471239 -1.577368 -0.471239 -1.577368 -0.628319 -1.577368 -0.471239 -2.103157 -0.628319 -1.051578 -0.471239 -1.577368 -0.471239 -1.051578 -0.628319 -0.525789 -0.628319 -1.051578 -0.471239 -1.051578 -0.628319 -0.525789 -0.471239 -1.051578 -0.471239 -0.525789 -0.628319 0 -0.628319 -0.525789 -0.471239 -0.525789 -0.628319 0 -0.471239 -0.525789 -0.471239 0 -0.628319 0.525789 -0.628319 0 -0.471239 0 -0.628319 0.525789 -0.471239 0 -0.471239 0.525789 -0.628319 1.051578 -0.628319 0.525789 -0.471239 0.525789 -0.628319 1.051578 -0.471239 0.525789 -0.471239 1.051578 -0.628319 1.577368 -0.628319 1.051578 -0.471239 1.051578 -0.628319 1.577368 -0.471239 1.051578 -0.471239 1.577368 -0.628319 2.103157 -0.628319 1.577368 -0.471239 1.577368 -0.628319 2.103157 -0.471239 1.577368 -0.471239 2.103157 -0.628319 2.628946 -0.628319 2.103157 -0.471239 2.103157 -0.628319 2.628946 -0.471239 2.103157 -0.471239 2.628946 -0.628319 3.154735 -0.628319 2.628946 -0.471239 2.628946 -0.628319 3.154735 -0.471239 2.628946 -0.471239 3.154735 -0.628319 3.680524 -0.628319 3.154735 -0.471239 3.154735 -0.628319 3.680524 -0.471239 3.154735 -0.471239 3.680524 -0.628319 4.206314 -0.628319 3.680524 -0.471239 3.680524 -0.628319 4.206314 -0.471239 3.680524 -0.471239 4.206314 -0.628319 4.732103 -0.628319 4.206314 -0.471239 4.206314 -0.628319 4.732103 -0.471239 4.206314 -0.471239 4.732103 -0.628319 5.257893 -0.628319 4.732103 -0.471239 4.732103 -0.628319 5.257893 -0.471239 4.732103 -0.471239 5.257893 -0.628319 5.783681 -0.628319 5.257893 -0.471239 5.257893 -0.628319 5.783681 -0.471239 5.257893 -0.471239 5.783681 -0.628319 6.30947 -0.628319 5.783681 -0.471239 5.783681 -0.628319 6.30947 -0.471239 5.783681 -0.471239 6.30947 -0.628319 6.83526 -0.628319 6.30947 -0.471239 6.30947 -0.628319 6.83526 -0.471239 6.30947 -0.471239 6.83526 -0.628319 7.361049 -0.628319 6.83526 -0.471239 6.83526 -0.1570799 -14.7221 -0.1570799 -14.19631 -0.314159 -14.19631 -0.314159 -14.19631 -0.1570799 -14.19631 -0.314159 -13.67052 -0.314159 -14.19631 -0.314159 -13.67052 -0.471239 -13.67052 -0.471239 -13.67052 -0.314159 -13.67052 -0.471239 -13.14473 -0.471239 -13.67052 -0.471239 -13.14473 -0.628319 -13.14473 -0.1570799 -14.19631 -0.1570799 -13.67052 -0.314159 -13.67052 -0.314159 -13.67052 -0.1570799 -13.67052 -0.314159 -13.14473 -0.314159 -13.67052 -0.314159 -13.14473 -0.471239 -13.14473 -0.1570799 -13.14473 -0.314159 -13.14473 -0.1570799 -13.67052 -0.1570799 -12.09315 -0.314159 -12.61703 -0.1570799 -12.61798 -0.1623499 -0.472909 -0.512961 -4.470668 0 -0.5 0 -0.5 -0.512961 -4.470668 0 -4.5 0 -0.5 0 -4.5 0.512961 -4.470668 -0.307106 -0.39457 -1.985495 -4.038293 -0.1623499 -0.472909 -0.1623499 -0.472909 -1.985495 -4.038293 -1.512222 -4.2383 -0.1623499 -0.472909 -1.512222 -4.2383 -1.019235 -4.383054 -0.418583 -0.273474 -3.227093 -3.136219 -0.307106 -0.39457 -0.307106 -0.39457 -3.227093 -3.136219 -2.848556 -3.483637 -0.307106 -0.39457 -2.848556 -3.483637 -2.432884 -3.785641 -0.4847 -0.122743 -4.093344 -1.869368 -0.418583 -0.273474 -0.418583 -0.273474 -4.093344 -1.869368 -3.853571 -2.323789 -0.418583 -0.273474 -3.853571 -2.323789 -3.56356 -2.747916 -0.498292 0.04128998 -4.483493 -0.385088 -0.4847 -0.122743 -0.4847 -0.122743 -4.483493 -0.385088 -4.410371 -0.893657 -0.4847 -0.122743 -4.410371 -0.893657 -4.279754 -1.390576 -0.457887 0.200848 -4.352161 1.143983 -0.498292 0.04128998 -0.498292 0.04128998 -4.352161 1.143983 -4.454196 0.640417 -0.498292 0.04128998 -4.454196 0.640417 -4.498165 0.128502 -0.367862 0.338641 -3.714623 2.539994 -0.457887 0.200848 -0.457887 0.200848 -3.714623 2.539994 -3.979948 2.100003 -0.457887 0.200848 -3.979948 2.100003 -4.193388 1.632635 -0.237974 0.439737 -2.645034 3.640576 -0.367862 0.338641 -0.367862 0.338641 -2.645034 3.640576 -3.042787 3.315335 -0.367862 0.338641 -3.042787 3.315335 -3.400873 2.946873 -0.08229696 0.493181 -1.267797 4.317719 -0.237974 0.439737 -0.237974 0.439737 -1.267797 4.317719 -1.751715 4.145056 -0.237974 0.439737 -1.751715 4.145056 -2.212798 3.918357 0.08229696 0.493181 -0.2569 4.492661 -0.08229696 0.493181 -0.08229696 0.493181 -0.2569 4.492661 -0.76735 4.434092 -0.08229696 0.493181 -0.76735 4.434092 -1.267797 4.317719 0.237974 0.439737 1.267797 4.317719 0.08229696 0.493181 0.08229696 0.493181 1.267797 4.317719 0.76735 4.434092 0.08229696 0.493181 0.76735 4.434092 0.2569 4.492661 0.367862 0.338641 2.645034 3.640576 0.237974 0.439737 0.237974 0.439737 2.645034 3.640576 2.212798 3.918357 0.237974 0.439737 2.212798 3.918357 1.751715 4.145056 0.457887 0.200848 3.714623 2.539994 0.367862 0.338641 0.367862 0.338641 3.714623 2.539994 3.400873 2.946873 0.367862 0.338641 3.400873 2.946873 3.042787 3.315335 0.498292 0.04128998 4.352161 1.143983 0.457887 0.200848 0.457887 0.200848 4.352161 1.143983 4.193388 1.632635 0.457887 0.200848 4.193388 1.632635 3.979948 2.100003 0.4847 -0.122743 4.483493 -0.385088 0.498292 0.04128998 0.498292 0.04128998 4.483493 -0.385088 4.498165 0.128502 0.498292 0.04128998 4.498165 0.128502 4.454196 0.640417 0.418583 -0.273474 4.093344 -1.869368 0.4847 -0.122743 0.4847 -0.122743 4.093344 -1.869368 4.279754 -1.390576 0.4847 -0.122743 4.279754 -1.390576 4.410371 -0.893657 0.307106 -0.39457 3.227093 -3.136219 0.418583 -0.273474 0.418583 -0.273474 3.227093 -3.136219 3.56356 -2.747916 0.418583 -0.273474 3.56356 -2.747916 3.853571 -2.323789 0.1623499 -0.472909 1.985495 -4.038293 0.307106 -0.39457 0.307106 -0.39457 1.985495 -4.038293 2.432884 -3.785641 0.307106 -0.39457 2.432884 -3.785641 2.848556 -3.483637 0 -0.5 0.512961 -4.470668 0.1623499 -0.472909 0.1623499 -0.472909 0.512961 -4.470668 1.019235 -4.383054 0.1623499 -0.472909 1.019235 -4.383054 1.512222 -4.2383 1.512222 -4.2383 1.985495 -4.038293 0.1623499 -0.472909 2.848556 -3.483637 3.227093 -3.136219 0.307106 -0.39457 3.853571 -2.323789 4.093344 -1.869368 0.418583 -0.273474 4.410371 -0.893657 4.483493 -0.385088 0.4847 -0.122743 4.454196 0.640417 4.352161 1.143983 0.498292 0.04128998 3.979948 2.100003 3.714623 2.539994 0.457887 0.200848 3.042787 3.315335 2.645034 3.640576 0.367862 0.338641 1.751715 4.145056 1.267797 4.317719 0.237974 0.439737 0.2569 4.492661 -0.2569 4.492661 0.08229696 0.493181 -2.212798 3.918357 -2.645034 3.640576 -0.237974 0.439737 -3.400873 2.946873 -3.714623 2.539994 -0.367862 0.338641 -4.193388 1.632635 -4.352161 1.143983 -0.457887 0.200848 -4.498165 0.128502 -4.483493 -0.385088 -0.498292 0.04128998 -4.279754 -1.390576 -4.093344 -1.869368 -0.4847 -0.122743 -3.56356 -2.747916 -3.227093 -3.136219 -0.418583 -0.273474 -2.432884 -3.785641 -1.985495 -4.038293 -0.307106 -0.39457 -1.019235 -4.383054 -0.512961 -4.470668 -0.1623499 -0.472909</float_array>
          <technique_common>
            <accessor source="#EMROX-Argo_IPA-HN_V1_02_03_Simu_RoX_Simple_Argo_Argodrive_Rad_S-mesh-map-0-array" count="4368" stride="2">
              <param name="S" type="float"/>
              <param name="T" type="float"/>
            </accessor>
          </technique_common>
        </source>
        <vertices id="EMROX-Argo_IPA-HN_V1_02_03_Simu_RoX_Simple_Argo_Argodrive_Rad_S-mesh-vertices">
          <input semantic="POSITION" source="#EMROX-Argo_IPA-HN_V1_02_03_Simu_RoX_Simple_Argo_Argodrive_Rad_S-mesh-positions"/>
        </vertices>
        <triangles material="_21_124_15-material" count="1270">
          <input semantic="VERTEX" source="#EMROX-Argo_IPA-HN_V1_02_03_Simu_RoX_Simple_Argo_Argodrive_Rad_S-mesh-vertices" offset="0"/>
          <input semantic="NORMAL" source="#EMROX-Argo_IPA-HN_V1_02_03_Simu_RoX_Simple_Argo_Argodrive_Rad_S-mesh-normals" offset="1"/>
          <input semantic="TEXCOORD" source="#EMROX-Argo_IPA-HN_V1_02_03_Simu_RoX_Simple_Argo_Argodrive_Rad_S-mesh-map-0" offset="2" set="0"/>
          <p>2 0 0 6 1 1 0 2 2 0 3 3 6 4 4 7 5 5 0 6 6 7 7 7 3 8 8 3 9 9 7 10 10 11 11 11 3 12 12 11 13 13 19 14 14 19 15 15 11 16 16 27 17 17 19 18 18 27 19 19 35 20 20 35 21 21 27 22 22 51 23 23 35 24 24 51 25 25 67 26 26 67 27 27 51 28 28 85 29 29 67 30 30 85 31 31 101 32 32 101 33 33 85 34 34 113 35 35 101 36 36 113 37 37 129 38 38 129 39 39 113 40 40 141 41 41 129 42 42 141 43 43 157 44 44 157 45 45 141 46 46 169 47 47 157 48 48 169 49 49 181 50 50 181 51 51 169 52 52 193 53 53 181 54 54 193 55 55 209 56 56 209 57 57 193 58 58 217 59 59 209 60 60 217 61 61 233 62 62 233 63 63 217 64 64 241 65 65 233 66 66 241 67 67 261 68 68 261 69 69 241 70 70 265 71 71 261 72 72 265 73 73 285 74 74 285 75 75 265 76 76 289 77 77 285 78 78 289 79 79 309 80 80 309 81 81 289 82 82 313 83 83 309 84 84 313 85 85 347 86 86 347 87 87 313 88 88 361 89 89 347 90 90 361 91 91 383 92 92 383 93 93 361 94 94 411 95 95 383 96 96 411 97 97 419 98 98 419 99 99 411 100 100 435 101 101 419 102 102 435 103 103 443 104 104 443 105 105 435 106 106 459 107 107 443 108 108 459 109 109 467 110 110 467 111 111 459 112 112 483 113 113 467 114 114 483 115 115 491 116 116 491 117 117 483 118 118 511 119 119 491 120 120 511 121 121 515 122 122 515 123 123 511 124 124 535 125 125 515 126 126 535 127 127 543 128 128 543 129 129 535 130 130 559 131 131 543 132 132 559 133 133 567 134 134 567 135 135 559 136 136 583 137 137 567 138 138 583 139 139 599 140 140 599 141 141 583 142 142 611 143 143 599 144 144 611 145 145 623 146 146 623 147 147 611 148 148 639 149 149 623 150 150 639 151 151 659 152 152 659 153 153 639 154 154 675 155 155 659 156 156 675 157 157 691 158 158 691 159 159 675 160 160 699 161 161 691 162 162 699 163 163 707 164 164 707 165 165 699 166 166 715 167 167 707 168 168 715 169 169 723 170 170 723 171 171 715 172 172 719 173 173 723 174 174 719 175 175 726 176 176 726 177 177 719 178 178 718 179 179 726 180 180 718 181 181 722 182 182 722 183 183 718 184 184 714 185 185 722 186 186 714 187 187 706 188 188 706 189 189 714 190 190 698 191 191 706 192 192 698 193 193 690 194 194 690 195 195 698 196 196 674 197 197 690 198 198 674 199 199 658 200 200 658 201 201 674 202 202 638 203 203 658 204 204 638 205 205 622 206 206 622 207 207 638 208 208 610 209 209 622 210 210 610 211 211 598 212 212 598 213 213 610 214 214 582 215 215 598 216 216 582 217 217 566 218 218 566 219 219 582 220 220 558 221 221 566 222 222 558 223 223 542 224 224 542 225 225 558 226 226 534 227 227 542 228 228 534 229 229 514 230 230 514 231 231 534 232 232 510 233 233 514 234 234 510 235 235 490 236 236 490 237 237 510 238 238 482 239 239 490 240 240 482 241 241 466 242 242 466 243 243 482 244 244 458 245 245 466 246 246 458 247 247 442 248 248 442 249 249 458 250 250 434 251 251 442 252 252 434 253 253 418 254 254 418 255 255 434 256 256 410 257 257 418 258 258 410 259 259 382 260 260 382 261 261 410 262 262 360 263 263 382 264 264 360 265 265 346 266 266 346 267 267 360 268 268 312 269 269 346 270 270 312 271 271 308 272 272 308 273 273 312 274 274 288 275 275 308 276 276 288 277 277 284 278 278 284 279 279 288 280 280 264 281 281 284 282 282 264 283 283 260 284 284 260 285 285 264 286 286 240 287 287 260 288 288 240 289 289 232 290 290 232 291 291 240 292 292 216 293 293 232 294 294 216 295 295 208 296 296 208 297 297 216 298 298 192 299 299 208 300 300 192 301 301 180 302 302 180 303 303 192 304 304 168 305 305 180 306 306 168 307 307 156 308 308 156 309 309 168 310 310 140 311 311 156 312 312 140 313 313 128 314 314 128 315 315 140 316 316 112 317 317 128 318 318 112 319 319 100 320 320 100 321 321 112 322 322 84 323 323 100 324 324 84 325 325 66 326 326 66 327 327 84 328 328 50 329 329 66 330 330 50 331 331 34 332 332 34 333 333 50 334 334 26 335 335 34 336 336 26 337 337 18 338 338 18 339 339 26 340 340 10 341 341 18 342 342 10 343 343 2 344 344 2 345 345 10 346 346 6 347 347 77 348 348 47 349 349 70 350 350 70 351 351 47 352 352 46 353 353 70 354 354 46 355 355 76 356 356 76 357 357 46 358 358 58 359 359 76 360 360 58 361 361 88 362 362 88 363 363 58 364 364 72 365 365 88 366 366 72 367 367 104 368 368 104 369 369 72 370 370 96 371 371 104 372 372 96 373 373 124 374 374 124 375 375 96 376 376 116 377 377 124 378 378 116 379 379 144 380 380 144 381 381 116 382 382 136 383 383 144 384 384 136 385 385 164 386 386 164 387 387 136 388 388 160 389 389 164 390 390 160 391 391 188 392 392 188 393 393 160 394 394 184 395 395 188 396 396 184 397 397 212 398 398 212 399 399 184 400 400 204 401 401 212 402 402 204 403 403 236 404 404 236 405 405 204 406 406 228 407 407 236 408 408 228 409 409 252 410 410 252 411 411 228 412 412 224 413 413 252 414 414 224 415 415 248 416 416 248 417 417 224 418 418 220 419 419 248 420 420 220 421 421 244 422 422 244 423 423 220 424 424 216 425 425 244 426 426 216 427 427 240 428 428 47 429 429 77 430 430 59 431 431 59 432 432 77 433 433 89 434 434 59 435 435 89 436 436 73 437 437 73 438 438 89 439 439 105 440 440 73 441 441 105 442 442 97 443 443 97 444 444 105 445 445 125 446 446 97 447 447 125 448 448 117 449 449 117 450 450 125 451 451 145 452 452 117 453 453 145 454 454 137 455 455 137 456 456 145 457 457 165 458 458 137 459 459 165 460 460 161 461 461 161 462 462 165 463 463 189 464 464 161 465 465 189 466 466 185 467 467 185 468 468 189 469 469 213 470 470 185 471 471 213 472 472 205 473 473 205 474 474 213 475 475 237 476 476 205 477 477 237 478 478 229 479 479 229 480 480 237 481 481 253 482 482 229 483 483 253 484 484 225 485 485 225 486 486 253 487 487 249 488 488 225 489 489 249 490 490 221 491 491 221 492 492 249 493 493 245 494 494 221 495 495 245 496 496 217 497 497 217 498 498 245 499 499 241 500 500 237 501 501 257 502 502 253 503 503 253 504 504 257 505 505 277 506 506 253 507 507 277 508 508 273 509 509 273 510 510 277 511 511 297 512 512 273 513 513 297 514 514 293 515 515 293 516 516 297 517 517 317 518 518 293 519 519 317 520 520 313 521 521 313 522 522 317 523 523 361 524 524 257 525 525 281 526 526 277 527 527 277 528 528 281 529 529 301 530 530 277 531 531 301 532 532 297 533 533 297 534 534 301 535 535 321 536 536 297 537 537 321 538 538 317 539 539 317 540 540 321 541 541 359 542 542 317 543 543 359 544 544 361 545 545 361 546 546 359 547 547 411 548 548 281 549 549 305 550 550 301 551 551 301 552 552 305 553 553 325 554 554 301 555 555 325 556 556 321 557 557 321 558 558 325 559 559 357 560 560 321 561 561 357 562 562 359 563 563 359 564 564 357 565 565 407 566 566 359 567 567 407 568 568 411 569 569 411 570 570 407 571 571 435 572 572 305 573 573 339 574 574 325 575 575 325 576 576 339 577 577 355 578 578 325 579 579 355 580 580 357 581 581 357 582 582 355 583 583 403 584 584 357 585 585 403 586 586 407 587 587 407 588 588 403 589 589 431 590 590 407 591 591 431 592 592 435 593 593 435 594 594 431 595 595 459 596 596 339 597 597 375 598 598 355 599 599 355 600 600 375 601 601 399 602 602 355 603 603 399 604 604 403 605 605 403 606 606 399 607 607 427 608 608 403 609 609 427 610 610 431 611 611 431 612 612 427 613 613 455 614 614 431 615 615 455 616 616 459 617 617 459 618 618 455 619 619 483 620 620 375 621 621 415 622 622 399 623 623 399 624 624 415 625 625 423 626 626 399 627 627 423 628 628 427 629 629 427 630 630 423 631 631 451 632 632 427 633 633 451 634 634 455 635 635 455 636 636 451 637 637 479 638 638 455 639 639 479 640 640 483 641 641 483 642 642 479 643 643 511 644 644 415 645 645 439 646 646 423 647 647 423 648 648 439 649 649 447 650 650 423 651 651 447 652 652 451 653 653 451 654 654 447 655 655 475 656 656 451 657 657 475 658 658 479 659 659 479 660 660 475 661 661 503 662 662 479 663 663 503 664 664 511 665 665 511 666 666 503 667 667 535 668 668 439 669 669 463 670 670 447 671 671 447 672 672 463 673 673 471 674 674 447 675 675 471 676 676 475 677 677 475 678 678 471 679 679 499 680 680 475 681 681 499 682 682 503 683 683 503 684 684 499 685 685 531 686 686 503 687 687 531 688 688 535 689 689 535 690 690 531 691 691 559 692 692 463 693 693 487 694 694 471 695 695 471 696 696 487 697 697 495 698 698 471 699 699 495 700 700 499 701 701 499 702 702 495 703 703 523 704 704 499 705 705 523 706 706 531 707 707 531 708 708 523 709 709 555 710 710 531 711 711 555 712 712 559 713 713 559 714 714 555 715 715 583 716 716 487 717 717 507 718 718 495 719 719 495 720 720 507 721 721 519 722 722 495 723 723 519 724 724 523 725 725 523 726 726 519 727 727 547 728 728 523 729 729 547 730 730 555 731 731 555 732 732 547 733 733 579 734 734 555 735 735 579 736 736 583 737 737 583 738 738 579 739 739 611 740 740 507 741 741 527 742 742 519 743 743 519 744 744 527 745 745 539 746 746 519 747 747 539 748 748 547 749 749 547 750 750 539 751 751 575 752 752 547 753 753 575 754 754 579 755 755 579 756 756 575 757 757 603 758 758 579 759 759 603 760 760 611 761 761 611 762 762 603 763 763 639 764 764 527 765 765 551 766 766 539 767 767 539 768 768 551 769 769 563 770 770 539 771 771 563 772 772 575 773 773 575 774 774 563 775 775 595 776 776 575 777 777 595 778 778 603 779 779 603 780 780 595 781 781 635 782 782 603 783 783 635 784 784 639 785 785 639 786 786 635 787 787 675 788 788 551 789 789 571 790 790 563 791 791 563 792 792 571 793 793 587 794 794 563 795 795 587 796 796 595 797 797 595 798 798 587 799 799 619 800 800 595 801 801 619 802 802 635 803 803 635 804 804 619 805 805 663 806 806 635 807 807 663 808 808 675 809 809 675 810 810 663 811 811 699 812 812 571 813 813 591 814 814 587 815 815 587 816 816 591 817 817 607 818 818 587 819 819 607 820 820 619 821 821 619 822 822 607 823 823 647 824 824 619 825 825 647 826 826 663 827 827 663 828 828 647 829 829 683 830 830 663 831 831 683 832 832 699 833 833 699 834 834 683 835 835 715 836 836 591 837 837 615 838 838 607 839 839 607 840 840 615 841 841 631 842 842 607 843 843 631 844 844 647 845 845 647 846 846 631 847 847 671 848 848 647 849 849 671 850 850 683 851 851 683 852 852 671 853 853 703 854 854 683 855 855 703 856 856 715 857 857 715 858 858 703 859 859 719 860 860 615 861 861 627 862 862 631 863 863 631 864 864 627 865 865 651 866 866 631 867 867 651 868 868 671 869 869 671 870 870 651 871 871 687 872 872 671 873 873 687 874 874 703 875 875 703 876 876 687 877 877 711 878 878 703 879 879 711 880 880 719 881 881 719 882 882 711 883 883 718 884 884 627 885 885 643 886 886 651 887 887 651 888 888 643 889 889 667 890 890 651 891 891 667 892 892 687 893 893 687 894 894 667 895 895 695 896 896 687 897 897 695 898 898 711 899 899 711 900 900 695 901 901 710 902 902 711 903 903 710 904 904 718 905 905 718 906 906 710 907 907 714 908 908 643 909 909 655 910 910 667 911 911 667 912 912 655 913 913 679 914 914 667 915 915 679 916 916 695 917 917 695 918 918 679 919 919 694 920 920 695 921 921 694 922 922 710 923 923 710 924 924 694 925 925 702 926 926 710 927 927 702 928 928 714 929 929 714 930 930 702 931 931 698 932 932 655 933 933 654 934 934 679 935 935 679 936 936 654 937 937 678 938 938 679 939 939 678 940 940 694 941 941 694 942 942 678 943 943 686 944 944 694 945 945 686 946 946 702 947 947 702 948 948 686 949 949 682 950 950 702 951 951 682 952 952 698 953 953 698 954 954 682 955 955 674 956 956 678 957 957 654 958 958 666 959 959 666 960 960 654 961 961 642 962 962 666 963 963 642 964 964 650 965 965 650 966 966 642 967 967 626 968 968 650 969 969 626 970 970 630 971 971 630 972 972 626 973 973 614 974 974 630 975 975 614 976 976 606 977 977 606 978 978 614 979 979 590 980 980 606 981 981 590 982 982 586 983 983 586 984 984 590 985 985 570 986 986 586 987 987 570 988 988 562 989 989 562 990 990 570 991 991 550 992 992 562 993 993 550 994 994 538 995 995 538 996 996 550 997 997 526 998 998 538 999 999 526 1000 1000 518 1001 1001 518 1002 1002 526 1003 1003 506 1004 1004 518 1005 1005 506 1006 1006 494 1007 1007 494 1008 1008 506 1009 1009 486 1010 1010 494 1011 1011 486 1012 1012 470 1013 1013 470 1014 1014 486 1015 1015 462 1016 1016 470 1017 1017 462 1018 1018 446 1019 1019 446 1020 1020 462 1021 1021 438 1022 1022 446 1023 1023 438 1024 1024 422 1025 1025 422 1026 1026 438 1027 1027 414 1028 1028 422 1029 1029 414 1030 1030 398 1031 1031 398 1032 1032 414 1033 1033 374 1034 1034 398 1035 1035 374 1036 1036 354 1037 1037 354 1038 1038 374 1039 1039 338 1040 1040 354 1041 1041 338 1042 1042 324 1043 1043 324 1044 1044 338 1045 1045 304 1046 1046 324 1047 1047 304 1048 1048 300 1049 1049 300 1050 1050 304 1051 1051 280 1052 1052 300 1053 1053 280 1054 1054 276 1055 1055 276 1056 1056 280 1057 1057 256 1058 1058 276 1059 1059 256 1060 1060 252 1061 1061 252 1062 1062 256 1063 1063 236 1064 1064 6 1065 1065 14 1066 1066 7 1067 1067 7 1068 1068 14 1069 1069 15 1070 1070 7 1071 1071 15 1072 1072 11 1073 1073 11 1074 1074 15 1075 1075 23 1076 1076 11 1077 1077 23 1078 1078 27 1079 1079 27 1080 1080 23 1081 1081 43 1082 1082 27 1083 1083 43 1084 1084 51 1085 1085 51 1086 1086 43 1087 1087 63 1088 1088 51 1089 1089 63 1090 1090 85 1091 1091 85 1092 1092 63 1093 1093 93 1094 1094 85 1095 1095 93 1096 1096 113 1097 1097 113 1098 1098 93 1099 1099 121 1100 1100 113 1101 1101 121 1102 1102 141 1103 1103 141 1104 1104 121 1105 1105 149 1106 1106 141 1107 1107 149 1108 1108 169 1109 1109 169 1110 1110 149 1111 1111 173 1112 1112 169 1113 1113 173 1114 1114 193 1115 1115 193 1116 1116 173 1117 1117 197 1118 1118 193 1119 1119 197 1120 1120 221 1121 1121 221 1122 1122 197 1123 1123 225 1124 1124 14 1125 1125 30 1126 1126 15 1127 1127 15 1128 1128 30 1129 1129 31 1130 1130 15 1131 1131 31 1132 1132 23 1133 1133 23 1134 1134 31 1135 1135 39 1136 1136 23 1137 1137 39 1138 1138 43 1139 1139 43 1140 1140 39 1141 1141 55 1142 1142 43 1143 1143 55 1144 1144 63 1145 1145 63 1146 1146 55 1147 1147 81 1148 1148 63 1149 1149 81 1150 1150 93 1151 1151 93 1152 1152 81 1153 1153 109 1154 1154 93 1155 1155 109 1156 1156 121 1157 1157 121 1158 1158 109 1159 1159 133 1160 1160 121 1161 1161 133 1162 1162 149 1163 1163 149 1164 1164 133 1165 1165 153 1166 1166 149 1167 1167 153 1168 1168 173 1169 1169 173 1170 1170 153 1171 1171 177 1172 1172 173 1173 1173 177 1174 1174 197 1175 1175 197 1176 1176 177 1177 1177 201 1178 1178 197 1179 1179 201 1180 1180 225 1181 1181 225 1182 1182 201 1183 1183 229 1184 1184 14 1185 1185 6 1186 1186 22 1187 1187 22 1188 1188 6 1189 1189 10 1190 1190 22 1191 1191 10 1192 1192 42 1193 1193 42 1194 1194 10 1195 1195 26 1196 1196 42 1197 1197 26 1198 1198 62 1199 1199 62 1200 1200 26 1201 1201 50 1202 1202 62 1203 1203 50 1204 1204 92 1205 1205 92 1206 1206 50 1207 1207 84 1208 1208 92 1209 1209 84 1210 1210 120 1211 1211 120 1212 1212 84 1213 1213 112 1214 1214 120 1215 1215 112 1216 1216 148 1217 1217 148 1218 1218 112 1219 1219 140 1220 1220 148 1221 1221 140 1222 1222 172 1223 1223 172 1224 1224 140 1225 1225 168 1226 1226 172 1227 1227 168 1228 1228 196 1229 1229 196 1230 1230 168 1231 1231 192 1232 1232 196 1233 1233 192 1234 1234 220 1235 1235 220 1236 1236 192 1237 1237 216 1238 1238 30 1239 1239 46 1240 1240 31 1241 1241 31 1242 1242 46 1243 1243 47 1244 1244 31 1245 1245 47 1246 1246 39 1247 1247 39 1248 1248 47 1249 1249 59 1250 1250 39 1251 1251 59 1252 1252 55 1253 1253 55 1254 1254 59 1255 1255 73 1256 1256 55 1257 1257 73 1258 1258 81 1259 1259 81 1260 1260 73 1261 1261 97 1262 1262 81 1263 1263 97 1264 1264 109 1265 1265 109 1266 1266 97 1267 1267 117 1268 1268 109 1269 1269 117 1270 1270 133 1271 1271 133 1272 1272 117 1273 1273 137 1274 1274 133 1275 1275 137 1276 1276 153 1277 1277 153 1278 1278 137 1279 1279 161 1280 1280 153 1281 1281 161 1282 1282 177 1283 1283 177 1284 1284 161 1285 1285 185 1286 1286 177 1287 1287 185 1288 1288 201 1289 1289 201 1290 1290 185 1291 1291 205 1292 1292 201 1293 1293 205 1294 1294 229 1295 1295 30 1296 1296 14 1297 1297 38 1298 1298 38 1299 1299 14 1300 1300 22 1301 1301 38 1302 1302 22 1303 1303 54 1304 1304 54 1305 1305 22 1306 1306 42 1307 1307 54 1308 1308 42 1309 1309 80 1310 1310 80 1311 1311 42 1312 1312 62 1313 1313 80 1314 1314 62 1315 1315 108 1316 1316 108 1317 1317 62 1318 1318 92 1319 1319 108 1320 1320 92 1321 1321 132 1322 1322 132 1323 1323 92 1324 1324 120 1325 1325 132 1326 1326 120 1327 1327 152 1328 1328 152 1329 1329 120 1330 1330 148 1331 1331 152 1332 1332 148 1333 1333 176 1334 1334 176 1335 1335 148 1336 1336 172 1337 1337 176 1338 1338 172 1339 1339 200 1340 1340 200 1341 1341 172 1342 1342 196 1343 1343 200 1344 1344 196 1345 1345 224 1346 1346 224 1347 1347 196 1348 1348 220 1349 1349 46 1350 1350 30 1351 1351 58 1352 1352 58 1353 1353 30 1354 1354 38 1355 1355 58 1356 1356 38 1357 1357 72 1358 1358 72 1359 1359 38 1360 1360 54 1361 1361 72 1362 1362 54 1363 1363 96 1364 1364 96 1365 1365 54 1366 1366 80 1367 1367 96 1368 1368 80 1369 1369 116 1370 1370 116 1371 1371 80 1372 1372 108 1373 1373 116 1374 1374 108 1375 1375 136 1376 1376 136 1377 1377 108 1378 1378 132 1379 1379 136 1380 1380 132 1381 1381 160 1382 1382 160 1383 1383 132 1384 1384 152 1385 1385 160 1386 1386 152 1387 1387 184 1388 1388 184 1389 1389 152 1390 1390 176 1391 1391 184 1392 1392 176 1393 1393 204 1394 1394 204 1395 1395 176 1396 1396 200 1397 1397 204 1398 1398 200 1399 1399 228 1400 1400 228 1401 1401 200 1402 1402 224 1403 1403 244 1404 1404 240 1405 1405 268 1406 1406 268 1407 1407 240 1408 1408 264 1409 1409 268 1410 1410 264 1411 1411 292 1412 1412 292 1413 1413 264 1414 1414 288 1415 1415 292 1416 1416 288 1417 1417 316 1418 1418 316 1419 1419 288 1420 1420 312 1421 1421 316 1422 1422 312 1423 1423 358 1424 1424 358 1425 1425 312 1426 1426 360 1427 1427 358 1428 1428 360 1429 1429 406 1430 1430 406 1431 1431 360 1432 1432 410 1433 1433 406 1434 1434 410 1435 1435 430 1436 1436 430 1437 1437 410 1438 1438 434 1439 1439 430 1440 1440 434 1441 1441 454 1442 1442 454 1443 1443 434 1444 1444 458 1445 1445 454 1446 1446 458 1447 1447 478 1448 1448 478 1449 1449 458 1450 1450 482 1451 1451 478 1452 1452 482 1453 1453 502 1454 1454 502 1455 1455 482 1456 1456 510 1457 1457 502 1458 1458 510 1459 1459 530 1460 1460 530 1461 1461 510 1462 1462 534 1463 1463 530 1464 1464 534 1465 1465 554 1466 1466 554 1467 1467 534 1468 1468 558 1469 1469 554 1470 1470 558 1471 1471 578 1472 1472 578 1473 1473 558 1474 1474 582 1475 1475 578 1476 1476 582 1477 1477 602 1478 1478 602 1479 1479 582 1480 1480 610 1481 1481 602 1482 1482 610 1483 1483 634 1484 1484 634 1485 1485 610 1486 1486 638 1487 1487 634 1488 1488 638 1489 1489 662 1490 1490 662 1491 1491 638 1492 1492 674 1493 1493 662 1494 1494 674 1495 1495 682 1496 1496 276 1497 1497 252 1498 1498 248 1499 1499 248 1500 1500 244 1501 1501 272 1502 1502 272 1503 1503 244 1504 1504 268 1505 1505 272 1506 1506 268 1507 1507 296 1508 1508 296 1509 1509 268 1510 1510 292 1511 1511 296 1512 1512 292 1513 1513 320 1514 1514 320 1515 1515 292 1516 1516 316 1517 1517 320 1518 1518 316 1519 1519 356 1520 1520 356 1521 1521 316 1522 1522 358 1523 1523 356 1524 1524 358 1525 1525 402 1526 1526 402 1527 1527 358 1528 1528 406 1529 1529 402 1530 1530 406 1531 1531 426 1532 1532 426 1533 1533 406 1534 1534 430 1535 1535 426 1536 1536 430 1537 1537 450 1538 1538 450 1539 1539 430 1540 1540 454 1541 1541 450 1542 1542 454 1543 1543 474 1544 1544 474 1545 1545 454 1546 1546 478 1547 1547 474 1548 1548 478 1549 1549 498 1550 1550 498 1551 1551 478 1552 1552 502 1553 1553 498 1554 1554 502 1555 1555 522 1556 1556 522 1557 1557 502 1558 1558 530 1559 1559 522 1560 1560 530 1561 1561 546 1562 1562 546 1563 1563 530 1564 1564 554 1565 1565 546 1566 1566 554 1567 1567 574 1568 1568 574 1569 1569 554 1570 1570 578 1571 1571 574 1572 1572 578 1573 1573 594 1574 1574 594 1575 1575 578 1576 1576 602 1577 1577 594 1578 1578 602 1579 1579 618 1580 1580 618 1581 1581 602 1582 1582 634 1583 1583 618 1584 1584 634 1585 1585 646 1586 1586 646 1587 1587 634 1588 1588 662 1589 1589 646 1590 1590 662 1591 1591 670 1592 1592 670 1593 1593 662 1594 1594 682 1595 1595 670 1596 1596 682 1597 1597 686 1598 1598 300 1599 1599 276 1600 1600 272 1601 1601 272 1602 1602 276 1603 1603 248 1604 1604 300 1605 1605 272 1606 1606 296 1607 1607 324 1608 1608 300 1609 1609 296 1610 1610 324 1611 1611 296 1612 1612 320 1613 1613 354 1614 1614 324 1615 1615 320 1616 1616 354 1617 1617 320 1618 1618 356 1619 1619 398 1620 1620 354 1621 1621 356 1622 1622 398 1623 1623 356 1624 1624 402 1625 1625 422 1626 1626 398 1627 1627 402 1628 1628 422 1629 1629 402 1630 1630 426 1631 1631 446 1632 1632 422 1633 1633 426 1634 1634 446 1635 1635 426 1636 1636 450 1637 1637 470 1638 1638 446 1639 1639 450 1640 1640 470 1641 1641 450 1642 1642 474 1643 1643 494 1644 1644 470 1645 1645 474 1646 1646 494 1647 1647 474 1648 1648 498 1649 1649 518 1650 1650 494 1651 1651 498 1652 1652 518 1653 1653 498 1654 1654 522 1655 1655 538 1656 1656 518 1657 1657 522 1658 1658 538 1659 1659 522 1660 1660 546 1661 1661 562 1662 1662 538 1663 1663 546 1664 1664 562 1665 1665 546 1666 1666 574 1667 1667 586 1668 1668 562 1669 1669 574 1670 1670 586 1671 1671 574 1672 1672 594 1673 1673 606 1674 1674 586 1675 1675 594 1676 1676 606 1677 1677 594 1678 1678 618 1679 1679 630 1680 1680 606 1681 1681 618 1682 1682 630 1683 1683 618 1684 1684 646 1685 1685 650 1686 1686 630 1687 1687 646 1688 1688 650 1689 1689 646 1690 1690 670 1691 1691 666 1692 1692 650 1693 1693 670 1694 1694 666 1695 1695 670 1696 1696 686 1697 1697 678 1698 1698 666 1699 1699 686 1700 1700 313 1701 1701 289 1702 1702 293 1703 1703 293 1704 1704 289 1705 1705 269 1706 1706 293 1707 1707 269 1708 1708 273 1709 1709 273 1710 1710 269 1711 1711 249 1712 1712 273 1713 1713 249 1714 1714 253 1715 1715 289 1716 1716 265 1717 1717 269 1718 1718 269 1719 1719 265 1720 1720 245 1721 1721 269 1722 1722 245 1723 1723 249 1724 1724 241 1725 1725 245 1726 1726 265 1727 1727 193 1728 1728 221 1729 1729 217 1730 1730 3 1882 2067 5 1883 2068 0 1884 2069 0 1885 2070 5 1886 2071 1 1887 2072 0 1888 2073 1 1889 2074 2 1890 2075 2 1891 2076 1 1892 2077 4 1893 2078 2 1894 2079 4 1895 2080 18 1896 2081 18 1897 2082 4 1898 2083 20 1899 2084 18 1900 2085 20 1901 2086 34 1902 2087 34 1903 2088 20 1904 2089 36 1905 2090 34 1906 2091 36 1907 2092 66 1908 2093 66 1909 2094 36 1910 2095 68 1911 2096 66 1912 2097 68 1913 2098 100 1914 2099 100 1915 2100 68 1916 2101 102 1917 2102 100 1918 2103 102 1919 2104 128 1920 2105 128 1921 2106 102 1922 2107 130 1923 2108 128 1924 2109 130 1925 2110 156 1926 2111 156 1927 2112 130 1928 2113 158 1929 2114 156 1930 2115 158 1931 2116 180 1932 2117 180 1933 2118 158 1934 2119 182 1935 2120 180 1936 2121 182 1937 2122 208 1938 2123 208 1939 2124 182 1940 2125 210 1941 2126 208 1942 2127 210 1943 2128 232 1944 2129 232 1945 2130 210 1946 2131 234 1947 2132 232 1948 2133 234 1949 2134 260 1950 2135 260 1951 2136 234 1952 2137 262 1953 2138 260 1954 2139 262 1955 2140 284 1956 2141 284 1957 2142 262 1958 2143 286 1959 2144 284 1960 2145 286 1961 2146 308 1962 2147 308 1963 2148 286 1964 2149 310 1965 2150 308 1966 2151 310 1967 2152 346 1968 2153 346 1969 2154 310 1970 2155 348 1971 2156 346 1972 2157 348 1973 2158 382 1974 2159 382 1975 2160 348 1976 2161 384 1977 2162 382 1978 2163 384 1979 2164 418 1980 2165 418 1981 2166 384 1982 2167 420 1983 2168 418 1984 2169 420 1985 2170 442 1986 2171 442 1987 2172 420 1988 2173 444 1989 2174 442 1990 2175 444 1991 2176 466 1992 2177 466 1993 2178 444 1994 2179 468 1995 2180 466 1996 2181 468 1997 2182 490 1998 2183 490 1999 2184 468 2000 2185 492 2001 2186 490 2002 2187 492 2003 2188 514 2004 2189 514 2005 2190 492 2006 2191 516 2007 2192 514 2008 2193 516 2009 2194 542 2010 2195 542 2011 2196 516 2012 2197 544 2013 2198 542 2014 2199 544 2015 2200 566 2016 2201 566 2017 2202 544 2018 2203 568 2019 2204 566 2020 2205 568 2021 2206 598 2022 2207 598 2023 2208 568 2024 2209 600 2025 2210 598 2026 2211 600 2027 2212 622 2028 2213 622 2029 2214 600 2030 2215 624 2031 2216 622 2032 2217 624 2033 2218 658 2034 2219 658 2035 2220 624 2036 2221 660 2037 2222 658 2038 2223 660 2039 2224 690 2040 2225 690 2041 2226 660 2042 2227 692 2043 2228 690 2044 2229 692 2045 2230 706 2046 2231 706 2047 2232 692 2048 2233 708 2049 2234 706 2050 2235 708 2051 2236 722 2052 2237 722 2053 2238 708 2054 2239 724 2055 2240 722 2056 2241 724 2057 2242 726 2058 2243 726 2059 2244 724 2060 2245 727 2061 2246 726 2062 2247 727 2063 2248 723 2064 2249 723 2065 2250 727 2066 2251 725 2067 2252 723 2068 2253 725 2069 2254 707 2070 2255 707 2071 2256 725 2072 2257 709 2073 2258 707 2074 2259 709 2075 2260 691 2076 2261 691 2077 2262 709 2078 2263 693 2079 2264 691 2080 2265 693 2081 2266 659 2082 2267 659 2083 2268 693 2084 2269 661 2085 2270 659 2086 2271 661 2087 2272 623 2088 2273 623 2089 2274 661 2090 2275 625 2091 2276 623 2092 2277 625 2093 2278 599 2094 2279 599 2095 2280 625 2096 2281 601 2097 2282 599 2098 2283 601 2099 2284 567 2100 2285 567 2101 2286 601 2102 2287 569 2103 2288 567 2104 2289 569 2105 2290 543 2106 2291 543 2107 2292 569 2108 2293 545 2109 2294 543 2110 2295 545 2111 2296 515 2112 2297 515 2113 2298 545 2114 2299 517 2115 2300 515 2116 2301 517 2117 2302 491 2118 2303 491 2119 2304 517 2120 2305 493 2121 2306 491 2122 2307 493 2123 2308 467 2124 2309 467 2125 2310 493 2126 2311 469 2127 2312 467 2128 2313 469 2129 2314 443 2130 2315 443 2131 2316 469 2132 2317 445 2133 2318 443 2134 2319 445 2135 2320 419 2136 2321 419 2137 2322 445 2138 2323 421 2139 2324 419 2140 2325 421 2141 2326 383 2142 2327 383 2143 2328 421 2144 2329 385 2145 2330 383 2146 2331 385 2147 2332 347 2148 2333 347 2149 2334 385 2150 2335 349 2151 2336 347 2152 2337 349 2153 2338 309 2154 2339 309 2155 2340 349 2156 2341 311 2157 2342 309 2158 2343 311 2159 2344 285 2160 2345 285 2161 2346 311 2162 2347 287 2163 2348 285 2164 2349 287 2165 2350 261 2166 2351 261 2167 2352 287 2168 2353 263 2169 2354 261 2170 2355 263 2171 2356 233 2172 2357 233 2173 2358 263 2174 2359 235 2175 2360 233 2176 2361 235 2177 2362 209 2178 2363 209 2179 2364 235 2180 2365 211 2181 2366 209 2182 2367 211 2183 2368 181 2184 2369 181 2185 2370 211 2186 2371 183 2187 2372 181 2188 2373 183 2189 2374 157 2190 2375 157 2191 2376 183 2192 2377 159 2193 2378 157 2194 2379 159 2195 2380 129 2196 2381 129 2197 2382 159 2198 2383 131 2199 2384 129 2200 2385 131 2201 2386 101 2202 2387 101 2203 2388 131 2204 2389 103 2205 2390 101 2206 2391 103 2207 2392 67 2208 2393 67 2209 2394 103 2210 2395 69 2211 2396 67 2212 2397 69 2213 2398 35 2214 2399 35 2215 2400 69 2216 2401 37 2217 2402 35 2218 2403 37 2219 2404 19 2220 2405 19 2221 2406 37 2222 2407 21 2223 2408 19 2224 2409 21 2225 2410 3 2226 2411 3 2227 2412 21 2228 2413 5 2229 2414 5 2230 2415 9 2231 2416 1 2232 2417 1 2233 2418 9 2234 2419 8 2235 2420 1 2236 2421 8 2237 2422 4 2238 2423 4 2239 2424 8 2240 2425 12 2241 2426 4 2242 2427 12 2243 2428 20 2244 2429 20 2245 2430 12 2246 2431 28 2247 2432 20 2248 2433 28 2249 2434 36 2250 2435 36 2251 2436 28 2252 2437 52 2253 2438 36 2254 2439 52 2255 2440 68 2256 2441 68 2257 2442 52 2258 2443 86 2259 2444 68 2260 2445 86 2261 2446 102 2262 2447 102 2263 2448 86 2264 2449 114 2265 2450 102 2266 2451 114 2267 2452 130 2268 2453 130 2269 2454 114 2270 2455 142 2271 2456 130 2272 2457 142 2273 2458 158 2274 2459 158 2275 2460 142 2276 2461 170 2277 2462 158 2278 2463 170 2279 2464 182 2280 2465 182 2281 2466 170 2282 2467 194 2283 2468 182 2284 2469 194 2285 2470 210 2286 2471 210 2287 2472 194 2288 2473 218 2289 2474 210 2290 2475 218 2291 2476 234 2292 2477 234 2293 2478 218 2294 2479 242 2295 2480 234 2296 2481 242 2297 2482 262 2298 2483 262 2299 2484 242 2300 2485 266 2301 2486 262 2302 2487 266 2303 2488 286 2304 2489 286 2305 2490 266 2306 2491 290 2307 2492 286 2308 2493 290 2309 2494 310 2310 2495 310 2311 2496 290 2312 2497 314 2313 2498 310 2314 2499 314 2315 2500 348 2316 2501 348 2317 2502 314 2318 2503 362 2319 2504 348 2320 2505 362 2321 2506 384 2322 2507 384 2323 2508 362 2324 2509 412 2325 2510 384 2326 2511 412 2327 2512 420 2328 2513 420 2329 2514 412 2330 2515 436 2331 2516 420 2332 2517 436 2333 2518 444 2334 2519 444 2335 2520 436 2336 2521 460 2337 2522 444 2338 2523 460 2339 2524 468 2340 2525 468 2341 2526 460 2342 2527 484 2343 2528 468 2344 2529 484 2345 2530 492 2346 2531 492 2347 2532 484 2348 2533 512 2349 2534 492 2350 2535 512 2351 2536 516 2352 2537 516 2353 2538 512 2354 2539 536 2355 2540 516 2356 2541 536 2357 2542 544 2358 2543 544 2359 2544 536 2360 2545 560 2361 2546 544 2362 2547 560 2363 2548 568 2364 2549 568 2365 2550 560 2366 2551 584 2367 2552 568 2368 2553 584 2369 2554 600 2370 2555 600 2371 2556 584 2372 2557 612 2373 2558 600 2374 2559 612 2375 2560 624 2376 2561 624 2377 2562 612 2378 2563 640 2379 2564 624 2380 2565 640 2381 2566 660 2382 2567 660 2383 2568 640 2384 2569 676 2385 2570 660 2386 2571 676 2387 2572 692 2388 2573 692 2389 2574 676 2390 2575 700 2391 2576 692 2392 2577 700 2393 2578 708 2394 2579 708 2395 2580 700 2396 2581 716 2397 2582 708 2398 2583 716 2399 2584 724 2400 2585 724 2401 2586 716 2402 2587 720 2403 2588 724 2404 2589 720 2405 2590 727 2406 2591 727 2407 2592 720 2408 2593 721 2409 2594 727 2410 2595 721 2411 2596 725 2412 2597 725 2413 2598 721 2414 2599 717 2415 2600 725 2416 2601 717 2417 2602 709 2418 2603 709 2419 2604 717 2420 2605 701 2421 2606 709 2422 2607 701 2423 2608 693 2424 2609 693 2425 2610 701 2426 2611 677 2427 2612 693 2428 2613 677 2429 2614 661 2430 2615 661 2431 2616 677 2432 2617 641 2433 2618 661 2434 2619 641 2435 2620 625 2436 2621 625 2437 2622 641 2438 2623 613 2439 2624 625 2440 2625 613 2441 2626 601 2442 2627 601 2443 2628 613 2444 2629 585 2445 2630 601 2446 2631 585 2447 2632 569 2448 2633 569 2449 2634 585 2450 2635 561 2451 2636 569 2452 2637 561 2453 2638 545 2454 2639 545 2455 2640 561 2456 2641 537 2457 2642 545 2458 2643 537 2459 2644 517 2460 2645 517 2461 2646 537 2462 2647 513 2463 2648 517 2464 2649 513 2465 2650 493 2466 2651 493 2467 2652 513 2468 2653 485 2469 2654 493 2470 2655 485 2471 2656 469 2472 2657 469 2473 2658 485 2474 2659 461 2475 2660 469 2476 2661 461 2477 2662 445 2478 2663 445 2479 2664 461 2480 2665 437 2481 2666 445 2482 2667 437 2483 2668 421 2484 2669 421 2485 2670 437 2486 2671 413 2487 2672 421 2488 2673 413 2489 2674 385 2490 2675 385 2491 2676 413 2492 2677 363 2493 2678 385 2494 2679 363 2495 2680 349 2496 2681 349 2497 2682 363 2498 2683 315 2499 2684 349 2500 2685 315 2501 2686 311 2502 2687 311 2503 2688 315 2504 2689 291 2505 2690 311 2506 2691 291 2507 2692 287 2508 2693 287 2509 2694 291 2510 2695 267 2511 2696 287 2512 2697 267 2513 2698 263 2514 2699 263 2515 2700 267 2516 2701 243 2517 2702 263 2518 2703 243 2519 2704 235 2520 2705 235 2521 2706 243 2522 2707 219 2523 2708 235 2524 2709 219 2525 2710 211 2526 2711 211 2527 2712 219 2528 2713 195 2529 2714 211 2530 2715 195 2531 2716 183 2532 2717 183 2533 2718 195 2534 2719 171 2535 2720 183 2536 2721 171 2537 2722 159 2538 2723 159 2539 2724 171 2540 2725 143 2541 2726 159 2542 2727 143 2543 2728 131 2544 2729 131 2545 2730 143 2546 2731 115 2547 2732 131 2548 2733 115 2549 2734 103 2550 2735 103 2551 2736 115 2552 2737 87 2553 2738 103 2554 2739 87 2555 2740 69 2556 2741 69 2557 2742 87 2558 2743 53 2559 2744 69 2560 2745 53 2561 2746 37 2562 2747 37 2563 2748 53 2564 2749 29 2565 2750 37 2566 2751 29 2567 2752 21 2568 2753 21 2569 2754 29 2570 2755 13 2571 2756 21 2572 2757 13 2573 2758 5 2574 2759 5 2575 2760 13 2576 2761 9 2577 2762 78 2578 2763 48 2579 2764 71 2580 2765 71 2581 2766 48 2582 2767 49 2583 2768 71 2584 2769 49 2585 2770 79 2586 2771 79 2587 2772 49 2588 2773 61 2589 2774 79 2590 2775 61 2591 2776 91 2592 2777 91 2593 2778 61 2594 2779 75 2595 2780 91 2596 2781 75 2597 2782 107 2598 2783 107 2599 2784 75 2600 2785 99 2601 2786 107 2602 2787 99 2603 2788 127 2604 2789 127 2605 2790 99 2606 2791 119 2607 2792 127 2608 2793 119 2609 2794 147 2610 2795 147 2611 2796 119 2612 2797 139 2613 2798 147 2614 2799 139 2615 2800 167 2616 2801 167 2617 2802 139 2618 2803 163 2619 2804 167 2620 2805 163 2621 2806 191 2622 2807 191 2623 2808 163 2624 2809 187 2625 2810 191 2626 2811 187 2627 2812 215 2628 2813 215 2629 2814 187 2630 2815 207 2631 2816 215 2632 2817 207 2633 2818 239 2634 2819 239 2635 2820 207 2636 2821 231 2637 2822 239 2638 2823 231 2639 2824 255 2640 2825 255 2641 2826 231 2642 2827 227 2643 2828 255 2644 2829 227 2645 2830 251 2646 2831 251 2647 2832 227 2648 2833 223 2649 2834 251 2650 2835 223 2651 2836 247 2652 2837 247 2653 2838 223 2654 2839 219 2655 2840 247 2656 2841 219 2657 2842 243 2658 2843 48 2659 2844 78 2660 2845 60 2661 2846 60 2662 2847 78 2663 2848 90 2664 2849 60 2665 2850 90 2666 2851 74 2667 2852 74 2668 2853 90 2669 2854 106 2670 2855 74 2671 2856 106 2672 2857 98 2673 2858 98 2674 2859 106 2675 2860 126 2676 2861 98 2677 2862 126 2678 2863 118 2679 2864 118 2680 2865 126 2681 2866 146 2682 2867 118 2683 2868 146 2684 2869 138 2685 2870 138 2686 2871 146 2687 2872 166 2688 2873 138 2689 2874 166 2690 2875 162 2691 2876 162 2692 2877 166 2693 2878 190 2694 2879 162 2695 2880 190 2696 2881 186 2697 2882 186 2698 2883 190 2699 2884 214 2700 2885 186 2701 2886 214 2702 2887 206 2703 2888 206 2704 2889 214 2705 2890 238 2706 2891 206 2707 2892 238 2708 2893 230 2709 2894 230 2710 2895 238 2711 2896 254 2712 2897 230 2713 2898 254 2714 2899 226 2715 2900 226 2716 2901 254 2717 2902 250 2718 2903 226 2719 2904 250 2720 2905 222 2721 2906 222 2722 2907 250 2723 2908 246 2724 2909 222 2725 2910 246 2726 2911 218 2727 2912 218 2728 2913 246 2729 2914 242 2730 2915 238 2731 2916 258 2732 2917 254 2733 2918 254 2734 2919 258 2735 2920 278 2736 2921 254 2737 2922 278 2738 2923 274 2739 2924 274 2740 2925 278 2741 2926 298 2742 2927 274 2743 2928 298 2744 2929 294 2745 2930 294 2746 2931 298 2747 2932 318 2748 2933 294 2749 2934 318 2750 2935 314 2751 2936 314 2752 2937 318 2753 2938 362 2754 2939 258 2755 2940 282 2756 2941 278 2757 2942 278 2758 2943 282 2759 2944 302 2760 2945 278 2761 2946 302 2762 2947 298 2763 2948 298 2764 2949 302 2765 2950 322 2766 2951 298 2767 2952 322 2768 2953 318 2769 2954 318 2770 2955 322 2771 2956 364 2772 2957 318 2773 2958 364 2774 2959 362 2775 2960 362 2776 2961 364 2777 2962 412 2778 2963 282 2779 2964 306 2780 2965 302 2781 2966 302 2782 2967 306 2783 2968 326 2784 2969 302 2785 2970 326 2786 2971 322 2787 2972 322 2788 2973 326 2789 2974 366 2790 2975 322 2791 2976 366 2792 2977 364 2793 2978 364 2794 2979 366 2795 2980 408 2796 2981 364 2797 2982 408 2798 2983 412 2799 2984 412 2800 2985 408 2801 2986 436 2802 2987 306 2803 2988 340 2804 2989 326 2805 2990 326 2806 2991 340 2807 2992 368 2808 2993 326 2809 2994 368 2810 2995 366 2811 2996 366 2812 2997 368 2813 2998 404 2814 2999 366 2815 3000 404 2816 3001 408 2817 3002 408 2818 3003 404 2819 3004 432 2820 3005 408 2821 3006 432 2822 3007 436 2823 3008 436 2824 3009 432 2825 3010 460 2826 3011 340 2827 3012 376 2828 3013 368 2829 3014 368 2830 3015 376 2831 3016 400 2832 3017 368 2833 3018 400 2834 3019 404 2835 3020 404 2836 3021 400 2837 3022 428 2838 3023 404 2839 3024 428 2840 3025 432 2841 3026 432 2842 3027 428 2843 3028 456 2844 3029 432 2845 3030 456 2846 3031 460 2847 3032 460 2848 3033 456 2849 3034 484 2850 3035 376 2851 3036 416 2852 3037 400 2853 3038 400 2854 3039 416 2855 3040 424 2856 3041 400 2857 3042 424 2858 3043 428 2859 3044 428 2860 3045 424 2861 3046 452 2862 3047 428 2863 3048 452 2864 3049 456 2865 3050 456 2866 3051 452 2867 3052 480 2868 3053 456 2869 3054 480 2870 3055 484 2871 3056 484 2872 3057 480 2873 3058 512 2874 3059 416 2875 3060 440 2876 3061 424 2877 3062 424 2878 3063 440 2879 3064 448 2880 3065 424 2881 3066 448 2882 3067 452 2883 3068 452 2884 3069 448 2885 3070 476 2886 3071 452 2887 3072 476 2888 3073 480 2889 3074 480 2890 3075 476 2891 3076 504 2892 3077 480 2893 3078 504 2894 3079 512 2895 3080 512 2896 3081 504 2897 3082 536 2898 3083 440 2899 3084 464 2900 3085 448 2901 3086 448 2902 3087 464 2903 3088 472 2904 3089 448 2905 3090 472 2906 3091 476 2907 3092 476 2908 3093 472 2909 3094 500 2910 3095 476 2911 3096 500 2912 3097 504 2913 3098 504 2914 3099 500 2915 3100 532 2916 3101 504 2917 3102 532 2918 3103 536 2919 3104 536 2920 3105 532 2921 3106 560 2922 3107 464 2923 3108 488 2924 3109 472 2925 3110 472 2926 3111 488 2927 3112 496 2928 3113 472 2929 3114 496 2930 3115 500 2931 3116 500 2932 3117 496 2933 3118 524 2934 3119 500 2935 3120 524 2936 3121 532 2937 3122 532 2938 3123 524 2939 3124 556 2940 3125 532 2941 3126 556 2942 3127 560 2943 3128 560 2944 3129 556 2945 3130 584 2946 3131 488 2947 3132 508 2948 3133 496 2949 3134 496 2950 3135 508 2951 3136 520 2952 3137 496 2953 3138 520 2954 3139 524 2955 3140 524 2956 3141 520 2957 3142 548 2958 3143 524 2959 3144 548 2960 3145 556 2961 3146 556 2962 3147 548 2963 3148 580 2964 3149 556 2965 3150 580 2966 3151 584 2967 3152 584 2968 3153 580 2969 3154 612 2970 3155 508 2971 3156 528 2972 3157 520 2973 3158 520 2974 3159 528 2975 3160 540 2976 3161 520 2977 3162 540 2978 3163 548 2979 3164 548 2980 3165 540 2981 3166 576 2982 3167 548 2983 3168 576 2984 3169 580 2985 3170 580 2986 3171 576 2987 3172 604 2988 3173 580 2989 3174 604 2990 3175 612 2991 3176 612 2992 3177 604 2993 3178 640 2994 3179 528 2995 3180 552 2996 3181 540 2997 3182 540 2998 3183 552 2999 3184 564 3000 3185 540 3001 3186 564 3002 3187 576 3003 3188 576 3004 3189 564 3005 3190 596 3006 3191 576 3007 3192 596 3008 3193 604 3009 3194 604 3010 3195 596 3011 3196 636 3012 3197 604 3013 3198 636 3014 3199 640 3015 3200 640 3016 3201 636 3017 3202 676 3018 3203 552 3019 3204 572 3020 3205 564 3021 3206 564 3022 3207 572 3023 3208 588 3024 3209 564 3025 3210 588 3026 3211 596 3027 3212 596 3028 3213 588 3029 3214 620 3030 3215 596 3031 3216 620 3032 3217 636 3033 3218 636 3034 3219 620 3035 3220 664 3036 3221 636 3037 3222 664 3038 3223 676 3039 3224 676 3040 3225 664 3041 3226 700 3042 3227 572 3043 3228 592 3044 3229 588 3045 3230 588 3046 3231 592 3047 3232 608 3048 3233 588 3049 3234 608 3050 3235 620 3051 3236 620 3052 3237 608 3053 3238 648 3054 3239 620 3055 3240 648 3056 3241 664 3057 3242 664 3058 3243 648 3059 3244 684 3060 3245 664 3061 3246 684 3062 3247 700 3063 3248 700 3064 3249 684 3065 3250 716 3066 3251 592 3067 3252 616 3068 3253 608 3069 3254 608 3070 3255 616 3071 3256 632 3072 3257 608 3073 3258 632 3074 3259 648 3075 3260 648 3076 3261 632 3077 3262 672 3078 3263 648 3079 3264 672 3080 3265 684 3081 3266 684 3082 3267 672 3083 3268 704 3084 3269 684 3085 3270 704 3086 3271 716 3087 3272 716 3088 3273 704 3089 3274 720 3090 3275 616 3091 3276 628 3092 3277 632 3093 3278 632 3094 3279 628 3095 3280 652 3096 3281 632 3097 3282 652 3098 3283 672 3099 3284 672 3100 3285 652 3101 3286 688 3102 3287 672 3103 3288 688 3104 3289 704 3105 3290 704 3106 3291 688 3107 3292 712 3108 3293 704 3109 3294 712 3110 3295 720 3111 3296 720 3112 3297 712 3113 3298 721 3114 3299 628 3115 3300 644 3116 3301 652 3117 3302 652 3118 3303 644 3119 3304 668 3120 3305 652 3121 3306 668 3122 3307 688 3123 3308 688 3124 3309 668 3125 3310 696 3126 3311 688 3127 3312 696 3128 3313 712 3129 3314 712 3130 3315 696 3131 3316 713 3132 3317 712 3133 3318 713 3134 3319 721 3135 3320 721 3136 3321 713 3137 3322 717 3138 3323 644 3139 3324 656 3140 3325 668 3141 3326 668 3142 3327 656 3143 3328 680 3144 3329 668 3145 3330 680 3146 3331 696 3147 3332 696 3148 3333 680 3149 3334 697 3150 3335 696 3151 3336 697 3152 3337 713 3153 3338 713 3154 3339 697 3155 3340 705 3156 3341 713 3157 3342 705 3158 3343 717 3159 3344 717 3160 3345 705 3161 3346 701 3162 3347 656 3163 3348 657 3164 3349 680 3165 3350 680 3166 3351 657 3167 3352 681 3168 3353 680 3169 3354 681 3170 3355 697 3171 3356 697 3172 3357 681 3173 3358 689 3174 3359 697 3175 3360 689 3176 3361 705 3177 3362 705 3178 3363 689 3179 3364 685 3180 3365 705 3181 3366 685 3182 3367 701 3183 3368 701 3184 3369 685 3185 3370 677 3186 3371 681 3187 3372 657 3188 3373 669 3189 3374 669 3190 3375 657 3191 3376 645 3192 3377 669 3193 3378 645 3194 3379 653 3195 3380 653 3196 3381 645 3197 3382 629 3198 3383 653 3199 3384 629 3200 3385 633 3201 3386 633 3202 3387 629 3203 3388 617 3204 3389 633 3205 3390 617 3206 3391 609 3207 3392 609 3208 3393 617 3209 3394 593 3210 3395 609 3211 3396 593 3212 3397 589 3213 3398 589 3214 3399 593 3215 3400 573 3216 3401 589 3217 3402 573 3218 3403 565 3219 3404 565 3220 3405 573 3221 3406 553 3222 3407 565 3223 3408 553 3224 3409 541 3225 3410 541 3226 3411 553 3227 3412 529 3228 3413 541 3229 3414 529 3230 3415 521 3231 3416 521 3232 3417 529 3233 3418 509 3234 3419 521 3235 3420 509 3236 3421 497 3237 3422 497 3238 3423 509 3239 3424 489 3240 3425 497 3241 3426 489 3242 3427 473 3243 3428 473 3244 3429 489 3245 3430 465 3246 3431 473 3247 3432 465 3248 3433 449 3249 3434 449 3250 3435 465 3251 3436 441 3252 3437 449 3253 3438 441 3254 3439 425 3255 3440 425 3256 3441 441 3257 3442 417 3258 3443 425 3259 3444 417 3260 3445 401 3261 3446 401 3262 3447 417 3263 3448 377 3264 3449 401 3265 3450 377 3266 3451 369 3267 3452 369 3268 3453 377 3269 3454 341 3270 3455 369 3271 3456 341 3272 3457 327 3273 3458 327 3274 3459 341 3275 3460 307 3276 3461 327 3277 3462 307 3278 3463 303 3279 3464 303 3280 3465 307 3281 3466 283 3282 3467 303 3283 3468 283 3284 3469 279 3285 3470 279 3286 3471 283 3287 3472 259 3288 3473 279 3289 3474 259 3290 3475 255 3291 3476 255 3292 3477 259 3293 3478 239 3294 3479 9 3295 3480 17 3296 3481 8 3297 3482 8 3298 3483 17 3299 3484 16 3300 3485 8 3301 3486 16 3302 3487 12 3303 3488 12 3304 3489 16 3305 3490 24 3306 3491 12 3307 3492 24 3308 3493 28 3309 3494 28 3310 3495 24 3311 3496 44 3312 3497 28 3313 3498 44 3314 3499 52 3315 3500 52 3316 3501 44 3317 3502 64 3318 3503 52 3319 3504 64 3320 3505 86 3321 3506 86 3322 3507 64 3323 3508 94 3324 3509 86 3325 3510 94 3326 3511 114 3327 3512 114 3328 3513 94 3329 3514 122 3330 3515 114 3331 3516 122 3332 3517 142 3333 3518 142 3334 3519 122 3335 3520 150 3336 3521 142 3337 3522 150 3338 3523 170 3339 3524 170 3340 3525 150 3341 3526 174 3342 3527 170 3343 3528 174 3344 3529 194 3345 3530 194 3346 3531 174 3347 3532 198 3348 3533 194 3349 3534 198 3350 3535 222 3351 3536 222 3352 3537 198 3353 3538 226 3354 3539 17 3355 3540 33 3356 3541 16 3357 3542 16 3358 3543 33 3359 3544 32 3360 3545 16 3361 3546 32 3362 3547 24 3363 3548 24 3364 3549 32 3365 3550 40 3366 3551 24 3367 3552 40 3368 3553 44 3369 3554 44 3370 3555 40 3371 3556 56 3372 3557 44 3373 3558 56 3374 3559 64 3375 3560 64 3376 3561 56 3377 3562 82 3378 3563 64 3379 3564 82 3380 3565 94 3381 3566 94 3382 3567 82 3383 3568 110 3384 3569 94 3385 3570 110 3386 3571 122 3387 3572 122 3388 3573 110 3389 3574 134 3390 3575 122 3391 3576 134 3392 3577 150 3393 3578 150 3394 3579 134 3395 3580 154 3396 3581 150 3397 3582 154 3398 3583 174 3399 3584 174 3400 3585 154 3401 3586 178 3402 3587 174 3403 3588 178 3404 3589 198 3405 3590 198 3406 3591 178 3407 3592 202 3408 3593 198 3409 3594 202 3410 3595 226 3411 3596 226 3412 3597 202 3413 3598 230 3414 3599 17 3415 3600 9 3416 3601 25 3417 3602 25 3418 3603 9 3419 3604 13 3420 3605 25 3421 3606 13 3422 3607 45 3423 3608 45 3424 3609 13 3425 3610 29 3426 3611 45 3427 3612 29 3428 3613 65 3429 3614 65 3430 3615 29 3431 3616 53 3432 3617 65 3433 3618 53 3434 3619 95 3435 3620 95 3436 3621 53 3437 3622 87 3438 3623 95 3439 3624 87 3440 3625 123 3441 3626 123 3442 3627 87 3443 3628 115 3444 3629 123 3445 3630 115 3446 3631 151 3447 3632 151 3448 3633 115 3449 3634 143 3450 3635 151 3451 3636 143 3452 3637 175 3453 3638 175 3454 3639 143 3455 3640 171 3456 3641 175 3457 3642 171 3458 3643 199 3459 3644 199 3460 3645 171 3461 3646 195 3462 3647 199 3463 3648 195 3464 3649 223 3465 3650 223 3466 3651 195 3467 3652 219 3468 3653 33 3469 3654 49 3470 3655 32 3471 3656 32 3472 3657 49 3473 3658 48 3474 3659 32 3475 3660 48 3476 3661 40 3477 3662 40 3478 3663 48 3479 3664 60 3480 3665 40 3481 3666 60 3482 3667 56 3483 3668 56 3484 3669 60 3485 3670 74 3486 3671 56 3487 3672 74 3488 3673 82 3489 3674 82 3490 3675 74 3491 3676 98 3492 3677 82 3493 3678 98 3494 3679 110 3495 3680 110 3496 3681 98 3497 3682 118 3498 3683 110 3499 3684 118 3500 3685 134 3501 3686 134 3502 3687 118 3503 3688 138 3504 3689 134 3505 3690 138 3506 3691 154 3507 3692 154 3508 3693 138 3509 3694 162 3510 3695 154 3511 3696 162 3512 3697 178 3513 3698 178 3514 3699 162 3515 3700 186 3516 3701 178 3517 3702 186 3518 3703 202 3519 3704 202 3520 3705 186 3521 3706 206 3522 3707 202 3523 3708 206 3524 3709 230 3525 3710 33 3526 3711 17 3527 3712 41 3528 3713 41 3529 3714 17 3530 3715 25 3531 3716 41 3532 3717 25 3533 3718 57 3534 3719 57 3535 3720 25 3536 3721 45 3537 3722 57 3538 3723 45 3539 3724 83 3540 3725 83 3541 3726 45 3542 3727 65 3543 3728 83 3544 3729 65 3545 3730 111 3546 3731 111 3547 3732 65 3548 3733 95 3549 3734 111 3550 3735 95 3551 3736 135 3552 3737 135 3553 3738 95 3554 3739 123 3555 3740 135 3556 3741 123 3557 3742 155 3558 3743 155 3559 3744 123 3560 3745 151 3561 3746 155 3562 3747 151 3563 3748 179 3564 3749 179 3565 3750 151 3566 3751 175 3567 3752 179 3568 3753 175 3569 3754 203 3570 3755 203 3571 3756 175 3572 3757 199 3573 3758 203 3574 3759 199 3575 3760 227 3576 3761 227 3577 3762 199 3578 3763 223 3579 3764 49 3580 3765 33 3581 3766 61 3582 3767 61 3583 3768 33 3584 3769 41 3585 3770 61 3586 3771 41 3587 3772 75 3588 3773 75 3589 3774 41 3590 3775 57 3591 3776 75 3592 3777 57 3593 3778 99 3594 3779 99 3595 3780 57 3596 3781 83 3597 3782 99 3598 3783 83 3599 3784 119 3600 3785 119 3601 3786 83 3602 3787 111 3603 3788 119 3604 3789 111 3605 3790 139 3606 3791 139 3607 3792 111 3608 3793 135 3609 3794 139 3610 3795 135 3611 3796 163 3612 3797 163 3613 3798 135 3614 3799 155 3615 3800 163 3616 3801 155 3617 3802 187 3618 3803 187 3619 3804 155 3620 3805 179 3621 3806 187 3622 3807 179 3623 3808 207 3624 3809 207 3625 3810 179 3626 3811 203 3627 3812 207 3628 3813 203 3629 3814 231 3630 3815 231 3631 3816 203 3632 3817 227 3633 3818 247 3634 3819 243 3635 3820 271 3636 3821 271 3637 3822 243 3638 3823 267 3639 3824 271 3640 3825 267 3641 3826 295 3642 3827 295 3643 3828 267 3644 3829 291 3645 3830 295 3646 3831 291 3647 3832 319 3648 3833 319 3649 3834 291 3650 3835 315 3651 3836 319 3652 3837 315 3653 3838 365 3654 3839 365 3655 3840 315 3656 3841 363 3657 3842 365 3658 3843 363 3659 3844 409 3660 3845 409 3661 3846 363 3662 3847 413 3663 3848 409 3664 3849 413 3665 3850 433 3666 3851 433 3667 3852 413 3668 3853 437 3669 3854 433 3670 3855 437 3671 3856 457 3672 3857 457 3673 3858 437 3674 3859 461 3675 3860 457 3676 3861 461 3677 3862 481 3678 3863 481 3679 3864 461 3680 3865 485 3681 3866 481 3682 3867 485 3683 3868 505 3684 3869 505 3685 3870 485 3686 3871 513 3687 3872 505 3688 3873 513 3689 3874 533 3690 3875 533 3691 3876 513 3692 3877 537 3693 3878 533 3694 3879 537 3695 3880 557 3696 3881 557 3697 3882 537 3698 3883 561 3699 3884 557 3700 3885 561 3701 3886 581 3702 3887 581 3703 3888 561 3704 3889 585 3705 3890 581 3706 3891 585 3707 3892 605 3708 3893 605 3709 3894 585 3710 3895 613 3711 3896 605 3712 3897 613 3713 3898 637 3714 3899 637 3715 3900 613 3716 3901 641 3717 3902 637 3718 3903 641 3719 3904 665 3720 3905 665 3721 3906 641 3722 3907 677 3723 3908 665 3724 3909 677 3725 3910 685 3726 3911 279 3727 3912 255 3728 3913 251 3729 3914 251 3730 3915 247 3731 3916 275 3732 3917 275 3733 3918 247 3734 3919 271 3735 3920 275 3736 3921 271 3737 3922 299 3738 3923 299 3739 3924 271 3740 3925 295 3741 3926 299 3742 3927 295 3743 3928 323 3744 3929 323 3745 3930 295 3746 3931 319 3747 3932 323 3748 3933 319 3749 3934 367 3750 3935 367 3751 3936 319 3752 3937 365 3753 3938 367 3754 3939 365 3755 3940 405 3756 3941 405 3757 3942 365 3758 3943 409 3759 3944 405 3760 3945 409 3761 3946 429 3762 3947 429 3763 3948 409 3764 3949 433 3765 3950 429 3766 3951 433 3767 3952 453 3768 3953 453 3769 3954 433 3770 3955 457 3771 3956 453 3772 3957 457 3773 3958 477 3774 3959 477 3775 3960 457 3776 3961 481 3777 3962 477 3778 3963 481 3779 3964 501 3780 3965 501 3781 3966 481 3782 3967 505 3783 3968 501 3784 3969 505 3785 3970 525 3786 3971 525 3787 3972 505 3788 3973 533 3789 3974 525 3790 3975 533 3791 3976 549 3792 3977 549 3793 3978 533 3794 3979 557 3795 3980 549 3796 3981 557 3797 3982 577 3798 3983 577 3799 3984 557 3800 3985 581 3801 3986 577 3802 3987 581 3803 3988 597 3804 3989 597 3805 3990 581 3806 3991 605 3807 3992 597 3808 3993 605 3809 3994 621 3810 3995 621 3811 3996 605 3812 3997 637 3813 3998 621 3814 3999 637 3815 4000 649 3816 4001 649 3817 4002 637 3818 4003 665 3819 4004 649 3820 4005 665 3821 4006 673 3822 4007 673 3823 4008 665 3824 4009 685 3825 4010 673 3826 4011 685 3827 4012 689 3828 4013 303 3829 4014 279 3830 4015 275 3831 4016 275 3832 4017 279 3833 4018 251 3834 4019 303 3835 4020 275 3836 4021 299 3837 4022 327 3838 4023 303 3839 4024 299 3840 4025 327 3841 4026 299 3842 4027 323 3843 4028 369 3844 4029 327 3845 4030 323 3846 4031 369 3847 4032 323 3848 4033 367 3849 4034 401 3850 4035 369 3851 4036 367 3852 4037 401 3853 4038 367 3854 4039 405 3855 4040 425 3856 4041 401 3857 4042 405 3858 4043 425 3859 4044 405 3860 4045 429 3861 4046 449 3862 4047 425 3863 4048 429 3864 4049 449 3865 4050 429 3866 4051 453 3867 4052 473 3868 4053 449 3869 4054 453 3870 4055 473 3871 4056 453 3872 4057 477 3873 4058 497 3874 4059 473 3875 4060 477 3876 4061 497 3877 4062 477 3878 4063 501 3879 4064 521 3880 4065 497 3881 4066 501 3882 4067 521 3883 4068 501 3884 4069 525 3885 4070 541 3886 4071 521 3887 4072 525 3888 4073 541 3889 4074 525 3890 4075 549 3891 4076 565 3892 4077 541 3893 4078 549 3894 4079 565 3895 4080 549 3896 4081 577 3897 4082 589 3898 4083 565 3899 4084 577 3900 4085 589 3901 4086 577 3902 4087 597 3903 4088 609 3904 4089 589 3905 4090 597 3906 4091 609 3907 4092 597 3908 4093 621 3909 4094 633 3910 4095 609 3911 4096 621 3912 4097 633 3913 4098 621 3914 4099 649 3915 4100 653 3916 4101 633 3917 4102 649 3918 4103 653 3919 4104 649 3920 4105 673 3921 4106 669 3922 4107 653 3923 4108 673 3924 4109 669 3925 4110 673 3926 4111 689 3927 4112 681 3928 4113 669 3929 4114 689 3930 4115 314 3931 4116 290 3932 4117 294 3933 4118 294 3934 4119 290 3935 4120 270 3936 4121 294 3937 4122 270 3938 4123 274 3939 4124 274 3940 4125 270 3941 4126 250 3942 4127 274 3943 4128 250 3944 4129 254 3945 4130 290 3946 4131 266 3947 4132 270 3948 4133 270 3949 4134 266 3950 4135 246 3951 4136 270 3952 4137 246 3953 4138 250 3954 4139 242 3955 4140 246 3956 4141 266 3957 4142 194 3958 4143 222 3959 4144 218 3960 4145</p>
        </triangles>
        <triangles material="_91_191_191_001-material" count="38">
          <input semantic="VERTEX" source="#EMROX-Argo_IPA-HN_V1_02_03_Simu_RoX_Simple_Argo_Argodrive_Rad_S-mesh-vertices" offset="0"/>
          <input semantic="NORMAL" source="#EMROX-Argo_IPA-HN_V1_02_03_Simu_RoX_Simple_Argo_Argodrive_Rad_S-mesh-normals" offset="1"/>
          <input semantic="TEXCOORD" source="#EMROX-Argo_IPA-HN_V1_02_03_Simu_RoX_Simple_Argo_Argodrive_Rad_S-mesh-map-0" offset="2" set="0"/>
          <p>330 1731 1731 332 1732 1732 328 1733 1733 328 1734 1734 332 1735 1735 329 1736 1736 328 1737 1737 329 1738 1738 331 1739 1739 331 1740 1740 329 1741 1741 333 1742 1742 331 1743 1743 333 1744 1744 335 1745 1745 335 1746 1746 333 1747 1747 337 1748 1748 335 1749 1749 337 1750 1750 343 1751 1751 343 1752 1752 337 1753 1753 345 1754 1754 343 1755 1755 345 1756 1756 351 1757 1757 351 1758 1758 345 1759 1759 353 1760 1760 351 1761 1761 353 1762 1762 371 1763 1763 371 1764 1764 353 1765 1765 373 1766 1766 371 1767 1767 373 1768 1768 379 1769 1769 379 1770 1770 373 1771 1771 381 1772 1772 379 1773 1773 381 1774 1774 387 1775 1775 387 1776 1776 381 1777 1777 389 1778 1778 387 1779 1779 389 1780 1780 391 1781 1781 391 1782 1782 389 1783 1783 393 1784 1784 391 1785 1785 393 1786 1786 395 1787 1787 395 1788 1788 393 1789 1789 397 1790 1790 395 1791 1791 397 1792 1792 394 1793 1793 394 1794 1794 397 1795 1795 396 1796 1796 394 1797 1797 396 1798 1798 390 1799 1799 390 1800 1800 396 1801 1801 392 1802 1802 390 1803 1803 392 1804 1804 386 1805 1805 386 1806 1806 392 1807 1807 388 1808 1808 386 1809 1809 388 1810 1810 378 1811 1811 378 1812 1812 388 1813 1813 380 1814 1814 378 1815 1815 380 1816 1816 370 1817 1817 370 1818 1818 380 1819 1819 372 1820 1820 370 1821 1821 372 1822 1822 350 1823 1823 350 1824 1824 372 1825 1825 352 1826 1826 350 1827 1827 352 1828 1828 342 1829 1829 342 1830 1830 352 1831 1831 344 1832 1832 342 1833 1833 344 1834 1834 334 1835 1835 334 1836 1836 344 1837 1837 336 1838 1838 334 1839 1839 336 1840 1840 330 1841 1841 330 1842 1842 336 1843 1843 332 1844 1844</p>
        </triangles>
        <triangles material="_44_244_244-material" count="148">
          <input semantic="VERTEX" source="#EMROX-Argo_IPA-HN_V1_02_03_Simu_RoX_Simple_Argo_Argodrive_Rad_S-mesh-vertices" offset="0"/>
          <input semantic="NORMAL" source="#EMROX-Argo_IPA-HN_V1_02_03_Simu_RoX_Simple_Argo_Argodrive_Rad_S-mesh-normals" offset="1"/>
          <input semantic="TEXCOORD" source="#EMROX-Argo_IPA-HN_V1_02_03_Simu_RoX_Simple_Argo_Argodrive_Rad_S-mesh-map-0" offset="2" set="0"/>
          <p>332 1845 1845 78 1845 1846 329 1845 1847 329 1846 1848 78 1846 1849 71 1846 1850 329 1847 1851 71 1847 1852 79 1847 1853 336 1845 1854 126 1845 1855 332 1845 1856 332 1848 1857 126 1848 1858 106 1848 1859 332 1849 1860 106 1849 1861 90 1849 1862 344 1845 1863 190 1845 1864 336 1845 1865 336 1850 1866 190 1850 1867 166 1850 1868 336 1851 1869 166 1851 1870 146 1851 1871 352 1845 1872 258 1845 1873 344 1845 1874 344 1845 1875 258 1845 1876 238 1845 1877 344 1845 1878 238 1845 1879 214 1845 1880 372 1852 1881 340 1852 1882 352 1852 1883 352 1853 1884 340 1853 1885 306 1853 1886 352 1854 1887 306 1854 1888 282 1854 1889 380 1845 1890 440 1845 1891 372 1845 1892 372 1845 1893 440 1845 1894 416 1845 1895 372 1845 1896 416 1845 1897 376 1845 1898 388 1845 1899 508 1845 1900 380 1845 1901 380 1845 1902 508 1845 1903 488 1845 1904 380 1855 1905 488 1855 1906 464 1855 1907 392 1845 1908 572 1845 1909 388 1845 1910 388 1856 1911 572 1856 1912 552 1856 1913 388 1857 1914 552 1857 1915 528 1857 1916 396 1845 1917 628 1845 1918 392 1845 1919 392 1858 1920 628 1858 1921 616 1858 1922 392 1859 1923 616 1859 1924 592 1859 1925 397 1845 1926 656 1845 1927 396 1845 1928 396 1860 1929 656 1860 1930 644 1860 1931 396 1861 1932 644 1861 1933 628 1861 1934 393 1845 1935 629 1845 1936 397 1845 1937 397 1862 1938 629 1862 1939 645 1862 1940 397 1863 1941 645 1863 1942 657 1863 1943 389 1864 1944 573 1864 1945 393 1864 1946 393 1865 1947 573 1865 1948 593 1865 1949 393 1866 1950 593 1866 1951 617 1866 1952 381 1845 1953 509 1845 1954 389 1845 1955 389 1867 1956 509 1867 1957 529 1867 1958 389 1868 1959 529 1868 1960 553 1868 1961 373 1869 1962 441 1869 1963 381 1869 1964 381 1845 1965 441 1845 1966 465 1845 1967 381 1870 1968 465 1870 1969 489 1870 1970 353 1871 1971 341 1871 1972 373 1871 1973 373 1872 1974 341 1872 1975 377 1872 1976 373 1845 1977 377 1845 1978 417 1845 1979 345 1845 1980 259 1845 1981 353 1845 1982 353 1873 1983 259 1873 1984 283 1873 1985 353 1874 1986 283 1874 1987 307 1874 1988 337 1845 1989 191 1845 1990 345 1845 1991 345 1845 1992 191 1845 1993 215 1845 1994 345 1845 1995 215 1845 1996 239 1845 1997 333 1845 1998 127 1845 1999 337 1845 2000 337 1875 2001 127 1875 2002 147 1875 2003 337 1876 2004 147 1876 2005 167 1876 2006 329 1845 2007 79 1845 2008 333 1845 2009 333 1877 2010 79 1877 2011 91 1877 2012 333 1878 2013 91 1878 2014 107 1878 2015 107 1845 2016 127 1845 2017 333 1845 2018 167 1845 2019 191 1845 2020 337 1845 2021 239 1845 2022 259 1845 2023 345 1845 2024 307 1879 2025 341 1879 2026 353 1879 2027 417 1845 2028 441 1845 2029 373 1845 2030 489 1845 2031 509 1845 2032 381 1845 2033 553 1845 2034 573 1845 2035 389 1845 2036 617 1880 2037 629 1880 2038 393 1880 2039 657 1845 2040 656 1845 2041 397 1845 2042 592 1845 2043 572 1845 2044 392 1845 2045 528 1845 2046 508 1845 2047 388 1845 2048 464 1845 2049 440 1845 2050 380 1845 2051 376 1881 2052 340 1881 2053 372 1881 2054 282 1845 2055 258 1845 2056 352 1845 2057 214 1845 2058 190 1845 2059 344 1845 2060 146 1845 2061 126 1845 2062 336 1845 2063 90 1845 2064 78 1845 2065 332 1845 2066 331 3961 4146 77 3961 4147 328 3961 4148 328 3962 4149 77 3962 4150 70 3962 4151 328 3963 4152 70 3963 4153 76 3963 4154 335 3961 4155 125 3961 4156 331 3961 4157 331 3964 4158 125 3964 4159 105 3964 4160 331 3965 4161 105 3965 4162 89 3965 4163 343 3961 4164 189 3961 4165 335 3961 4166 335 3966 4167 189 3966 4168 165 3966 4169 335 3967 4170 165 3967 4171 145 3967 4172 351 3961 4173 257 3961 4174 343 3961 4175 343 3968 4176 257 3968 4177 237 3968 4178 343 3969 4179 237 3969 4180 213 3969 4181 371 3970 4182 339 3970 4183 351 3970 4184 351 3971 4185 339 3971 4186 305 3971 4187 351 3972 4188 305 3972 4189 281 3972 4190 379 3961 4191 439 3961 4192 371 3961 4193 371 3961 4194 439 3961 4195 415 3961 4196 371 3961 4197 415 3961 4198 375 3961 4199 387 3961 4200 507 3961 4201 379 3961 4202 379 3973 4203 507 3973 4204 487 3973 4205 379 3974 4206 487 3974 4207 463 3974 4208 391 3975 4209 571 3975 4210 387 3975 4211 387 3961 4212 571 3961 4213 551 3961 4214 387 3976 4215 551 3976 4216 527 3976 4217 395 3961 4218 627 3961 4219 391 3961 4220 391 3977 4221 627 3977 4222 615 3977 4223 391 3978 4224 615 3978 4225 591 3978 4226 394 3961 4227 655 3961 4228 395 3961 4229 395 3979 4230 655 3979 4231 643 3979 4232 395 3980 4233 643 3980 4234 627 3980 4235 390 3961 4236 626 3961 4237 394 3961 4238 394 3981 4239 626 3981 4240 642 3981 4241 394 3982 4242 642 3982 4243 654 3982 4244 386 3983 4245 570 3983 4246 390 3983 4247 390 3961 4248 570 3961 4249 590 3961 4250 390 3984 4251 590 3984 4252 614 3984 4253 378 3961 4254 506 3961 4255 386 3961 4256 386 3985 4257 506 3985 4258 526 3985 4259 386 3986 4260 526 3986 4261 550 3986 4262 370 3987 4263 438 3987 4264 378 3987 4265 378 3988 4266 438 3988 4267 462 3988 4268 378 3989 4269 462 3989 4270 486 3989 4271 350 3990 4272 338 3990 4273 370 3990 4274 370 3991 4275 338 3991 4276 374 3991 4277 370 3961 4278 374 3961 4279 414 3961 4280 342 3961 4281 256 3961 4282 350 3961 4283 350 3992 4284 256 3992 4285 280 3992 4286 350 3993 4287 280 3993 4288 304 3993 4289 334 3961 4290 188 3961 4291 342 3961 4292 342 3994 4293 188 3994 4294 212 3994 4295 342 3995 4296 212 3995 4297 236 3995 4298 330 3961 4299 124 3961 4300 334 3961 4301 334 3996 4302 124 3996 4303 144 3996 4304 334 3997 4305 144 3997 4306 164 3997 4307 328 3961 4308 76 3961 4309 330 3961 4310 330 3998 4311 76 3998 4312 88 3998 4313 330 3999 4314 88 3999 4315 104 3999 4316 104 3961 4317 124 3961 4318 330 3961 4319 164 3961 4320 188 3961 4321 334 3961 4322 236 4000 4323 256 4000 4324 342 4000 4325 304 4001 4326 338 4001 4327 350 4001 4328 414 3961 4329 438 3961 4330 370 3961 4331 486 4002 4332 506 4002 4333 378 4002 4334 550 3961 4335 570 3961 4336 386 3961 4337 614 3961 4338 626 3961 4339 390 3961 4340 654 3961 4341 655 3961 4342 394 3961 4343 591 3961 4344 571 3961 4345 391 3961 4346 527 3961 4347 507 3961 4348 387 3961 4349 463 3961 4350 439 3961 4351 379 3961 4352 375 4003 4353 339 4003 4354 371 4003 4355 281 4004 4356 257 4004 4357 351 4004 4358 213 4005 4359 189 4005 4360 343 4005 4361 145 3961 4362 125 3961 4363 335 3961 4364 89 3961 4365 77 3961 4366 331 3961 4367</p>
        </triangles>
      </mesh>
    </geometry>
  </library_geometries>
  <library_visual_scenes>
    <visual_scene id="Scene" name="Scene">
      <node id="EMROX-Argo_IPA-HN_V1_02_03_Simu_RoX_Simple_Argo_Argodrive_Rad_S" name="EMROX-Argo IPA-HN V1.02.03 Simu_RoX Simple Argo Argodrive Rad S" type="NODE">
        <matrix sid="transform">-4.37114e-8 1 0 0 -1 -4.37114e-8 0 0 0 0 1 0 0 0 0 1</matrix>
        <instance_geometry url="#EMROX-Argo_IPA-HN_V1_02_03_Simu_RoX_Simple_Argo_Argodrive_Rad_S-mesh" name="EMROX-Argo IPA-HN V1.02.03 Simu_RoX Simple Argo Argodrive Rad S">
          <bind_material>
            <technique_common>
              <instance_material symbol="_21_124_15-material" target="#_21_124_15-material">
                <bind_vertex_input semantic="UVMap" input_semantic="TEXCOORD" input_set="0"/>
              </instance_material>
              <instance_material symbol="_91_191_191_001-material" target="#_91_191_191_001-material">
                <bind_vertex_input semantic="UVMap" input_semantic="TEXCOORD" input_set="0"/>
              </instance_material>
              <instance_material symbol="_44_244_244-material" target="#_44_244_244-material">
                <bind_vertex_input semantic="UVMap" input_semantic="TEXCOORD" input_set="0"/>
              </instance_material>
            </technique_common>
          </bind_material>
        </instance_geometry>
      </node>
    </visual_scene>
  </library_visual_scenes>
  <scene>
    <instance_visual_scene url="#Scene"/>
  </scene>
</COLLADA>