<?xml version="1.0" encoding="utf-8"?>
<COLLADA xmlns="http://www.collada.org/2005/11/COLLADASchema" version="1.4.1" xmlns:xsi="http://www.w3.org/2001/XMLSchema-instance">
  <asset>
    <contributor>
      <author>Blender User</author>
      <authoring_tool>Blender 4.2.23 LTS commit date:2026-07-20, commit time:13:44, hash:d0cbe84903e8</authoring_tool>
    </contributor>
    <created>2026-09-02T21:01:57</created>
    <modified>2026-09-02T21:01:57</modified>
    <unit name="meter" meter="1"/>
    <up_axis>Z_UP</up_axis>
  </asset>
  <library_effects>
    <effect id="_91_191_191_002-effect">
      <profile_COMMON>
        <technique sid="common">
          <lambert>
            <emission>
              <color sid="emission">0 0 0 1</color>
            </emission>
            <diffuse>
              <color sid="diffuse">0.74902 0.74902 0.74902 1</color>
            </diffuse>
            <index_of_refraction>
              <float sid="ior">1.5</float>
            </index_of_refraction>
          </lambert>
        </technique>
      </profile_COMMON>
    </effect>
    <effect id="_45_245_245_001-effect">
      <profile_COMMON>
        <technique sid="common">
          <lambert>
            <emission>
              <color sid="emission">0 0 0 1</color>
            </emission>
            <diffuse>
              <color sid="diffuse">0.960784 0.960784 0.960784 1</color>
            </diffuse>
            <index_of_refraction>
              <float sid="ior">1.5</float>
            </index_of_refraction>
          </lambert>
        </technique>
      </profile_COMMON>
    </effect>
    <effect id="_4_48_102-effect">
      <profile_COMMON>
        <technique sid="common">
          <lambert>
            <emission>
              <color sid="emission">0 0 0 1</color>
            </emission>
            <diffuse>
              <color sid="diffuse">0.133333 0.188235 0.4 1</color>
            </diffuse>
            <index_of_refraction>
              <float sid="ior">1.5</float>
            </index_of_refraction>
          </lambert>
        </technique>
      </profile_COMMON>
    </effect>
    <effect id="__0_0_001-effect">
      <profile_COMMON>
        <technique sid="common">
          <lambert>
            <emission>
              <color sid="emission">0 0 0 1</color>
            </emission>
            <diffuse>
              <color sid="diffuse">0 0 0 1</color>
            </diffuse>
            <index_of_refraction>
              <float sid="ior">1.5</float>
            </index_of_refraction>
          </lambert>
        </technique>
      </profile_COMMON>
    </effect>
    <effect id="_4_64_64-effect">
      <profile_COMMON>
        <technique sid="common">
          <lambert>
            <emission>
              <color sid="emission">0 0 0 1</color>
            </emission>
            <diffuse>
              <color sid="diffuse">0.25098 0.25098 0.25098 1</color>
            </diffuse>
            <index_of_refraction>
              <float sid="ior">1.5</float>
            </index_of_refraction>
          </lambert>
        </technique>
      </profile_COMMON>
    </effect>
    <effect id="_78_0_0_001-effect">
      <profile_COMMON>
        <technique sid="common">
          <lambert>
            <emission>
              <color sid="emission">0 0 0 1</color>
            </emission>
            <diffuse>
              <color sid="diffuse">0.698039 0 0 1</color>
            </diffuse>
            <index_of_refraction>
              <float sid="ior">1.5</float>
            </index_of_refraction>
          </lambert>
        </technique>
      </profile_COMMON>
    </effect>
  </library_effects>
  <library_images/>
  <library_materials>
    <material id="_91_191_191_002-material" name="191,191,191.002">
      <instance_effect url="#_91_191_191_002-effect"/>
    </material>
    <material id="_45_245_245_001-material" name="245,245,245.001">
      <instance_effect url="#_45_245_245_001-effect"/>
    </material>
    <material id="_4_48_102-material" name="34,48,102">
      <instance_effect url="#_4_48_102-effect"/>
    </material>
    <material id="__0_0_001-material" name="0,0,0.001">
      <instance_effect url="#__0_0_001-effect"/>
    </material>
    <material id="_4_64_64-material" name="64,64,64">
      <instance_effect url="#_4_64_64-effect"/>
    </material>
    <material id="_78_0_0_001-material" name="178,0,0.001">
      <instance_effect url="#_78_0_0_001-effect"/>
    </material>
  </library_materials>
  <library_geometries>
    <geometry id="EMROX_RPTU_V1_02_03_Caroline_simple_ROX_RPTU_Plattform_V1_02_03-mesh" name="EMROX RPTU V1.02.03 Caroline simple_ROX RPTU Plattform V1.02.03">
      <mesh>
        <source id="EMROX_RPTU_V1_02_03_Caroline_simple_ROX_RPTU_Plattform_V1_02_03-mesh-positions">
          <float_array id="EMROX_RPTU_V1_02_03_Caroline_simple_ROX_RPTU_Plattform_V1_02_03-mesh-positions-array" count="2832">-524 -248.8473 234.8653 -524 -247.6445 243.2312 -524 -245.3362 227.1771 -524 -242.1096 249.6188 -524 -238.226 222.6076 -524 -234 252 -524 -229.774 222.6076 -524 -225.8904 249.6188 -524 -222.6638 227.1771 -524 -220.3555 243.2312 -524 -219.1527 234.8653 -500.1 -68 -1.90735e-6 -500.1 -68 121 -500.1 -58 -1.90735e-6 -500.1 -58 121 -500.1 192 -1.90735e-6 -500.1 192 121 -500.1 202 -1.90735e-6 -500.1 202 121 -500 -317 -1.90735e-6 -500 -317 121 -500 -317 176 -500 -317 274 -500 -248.8473 234.8653 -500 -247.6445 243.2312 -500 -245.3362 227.1771 -500 -242.1096 249.6188 -500 -238.226 222.6076 -500 -234 252 -500 -229.774 222.6076 -500 -225.8904 249.6188 -500 -222.6638 227.1771 -500 -220.3555 243.2312 -500 -219.1527 234.8653 -500 -180 -1.90735e-6 -500 -180 121 -500 -180 176 -500 -180 274 -500 -170 -1.90735e-6 -500 -170 121 -500 -170 176 -500 -170 274 -500 -68 -1.90735e-6 -500 -68 121 -500 -58 -1.90735e-6 -500 -58 121 -500 192 -1.90735e-6 -500 192 121 -500 202 -1.90735e-6 -500 202 121 -500 317 -1.90735e-6 -500 317 121 -500 317 176 -500 317 274 -498.3416 -68 129.84 -498.3416 -58 129.84 -498.3416 192 129.84 -498.3416 202 129.84 -498.2492 -325.8017 -1.90735e-6 -498.2492 -325.8017 121 -498.2492 -325.8017 176 -498.2492 -325.8017 274 -498.2492 -317 129.8017 -498.2492 -317 282.8017 -498.2492 -180 129.8017 -498.2492 -180 282.8017 -498.2492 -170 129.8017 -498.2492 -170 282.8017 -498.2492 -68 129.8017 -498.2492 -58 129.8017 -498.2492 192 129.8017 -498.2492 202 129.8017 -498.2492 317 129.8017 -498.2492 317 282.8017 -498.2492 325.8017 -1.90735e-6 -498.2492 325.8017 121 -498.2492 325.8017 176 -498.2492 325.8017 274 -497.5747 -324.5514 127.9755 -497.5747 -324.5514 280.9755 -497.5747 324.5514 127.9755 -497.5747 324.5514 280.9755 -497 -180 -1.90735e-6 -497 -180 121 -497 -180 176 -497 -180 274 -497 -170 -1.90735e-6 -497 -170 121 -497 -170 176 -497 -170 274 -495.4776 -180 128.6537 -495.4776 -180 281.6537 -495.4776 -170 128.6537 -495.4776 -170 281.6537 -494.108 -331.9999 124.3649 -494.108 -331.9999 277.3649 -494.108 331.9999 124.3649 -494.108 331.9999 277.3649 -493.3342 -68 137.3342 -493.3342 -58 137.3342 -493.3342 192 137.3342 -493.3342 202 137.3342 -493.2635 -333.2635 -1.90735e-6 -493.2635 -333.2635 121 -493.2635 -333.2635 176 -493.2635 -333.2635 274 -493.2635 -317 137.2635 -493.2635 -317 290.2635 -493.2635 -180 137.2635 -493.2635 -180 290.2635 -493.2635 -170 137.2635 -493.2635 -170 290.2635 -493.2635 -68 137.2635 -493.2635 -58 137.2635 -493.2635 192 137.2635 -493.2635 202 137.2635 -493.2635 317 137.2635 -493.2635 317 290.2635 -493.2635 333.2635 -1.90735e-6 -493.2635 333.2635 121 -493.2635 333.2635 176 -493.2635 333.2635 274 -492.0255 -325.8017 136.0255 -492.0255 -325.8017 289.0255 -492.0255 325.8017 136.0255 -492.0255 325.8017 289.0255 -491.1421 -180 135.1421 -491.1421 -180 288.1421 -491.1421 -170 135.1421 -491.1421 -170 288.1421 -488.5 -333.2635 132.5 -488.5 -333.2635 285.5 -488.5 333.2635 132.5 -488.5 333.2635 285.5 -485.84 -68 142.3416 -485.84 -58 142.3416 -485.84 192 142.3416 -485.84 202 142.3416 -485.8017 -338.2492 -1.90735e-6 -485.8017 -338.2492 121 -485.8017 -338.2492 176 -485.8017 -338.2492 274 -485.8017 -317 142.2492 -485.8017 -317 295.2492 -485.8017 -180 142.2492 -485.8017 -180 295.2492 -485.8017 -170 142.2492 -485.8017 -170 295.2492 -485.8017 -68 142.2492 -485.8017 -58 142.2492 -485.8017 192 142.2492 -485.8017 202 142.2492 -485.8017 317 142.2492 -485.8017 317 295.2492 -485.8017 338.2492 -1.90735e-6 -485.8017 338.2492 121 -485.8017 338.2492 176 -485.8017 338.2492 274 -484.6537 -180 139.4776 -484.6537 -180 292.4776 -484.6537 -170 139.4776 -484.6537 -170 292.4776 -483.9755 -324.5514 141.5747 -483.9755 -324.5514 294.5747 -483.9755 324.5514 141.5747 -483.9755 324.5514 294.5747 -483.2238 -338.2492 127.2238 -483.2238 -338.2492 280.2238 -483.2238 338.2492 127.2238 -483.2238 338.2492 280.2238 -480.3649 -331.9999 138.1079 -480.3649 -331.9999 291.108 -480.3649 331.9999 138.1079 -480.3649 331.9999 291.108 -477 -340 -1.90735e-6 -477 -340 121 -477 -340 176 -477 -340 274 -477 -338.2492 129.8017 -477 -338.2492 282.8017 -477 -333.2635 137.2635 -477 -333.2635 290.2635 -477 -325.8017 142.2492 -477 -325.8017 295.2492 -477 -317 144 -477 -317 297 -477 -180 141 -477 -180 144 -477 -180 294 -477 -180 297 -477 -170 141 -477 -170 144 -477 -170 294 -477 -170 297 -477 -68 144 -477 -68 144.1 -477 -58 144 -477 -58 144.1 -477 192 144 -477 192 144.1 -477 202 144 -477 202 144.1 -477 317 144 -477 317 297 -477 325.8017 142.2492 -477 325.8017 295.2492 -477 333.2635 137.2635 -477 333.2635 290.2635 -477 338.2492 129.8017 -477 338.2492 282.8017 -477 340 -1.90735e-6 -477 340 121 -477 340 176 -477 340 274 -474.5 -291.5 297 -474.5 -291.5 298 -474.5 291.5 297 -474.5 291.5 298 -472.7492 -300.3017 297 -472.7492 -300.3017 298 -472.7492 300.3017 297 -472.7492 300.3017 298 -470.9524 -267.0016 144 -470.8363 -272.7051 176 -469.5862 -258.1945 176 -469.2987 -280.8328 144 -467.9915 -253.3902 144 -467.7635 -307.7635 297 -467.7635 -307.7635 298 -467.7635 307.7635 297 -467.7635 307.7635 298 -467.0555 -286.7702 176 -463.4556 -244.9831 176 -463.2122 -293.3624 144 -460.7415 -241.4958 144 -460.3017 -312.7492 297 -460.3017 -312.7492 298 -460.3017 312.7492 297 -460.3017 312.7492 298 -458.6985 -298.6985 176 -453.3624 -303.2122 144 -453.1818 -234.6599 176 -451.5 -314.5 297 -451.5 -314.5 298 -451.5 314.5 297 -451.5 314.5 298 -450 -232.6269 144 -450 -180 141 -450 -180 144 -450 -170 141 -450 -170 144 -450 265 144 -448.097 274.5671 144 -446.7702 -307.0555 176 -446.4044 -230.7759 144.6689 -445 -180 145.3397 -445 -170 145.3397 -445 265 145.3397 -443.5 -180 142.7416 -443.5 -170 142.7416 -443.4776 272.6537 145.3397 -443.1264 -229.447 146.7374 -442.6777 282.6777 144 -441.3398 -180 149 -441.3398 -170 149 -441.3398 265 149 -440.8327 -309.2987 144 -440.8316 -228.7009 150.0078 -440.096 271.253 149 -440 -228.4661 154 -440 -228.4661 176 -440 -180 154 -440 -180 176 -440 -170 154 -440 -170 176 -440 265 154 -440 265 176 -439.1422 279.1421 145.3397 -438.7417 -180 147.5 -438.7417 -170 147.5 -437.9904 272.5 154 -437.9904 272.5 176 -437 -180 154 -437 -180 176 -437 -170 154 -437 -170 176 -436.554 276.5539 149 -434.5671 288.097 144 -432.7051 -310.8363 176 -432.6537 283.4776 145.3397 -432.5 277.9904 154 -432.5 277.9904 176 -431.2529 280.096 149 -427.0016 -310.9524 144 -425 280 154 -425 280 176 -425 281.3398 149 -425 285 145.3397 -425 290 144 -419 -229 93 -419 229 93 -418.7633 -233.8602 -1.90735e-6 -418.7633 224.1398 -1.90735e-6 -418.1944 -309.5862 176 -417.8295 -218.2446 -1.90735e-6 -417.8295 239.7554 -1.90735e-6 -416.5528 -244.4508 93 -416.5528 -213.5491 93 -416.5528 213.5491 93 -416.5528 244.4508 93 -414.8258 -249 -1.90735e-6 -414.8258 209 -1.90735e-6 -413.3902 -307.9915 144 -412.1161 -203.6819 -1.90735e-6 -412.1161 254.3181 -1.90735e-6 -409.4508 -258.3893 93 -409.4508 -199.6107 93 -409.4508 199.6107 93 -409.4508 258.3893 93 -406.4026 -262.1821 -1.90735e-6 -406.4026 195.8179 -1.90735e-6 -404.9831 -303.4556 176 -402.1821 -191.5975 -1.90735e-6 -402.1821 266.4026 -1.90735e-6 -401.4959 -300.7415 144 -398.3893 -269.4509 93 -398.3893 -188.5491 93 -398.3893 188.5491 93 -398.3893 269.4509 93 -394.6599 -293.1818 176 -394.3181 -272.1161 -1.90735e-6 -394.3181 185.884 -1.90735e-6 -392.6269 -290 144 -390.7759 -286.4044 144.6689 -389.447 -283.1264 146.7374 -389 -183.1743 -1.90735e-6 -389 274.8258 -1.90735e-6 -388.701 -280.8316 150.0078 -388.4661 -280 154 -388.4661 -280 176 -384.4508 -276.5528 93 -384.4508 -181.4472 93 -384.4508 181.4472 93 -384.4508 276.5528 93 -379.7554 -277.8295 -1.90735e-6 -379.7554 180.1705 -1.90735e-6 -373.8602 -179.2368 -1.90735e-6 -373.8602 278.7632 -1.90735e-6 -369 -279 93 -369 -179 93 -369 179 93 -369 279 93 -364.1398 -278.7632 -1.90735e-6 -364.1398 179.2368 -1.90735e-6 -358.2446 -180.1705 -1.90735e-6 -358.2446 277.8295 -1.90735e-6 -353.5492 -276.5528 93 -353.5492 -181.4472 93 -353.5492 181.4472 93 -353.5492 276.5528 93 -349 -274.8258 -1.90735e-6 -349 183.1743 -1.90735e-6 -343.6819 -185.884 -1.90735e-6 -343.6819 272.1161 -1.90735e-6 -340 277 154 -340 277 176 -340 278.7417 147.5 -340 280 154 -340 280 176 -340 281.3398 149 -340 283.5 142.7416 -340 285 145.3397 -340 290 141 -340 290 144 -340 317 141 -340 317 144 -340 317 294 -340 317 297 -340 324.6537 139.4776 -340 324.6537 292.4776 -340 325.8017 142.2492 -340 325.8017 295.2492 -340 331.1421 135.1421 -340 331.1421 288.1421 -340 333.2635 137.2635 -340 333.2635 290.2635 -340 335.4776 128.6537 -340 335.4776 281.6537 -340 337 -1.90735e-6 -340 337 121 -340 337 176 -340 337 274 -340 338.2492 129.8017 -340 338.2492 282.8017 -340 340 -1.90735e-6 -340 340 121 -340 340 176 -340 340 274 -339.6108 -269.4509 93 -339.6108 -188.5491 93 -339.6108 188.5491 93 -339.6108 269.4509 93 -335.8179 -266.4026 -1.90735e-6 -335.8179 191.5975 -1.90735e-6 -331.5975 -195.8179 -1.90735e-6 -331.5975 262.1821 -1.90735e-6 -330 277 154 -330 277 176 -330 278.7417 147.5 -330 280 154 -330 280 176 -330 281.3398 149 -330 283.5 142.7416 -330 285 145.3397 -330 290 141 -330 290 144 -330 317 141 -330 317 144 -330 317 294 -330 317 297 -330 324.6537 139.4776 -330 324.6537 292.4776 -330 325.8017 142.2492 -330 325.8017 295.2492 -330 331.1421 135.1421 -330 331.1421 288.1421 -330 333.2635 137.2635 -330 333.2635 290.2635 -330 335.4776 128.6537 -330 335.4776 281.6537 -330 337 -1.90735e-6 -330 337 121 -330 337 176 -330 337 274 -330 338.2492 129.8017 -330 338.2492 282.8017 -330 340 -1.90735e-6 -330 340 121 -330 340 176 -330 340 274 -328.5492 -258.3893 93 -328.5492 -199.6107 93 -328.5492 199.6107 93 -328.5492 258.3893 93 -325.884 -254.3181 -1.90735e-6 -325.884 203.6819 -1.90735e-6 -323.1743 -209 -1.90735e-6 -323.1743 249 -1.90735e-6 -321.4472 -244.4508 93 -321.4472 -213.5491 93 -321.4472 213.5491 93 -321.4472 244.4508 93 -320.1705 -239.7554 -1.90735e-6 -320.1705 218.2446 -1.90735e-6 -319.2368 -224.1398 -1.90735e-6 -319.2368 233.8602 -1.90735e-6 -319 -229 93 -319 229 93 278.3804 320 176 278.3804 340 176 281.1166 320 176.4825 281.1166 340 176.4825 283.5227 320 177.8716 283.5227 340 177.8716 285.3086 320 180 285.3086 340 180 292.2368 320 192 292.2368 340 192 294.0227 320 194.1284 294.0227 340 194.1284 296.4288 320 195.5175 296.4288 340 195.5175 299.165 320 196 299.165 340 196 319 -229 93 319 229 93 319.2368 -233.8602 -1.90735e-6 319.2368 224.1398 -1.90735e-6 320.1705 -218.2446 -1.90735e-6 320.1705 239.7554 -1.90735e-6 321.4472 -244.4508 93 321.4472 -213.5491 93 321.4472 213.5491 93 321.4472 244.4508 93 323.1743 -249 -1.90735e-6 323.1743 209 -1.90735e-6 325.884 -203.6819 -1.90735e-6 325.884 254.3181 -1.90735e-6 328.5492 -258.3893 93 328.5492 -199.6107 93 328.5492 199.6107 93 328.5492 258.3893 93 330 -340 -1.90735e-6 330 -340 121 330 -340 176 330 -340 274 330 -338.2492 129.8017 330 -338.2492 282.8017 330 -337 -1.90735e-6 330 -337 121 330 -337 176 330 -337 274 330 -335.4776 128.6537 330 -335.4776 281.6537 330 -333.2635 137.2635 330 -333.2635 290.2635 330 -331.1421 135.1421 330 -331.1421 288.1421 330 -325.8017 142.2492 330 -325.8017 295.2492 330 -324.6537 139.4776 330 -324.6537 292.4776 330 -317 141 330 -317 144 330 -317 294 330 -317 297 330 -290 141 330 -290 144 330 -285 145.3397 330 -283.5 142.7416 330 -281.3398 149 330 -280 154 330 -280 176 330 -278.7417 147.5 330 -277 154 330 -277 176 331.5975 -262.1821 -1.90735e-6 331.5975 195.8179 -1.90735e-6 335.8179 -191.5975 -1.90735e-6 335.8179 266.4026 -1.90735e-6 339.6108 -269.4509 93 339.6108 -188.5491 93 339.6108 188.5491 93 339.6108 269.4509 93 340 -340 -1.90735e-6 340 -340 121 340 -340 176 340 -340 274 340 -338.2492 129.8017 340 -338.2492 282.8017 340 -337 -1.90735e-6 340 -337 121 340 -337 176 340 -337 274 340 -335.4776 128.6537 340 -335.4776 281.6537 340 -333.2635 137.2635 340 -333.2635 290.2635 340 -331.1421 135.1421 340 -331.1421 288.1421 340 -325.8017 142.2492 340 -325.8017 295.2492 340 -324.6537 139.4776 340 -324.6537 292.4776 340 -317 141 340 -317 144 340 -317 294 340 -317 297 340 -290 141 340 -290 144 340 -285 145.3397 340 -283.5 142.7416 340 -281.3398 149 340 -280 154 340 -280 176 340 -278.7417 147.5 340 -277 154 340 -277 176 343.6819 -272.1161 -1.90735e-6 343.6819 185.884 -1.90735e-6 349 -183.1743 -1.90735e-6 349 274.8258 -1.90735e-6 351.835 320 196 351.835 340 196 353.5492 -276.5528 93 353.5492 -181.4472 93 353.5492 181.4472 93 353.5492 276.5528 93 354.5712 320 195.5175 354.5712 340 195.5175 356.9773 320 194.1284 356.9773 340 194.1284 358.2446 -277.8295 -1.90735e-6 358.2446 180.1705 -1.90735e-6 358.7632 320 192 358.7632 340 192 364.1398 -179.2368 -1.90735e-6 364.1398 278.7632 -1.90735e-6 365.6914 320 180 365.6914 340 180 367.4773 320 177.8716 367.4773 340 177.8716 369 -279 93 369 -179 93 369 179 93 369 279 93 369.8835 320 176.4825 369.8835 340 176.4825 372.6196 320 176 372.6196 340 176 373.8602 -278.7632 -1.90735e-6 373.8602 179.2368 -1.90735e-6 379.7554 -180.1705 -1.90735e-6 379.7554 277.8295 -1.90735e-6 384.4508 -276.5528 93 384.4508 -181.4472 93 384.4508 181.4472 93 384.4508 276.5528 93 388.4661 280 154 388.4661 280 176 388.701 280.8316 150.0078 389 -274.8258 -1.90735e-6 389 183.1743 -1.90735e-6 389.447 283.1264 146.7374 390.7759 286.4044 144.6689 392.6269 290 144 394.3181 -185.884 -1.90735e-6 394.3181 272.1161 -1.90735e-6 394.6599 293.1818 176 398.3893 -269.4509 93 398.3893 -188.5491 93 398.3893 188.5491 93 398.3893 269.4509 93 401.4959 300.7415 144 402.1821 -266.4026 -1.90735e-6 402.1821 191.5975 -1.90735e-6 404.9831 303.4556 176 406.4026 -195.8179 -1.90735e-6 406.4026 262.1821 -1.90735e-6 409.4508 -258.3893 93 409.4508 -199.6107 93 409.4508 199.6107 93 409.4508 258.3893 93 412.1161 -254.3181 -1.90735e-6 412.1161 203.6819 -1.90735e-6 413.3902 307.9915 144 414.8258 -209 -1.90735e-6 414.8258 249 -1.90735e-6 416.5528 -244.4508 93 416.5528 -213.5491 93 416.5528 213.5491 93 416.5528 244.4508 93 417.8295 -239.7554 -1.90735e-6 417.8295 218.2446 -1.90735e-6 418.1944 309.5862 176 418.7633 -224.1398 -1.90735e-6 418.7633 233.8602 -1.90735e-6 419 -229 93 419 229 93 425 -290 144 425 -285 145.3397 425 -281.3398 149 425 -280 154 425 -280 176 427.0016 310.9524 144 431.2529 -280.096 149 432.5 -277.9904 154 432.5 -277.9904 176 432.6537 -283.4776 145.3397 432.7051 310.8363 176 434.5671 -288.097 144 436.554 -276.5539 149 437 170 154 437 170 176 437 180 154 437 180 176 437.9904 -272.5 154 437.9904 -272.5 176 438.7417 170 147.5 438.7417 180 147.5 439.1422 -279.1421 145.3397 440 -265 154 440 -265 176 440 170 154 440 170 176 440 180 154 440 180 176 440 228.4661 154 440 228.4661 176 440.096 -271.253 149 440.8316 228.7009 150.0078 440.8327 309.2987 144 441.3398 -265 149 441.3398 170 149 441.3398 180 149 442.6777 -282.6777 144 443.1264 229.447 146.7374 443.4776 -272.6537 145.3397 443.5 170 142.7416 443.5 180 142.7416 445 -265 145.3397 445 170 145.3397 445 180 145.3397 446.4044 230.7759 144.6689 446.7702 307.0555 176 448.097 -274.5671 144 450 -265 144 450 170 141 450 170 144 450 180 141 450 180 144 450 232.6269 144 451.5 -314.5 297 451.5 -314.5 298 451.5 314.5 297 451.5 314.5 298 453.1818 234.6599 176 453.3624 303.2122 144 458.6985 298.6985 176 460.3017 -312.7492 297 460.3017 -312.7492 298 460.3017 312.7492 297 460.3017 312.7492 298 460.7415 241.4958 144 463.2122 293.3624 144 463.4556 244.9831 176 467.0555 286.7702 176 467.7635 -307.7635 297 467.7635 -307.7635 298 467.7635 307.7635 297 467.7635 307.7635 298 467.9915 253.3902 144 469.2987 280.8328 144 469.5862 258.1945 176 470.8363 272.7051 176 470.9524 267.0016 144 472.7492 -300.3017 297 472.7492 -300.3017 298 472.7492 300.3017 297 472.7492 300.3017 298 474.5 -291.5 297 474.5 -291.5 298 474.5 291.5 297 474.5 291.5 298 477 -340 -1.90735e-6 477 -340 121 477 -340 176 477 -340 274 477 -338.2492 129.8017 477 -338.2492 282.8017 477 -333.2635 137.2635 477 -333.2635 290.2635 477 -325.8017 142.2492 477 -325.8017 295.2492 477 -317 144 477 -317 297 477 170 141 477 170 144 477 170 294 477 170 297 477 180 141 477 180 144 477 180 294 477 180 297 477 317 144 477 317 297 477 325.8017 142.2492 477 325.8017 295.2492 477 333.2635 137.2635 477 333.2635 290.2635 477 338.2492 129.8017 477 338.2492 282.8017 477 340 -1.90735e-6 477 340 121 477 340 176 477 340 274 480.3649 -331.9999 138.1079 480.3649 -331.9999 291.108 480.3649 331.9999 138.1079 480.3649 331.9999 291.108 483.2238 -338.2492 127.2238 483.2238 -338.2492 280.2238 483.2238 338.2492 127.2238 483.2238 338.2492 280.2238 483.9755 -324.5514 141.5747 483.9755 -324.5514 294.5747 483.9755 324.5514 141.5747 483.9755 324.5514 294.5747 484.6537 170 139.4776 484.6537 170 292.4776 484.6537 180 139.4776 484.6537 180 292.4776 485.8017 -338.2492 -1.90735e-6 485.8017 -338.2492 121 485.8017 -338.2492 176 485.8017 -338.2492 274 485.8017 -317 142.2492 485.8017 -317 295.2492 485.8017 170 142.2492 485.8017 170 295.2492 485.8017 180 142.2492 485.8017 180 295.2492 485.8017 317 142.2492 485.8017 317 295.2492 485.8017 338.2492 -1.90735e-6 485.8017 338.2492 121 485.8017 338.2492 176 485.8017 338.2492 274 488.5 -333.2635 132.5 488.5 -333.2635 285.5 488.5 333.2635 132.5 488.5 333.2635 285.5 491.1421 170 135.1421 491.1421 170 288.1421 491.1421 180 135.1421 491.1421 180 288.1421 492.0255 -325.8017 136.0255 492.0255 -325.8017 289.0255 492.0255 325.8017 136.0255 492.0255 325.8017 289.0255 493.2635 -333.2635 -1.90735e-6 493.2635 -333.2635 121 493.2635 -333.2635 176 493.2635 -333.2635 274 493.2635 -317 137.2635 493.2635 -317 290.2635 493.2635 170 137.2635 493.2635 170 290.2635 493.2635 180 137.2635 493.2635 180 290.2635 493.2635 317 137.2635 493.2635 317 290.2635 493.2635 333.2635 -1.90735e-6 493.2635 333.2635 121 493.2635 333.2635 176 493.2635 333.2635 274 494.108 -331.9999 124.3649 494.108 -331.9999 277.3649 494.108 331.9999 124.3649 494.108 331.9999 277.3649 495.4776 170 128.6537 495.4776 170 281.6537 495.4776 180 128.6537 495.4776 180 281.6537 497 170 -1.90735e-6 497 170 121 497 170 176 497 170 274 497 180 -1.90735e-6 497 180 121 497 180 176 497 180 274 497.5747 -324.5514 127.9755 497.5747 -324.5514 280.9755 497.5747 324.5514 127.9755 497.5747 324.5514 280.9755 498.2492 -325.8017 -1.90735e-6 498.2492 -325.8017 121 498.2492 -325.8017 176 498.2492 -325.8017 274 498.2492 -317 129.8017 498.2492 -317 282.8017 498.2492 170 129.8017 498.2492 170 282.8017 498.2492 180 129.8017 498.2492 180 282.8017 498.2492 317 129.8017 498.2492 317 282.8017 498.2492 325.8017 -1.90735e-6 498.2492 325.8017 121 498.2492 325.8017 176 498.2492 325.8017 274 500 -317 -1.90735e-6 500 -317 121 500 -317 176 500 -317 274 500 -130.3524 240.0636 500 -129.1897 231.9765 500 -126.9584 247.4955 500 -123.8393 225.8018 500 -120.0851 251.9127 500 -116 223.5 500 -111.9149 251.9127 500 -108.1607 225.8018 500 -105.0416 247.4955 500 -102.8103 231.9765 500 -101.6476 240.0636 500 101.1527 240.1347 500 102.3555 231.7688 500 104.6638 247.8229 500 107.8904 225.3812 500 111.774 252.3924 500 116 223 500 120.226 252.3924 500 124.1096 225.3812 500 127.3362 247.8229 500 129.6445 231.7688 500 130.8473 240.1347 500 170 -1.90735e-6 500 170 121 500 170 176 500 170 274 500 180 -1.90735e-6 500 180 121 500 180 176 500 180 274 500 219.1527 239.1347 500 220.3555 230.7688 500 222.6638 246.8229 500 225.8904 224.3812 500 229.774 251.3924 500 234 222 500 238.226 251.3924 500 242.1096 224.3812 500 245.3362 246.8229 500 247.6445 230.7688 500 248.8473 239.1347 500 317 -1.90735e-6 500 317 121 500 317 176 500 317 274 518 -130.3524 240.0636 518 -129.1897 231.9765 518 -126.9584 247.4955 518 -123.8393 225.8018 518 -120.0851 251.9127 518 -116 223.5 518 -111.9149 251.9127 518 -108.1607 225.8018 518 -105.0416 247.4955 518 -102.8103 231.9765 518 -101.6476 240.0636 518 101.1527 240.1347 518 102.3555 231.7688 518 104.6638 247.8229 518 107.8904 225.3812 518 111.774 252.3924 518 116 223 518 120.226 252.3924 518 124.1096 225.3812 518 127.3362 247.8229 518 129.6445 231.7688 518 130.8473 240.1347 524 219.1527 239.1347 524 220.3555 230.7688 524 222.6638 246.8229 524 225.8904 224.3812 524 229.774 251.3924 524 234 222 524 238.226 251.3924 524 242.1096 224.3812 524 245.3362 246.8229 524 247.6445 230.7688 524 248.8473 239.1347</float_array>
          <technique_common>
            <accessor source="#EMROX_RPTU_V1_02_03_Caroline_simple_ROX_RPTU_Plattform_V1_02_03-mesh-positions-array" count="944" stride="3">
              <param name="X" type="float"/>
              <param name="Y" type="float"/>
              <param name="Z" type="float"/>
            </accessor>
          </technique_common>
        </source>
        <source id="EMROX_RPTU_V1_02_03_Caroline_simple_ROX_RPTU_Plattform_V1_02_03-mesh-normals">
          <float_array id="EMROX_RPTU_V1_02_03_Caroline_simple_ROX_RPTU_Plattform_V1_02_03-mesh-normals-array" count="8607">-0.9952606 -0.09724414 5.79096e-6 -0.9510617 -0.3090013 2.28174e-6 -0.9165301 -0.399966 -5.42588e-6 -0.9165095 -0.4000132 -2.21981e-6 -0.9510457 -0.3090505 5.48083e-6 -0.8090419 -0.587751 -5.68479e-6 -0.9164996 -0.4000356 5.33648e-6 -0.8090277 -0.5877707 1.87359e-6 -0.7480767 -0.6636124 -5.83427e-6 -0.7480399 -0.6636538 -2.57022e-6 -0.8089951 -0.5878154 5.17582e-6 -0.5878186 -0.8089928 1.70283e-5 -0.748026 -0.6636695 5.85429e-6 -0.587801 -0.8090056 2.40817e-6 -0.5063968 -0.8623006 -5.33834e-6 -0.5063432 -0.8623322 -2.82796e-6 -0.5877507 -0.8090421 4.86895e-6 -0.3090511 -0.9510455 1.66856e-5 -0.5063285 -0.8623407 5.88223e-6 -0.309034 -0.9510511 2.35299e-6 -0.2151449 -0.9765821 -5.33694e-6 -0.21509 -0.9765942 -2.21748e-6 -0.3089806 -0.9510684 5.47525e-6 -3.93242e-5 -1 -5.67921e-6 -0.2150686 -0.9765989 5.50412e-6 -1.74157e-5 -1 2.04472e-6 0.09716594 -0.9952682 -5.65033e-6 0.09722125 -0.9952629 -1.49058e-6 3.81101e-5 -1 6.19888e-6 0.3089795 -0.9510688 -5.02355e-6 0.09724146 -0.9952609 5.33834e-6 0.3089988 -0.9510625 1.89221e-6 0.3999636 -0.9165311 -5.80913e-6 0.4000145 -0.9165089 -2.52342e-6 0.3090518 -0.9510452 5.18421e-6 0.5877521 -0.8090412 -5.99213e-6 0.4000377 -0.9164987 5.27687e-6 0.5877726 -0.8090263 1.80025e-6 0.6636141 -0.7480751 -5.89667e-6 0.6636536 -0.74804 -2.50735e-6 0.5878154 -0.8089951 5.19352e-6 0.8089928 -0.5878187 1.7019e-5 0.6636711 -0.7480245 5.54882e-6 0.809007 -0.5877991 2.02097e-6 0.8623017 -0.5063949 -5.67362e-6 0.8623299 -0.5063471 -2.53506e-6 0.8090395 -0.5877543 5.16884e-6 0.9510441 -0.3090553 1.70171e-5 0.8623422 -0.506326 5.65313e-6 0.951052 -0.3090311 2.16509e-6 0.9765828 -0.215142 -5.53159e-6 0.9765941 -0.2150911 -2.19746e-6 0.9510682 -0.3089815 5.50365e-6 1 -4.02927e-5 -5.67175e-6 0.9765991 -0.2150679 5.76861e-6 1 -1.67415e-5 2.29152e-6 0.9952682 0.09716659 -5.41331e-6 0.9952629 0.09722125 -2.03401e-6 1 3.81702e-5 5.66896e-6 0.9510687 0.3089795 -5.50598e-6 0.9952605 0.09724426 5.75371e-6 0.9510616 0.3090015 2.28826e-6 0.91653 0.3999661 -5.41937e-6 0.9165097 0.4000127 -2.21469e-6 0.9510458 0.3090501 5.48596e-6 0.8090422 0.5877506 -5.65872e-6 0.9164996 0.4000357 5.56931e-6 0.8090277 0.5877707 2.10432e-6 0.7480767 0.6636124 -5.58468e-6 0.7480377 0.6636563 -2.18535e-6 0.8089932 0.5878181 5.51157e-6 0.5878153 0.8089952 -5.70156e-6 0.7480244 0.6636713 5.77979e-6 0.587799 0.8090071 2.27266e-6 0.5063947 0.8623019 -5.43054e-6 0.5063453 0.8623309 -2.19769e-6 0.5877526 0.8090408 5.50458e-6 0.3090525 0.951045 -5.69038e-6 0.5063286 0.8623408 5.68666e-6 0.309034 0.9510511 2.18628e-6 0.2151449 0.9765821 -5.50225e-6 0.215091 0.976594 -2.88361e-6 0.3089815 0.9510682 4.81121e-6 4.11868e-5 1 1.67061e-5 0.2150702 0.9765986 5.72018e-6 1.90325e-5 1 2.27289e-6 -0.09716433 0.9952684 -5.43334e-6 -0.09722298 0.9952627 -2.5339e-6 -3.99141e-5 1 5.17443e-6 -0.3089804 0.9510685 1.70283e-5 -0.09724491 0.9952605 5.30481e-6 -0.3090022 0.9510614 1.81515e-6 -0.3999668 0.9165297 -5.88177e-6 -0.4000135 0.9165094 -2.17068e-6 -0.3090506 0.9510456 5.52833e-6 -0.5877511 0.8090419 -5.65685e-6 -0.4000365 0.9164992 -1.68476e-5 -0.5877708 0.8090275 2.71085e-6 -0.6636124 0.7480766 -4.99329e-6 -0.6636554 0.7480385 -2.20374e-6 -0.5878171 0.8089939 5.49993e-6 -0.8089945 0.5878162 -5.69038e-6 -0.6636703 0.7480254 5.60284e-6 -0.8090062 0.5878002 2.11317e-6 -0.8623011 0.5063959 -5.58281e-6 -0.8623301 0.5063467 -2.52971e-6 -0.8090398 0.5877539 5.17396e-6 -0.9510443 0.3090548 1.70451e-5 -0.8623411 0.506328 5.50225e-6 -0.9510512 0.3090334 2.04355e-6 -0.9765823 0.2151443 -5.66477e-6 -0.9765935 0.2150936 -2.28733e-6 -0.9510673 0.3089839 5.41983e-6 -1 4.27961e-5 -5.72391e-6 -0.9765985 0.2150706 5.47059e-6 -1 1.94274e-5 2.02842e-6 -0.9952684 -0.09716397 -5.68433e-6 -0.9952623 -0.0972265 -2.37813e-6 -1 -4.32071e-5 5.34672e-6 -0.9510675 -0.3089835 1.71643e-5 0 0 -1 -0.9952605 -0.09724438 5.6196e-6 -0.9510616 -0.3090015 2.16276e-6 -0.9165299 -0.3999662 -5.54603e-6 -0.9165097 -0.4000127 -2.21469e-6 -0.9510458 -0.3090501 5.48596e-6 -0.8090422 -0.5877506 -5.65872e-6 -0.9164996 -0.4000357 5.56931e-6 -0.8090277 -0.5877707 2.10432e-6 -0.7480767 -0.6636124 -5.58468e-6 -0.7480389 -0.6636549 -2.19583e-6 -0.8089943 -0.5878165 5.49993e-6 -0.5878168 -0.8089942 -5.70901e-6 -0.7480249 -0.6636707 -1.70879e-5 -0.5878004 -0.8090061 2.46754e-6 -0.5063961 -0.862301 -5.25126e-6 -0.5063431 -0.8623321 -2.16067e-6 -0.5877507 -0.8090421 5.53345e-6 -0.3090503 -0.9510457 -5.69783e-6 -0.5063285 -0.8623408 5.71646e-6 -0.309034 -0.9510511 2.18628e-6 -0.2151449 -0.9765822 -5.50319e-6 -0.215091 -0.976594 -2.88361e-6 -0.3089815 -0.9510682 4.81121e-6 -4.11868e-5 -1 1.67061e-5 -0.2150704 -0.9765985 5.91576e-6 -1.93454e-5 -1 2.46079e-6 0.09716403 -0.9952684 -5.23636e-6 0.09722214 -0.9952628 -2.49501e-6 3.91094e-5 -1 5.20283e-6 0.3089796 -0.9510687 1.70358e-5 0.09724426 -0.9952605 5.48176e-6 0.3090015 -0.9510616 1.96812e-6 0.3999662 -0.91653 -5.73089e-6 0.4000145 -0.9165089 -2.18488e-6 0.3090517 -0.9510452 5.51669e-6 0.5877521 -0.8090412 -5.67175e-6 0.4000378 -0.9164986 -1.68383e-5 0.587772 -0.8090267 2.72249e-6 0.6636135 -0.7480757 -4.98071e-6 0.6636525 -0.748041 -2.18116e-6 0.5878142 -0.808996 5.51715e-6 0.8089924 -0.5878192 -5.66058e-6 0.6636703 -0.7480254 5.60284e-6 0.8090062 -0.5878002 2.11317e-6 0.8623011 -0.5063959 -5.58281e-6 0.8623301 -0.5063467 -2.52971e-6 0.8090398 -0.5877539 5.17396e-6 0.9510443 -0.3090548 1.70451e-5 0.8623422 -0.506326 5.50598e-6 0.951052 -0.3090311 2.04821e-6 0.9765828 -0.215142 -5.65732e-6 0.9765941 -0.2150911 -2.29036e-6 0.9510682 -0.3089815 5.4203e-6 1 -4.02927e-5 -5.7295e-6 0.9765991 -0.215068 5.69224e-6 1 -1.67489e-5 2.25543e-6 0.9952682 0.09716659 -5.45988e-6 0.9952629 0.09722125 -2.04379e-6 0.9510688 0.3089795 -5.55441e-6 0.9952605 0.09724402 5.80773e-6 0.9510617 0.3090013 2.36649e-6 0.9165301 0.3999659 -5.34113e-6 0.9165095 0.4000132 -2.21981e-6 0.9510457 0.3090505 5.48083e-6 0.8090419 0.587751 -5.68479e-6 0.9164996 0.4000356 5.33648e-6 0.8090277 0.5877707 1.87359e-6 0.7480767 0.6636124 -5.83427e-6 0.7480387 0.6636552 -2.5609e-6 0.8089941 0.5878169 5.18793e-6 0.5878171 0.8089939 1.70358e-5 0.7480249 0.6636707 5.83939e-6 0.5877997 0.8090066 2.38186e-6 0.5063954 0.8623014 -5.34998e-6 0.5063286 0.8623408 5.52461e-6 0.309034 0.9510511 2.01934e-6 0.2151449 0.9765821 -5.66849e-6 0.21509 0.9765942 -2.21748e-6 0.3089806 0.9510684 5.47525e-6 3.93242e-5 1 -5.67921e-6 0.2150683 0.976599 5.1409e-6 1.71103e-5 1 1.68965e-6 -0.09716629 0.9952682 -6.01355e-6 -0.09722203 0.9952628 -2.19862e-6 -3.89452e-5 1 5.50551e-6 -0.3089802 0.9510685 -5.69411e-6 -0.09724211 0.9952608 5.40167e-6 -0.3089995 0.9510622 1.90665e-6 -0.3999642 0.9165308 -5.79376e-6 -0.4000135 0.9165094 -2.50991e-6 -0.3090506 0.9510456 5.19631e-6 -0.5877511 0.8090419 -5.97723e-6 -0.4000365 0.9164993 5.26756e-6 -0.5877715 0.8090271 1.78814e-6 -0.6636131 0.748076 -5.91064e-6 -0.6636564 0.7480375 -2.52901e-6 -0.5878183 0.8089931 5.17629e-6 -0.8089948 0.5878158 1.70656e-5 -0.6636711 0.7480245 5.54882e-6 -0.809007 0.5877991 2.02097e-6 -0.8623017 0.5063949 -5.67362e-6 -0.8623299 0.5063471 -2.53506e-6 -0.8090395 0.5877543 5.16884e-6 -0.9510441 0.3090553 1.70171e-5 -0.8623411 0.506328 5.65313e-6 -0.9510512 0.3090334 2.15997e-6 -0.9765823 0.2151443 -5.5409e-6 -0.9765935 0.2150936 -2.1942e-6 -0.9510673 0.3089839 5.50272e-6 -1 4.27961e-5 -5.66617e-6 -0.9765985 0.2150706 5.53951e-6 -1 1.94162e-5 2.06498e-6 -0.9952684 -0.09716397 -5.63776e-6 -0.9952623 -0.0972265 -2.36835e-6 -1 -4.31922e-5 5.34812e-6 -0.9510675 -0.3089835 1.72127e-5 -0.9952605 -0.09724426 5.75371e-6 -0.9510616 -0.3090015 2.28826e-6 -0.91653 -0.3999661 -5.41937e-6 -0.7480377 -0.6636563 -2.18535e-6 -0.8089932 -0.5878181 5.51157e-6 -0.5878153 -0.8089952 -5.70156e-6 -0.7480244 -0.6636713 5.77979e-6 -0.587799 -0.8090071 2.27266e-6 -0.5063947 -0.8623019 -5.43054e-6 -0.5063453 -0.8623309 -2.19769e-6 -0.5877526 -0.8090408 5.50458e-6 -0.3090525 -0.951045 -5.69038e-6 -0.5063286 -0.8623408 5.68666e-6 -0.2151449 -0.9765821 -5.50225e-6 -0.2150702 -0.9765986 5.72018e-6 -1.90325e-5 -1 2.27289e-6 0.09716433 -0.9952684 -5.43334e-6 0.09722298 -0.9952627 -2.5339e-6 3.99141e-5 -1 5.17443e-6 0.3089804 -0.9510685 1.70283e-5 0.09724491 -0.9952605 5.30481e-6 0.3090022 -0.9510614 1.81515e-6 0.3999668 -0.9165297 -5.88177e-6 0.4000135 -0.9165094 -2.17068e-6 0.3090506 -0.9510456 5.52833e-6 0.5877511 -0.8090419 -5.65685e-6 0.4000365 -0.9164992 -1.68476e-5 0.5877708 -0.8090275 2.71085e-6 0.6636124 -0.7480766 -4.99329e-6 0.6636554 -0.7480385 -2.20374e-6 0.5878171 -0.8089939 5.49993e-6 0.8089945 -0.5878162 -5.69038e-6 0.8623411 -0.506328 5.50225e-6 0.9510512 -0.3090334 2.04355e-6 0.9765823 -0.2151443 -5.66477e-6 0.9765935 -0.2150936 -2.28733e-6 0.9510673 -0.3089839 5.41983e-6 1 -4.27961e-5 -5.72391e-6 0.9765985 -0.2150706 5.47059e-6 1 -1.94274e-5 2.02842e-6 0.9952684 0.09716397 -5.68433e-6 0.9952623 0.0972265 -2.37813e-6 1 4.32071e-5 5.34672e-6 0.9510675 0.3089835 1.71643e-5 0.9952606 0.09724414 5.79096e-6 0.9510617 0.3090013 2.28174e-6 0.9165301 0.399966 -5.42588e-6 0.7480399 0.6636538 -2.57022e-6 0.8089951 0.5878154 5.17582e-6 0.5878186 0.8089928 1.70283e-5 0.748026 0.6636695 5.85429e-6 0.587801 0.8090056 2.40817e-6 0.5063968 0.8623006 -5.33834e-6 0.5063432 0.8623322 -2.82796e-6 0.5877507 0.8090421 4.86895e-6 0.3090511 0.9510455 1.66856e-5 0.5063285 0.8623407 5.88223e-6 0.309034 0.9510511 2.35299e-6 0.2151449 0.9765821 -5.33694e-6 0.2150686 0.9765989 5.50412e-6 1.74157e-5 1 2.04472e-6 -0.09716594 0.9952682 -5.65033e-6 -0.09722125 0.9952629 -1.49058e-6 -3.81101e-5 1 6.19888e-6 -0.3089795 0.9510688 -5.02355e-6 -0.09724146 0.9952609 5.33834e-6 -0.3089988 0.9510625 1.89221e-6 -0.3999636 0.9165311 -5.80913e-6 -0.4000145 0.9165089 -2.52342e-6 -0.3090518 0.9510452 5.18421e-6 -0.5877521 0.8090412 -5.99213e-6 -0.4000377 0.9164987 5.27687e-6 -0.5877726 0.8090263 1.80025e-6 -0.6636141 0.7480751 -5.89667e-6 -0.6636536 0.74804 -2.50735e-6 -0.5878154 0.8089951 5.19352e-6 -0.8089928 0.5878187 1.7019e-5 -0.8623422 0.506326 5.65313e-6 -0.951052 0.3090311 2.16509e-6 -0.9765828 0.215142 -5.53159e-6 -0.9765941 0.2150911 -2.19746e-6 -0.9510682 0.3089815 5.50365e-6 -1 4.02927e-5 -5.67175e-6 -0.9765991 0.2150679 5.76861e-6 -1 1.67415e-5 2.29152e-6 -0.9952682 -0.09716659 -5.41331e-6 -0.9952629 -0.09722125 -2.03401e-6 -1 -3.81702e-5 5.66896e-6 -0.9510687 -0.3089795 -5.50598e-6 -0.9952605 -0.09724402 5.80773e-6 -0.9510617 -0.3090013 2.36649e-6 -0.9165301 -0.3999659 -5.34113e-6 -0.7480387 -0.6636552 -2.5609e-6 -0.8089941 -0.5878169 5.18793e-6 -0.5878171 -0.8089939 1.70358e-5 -0.7480249 -0.6636707 5.83939e-6 -0.5877997 -0.8090066 2.38186e-6 -0.5063954 -0.8623014 -5.34998e-6 -0.5063286 -0.8623408 5.52461e-6 -0.309034 -0.9510511 2.01934e-6 -0.2151449 -0.9765821 -5.66849e-6 -0.2150683 -0.976599 5.1409e-6 -1.71103e-5 -1 1.68965e-6 0.09716629 -0.9952682 -6.01355e-6 0.09722203 -0.9952628 -2.19862e-6 3.89452e-5 -1 5.50551e-6 0.3089802 -0.9510685 -5.69411e-6 0.09724211 -0.9952608 5.40167e-6 0.3089995 -0.9510622 1.90665e-6 0.3999642 -0.9165308 -5.79376e-6 0.4000135 -0.9165094 -2.50991e-6 0.3090506 -0.9510456 5.19631e-6 0.5877511 -0.8090419 -5.97723e-6 0.4000365 -0.9164993 5.26756e-6 0.5877715 -0.8090271 1.78814e-6 0.6636131 -0.748076 -5.91064e-6 0.6636564 -0.7480375 -2.52901e-6 0.5878183 -0.8089931 5.17629e-6 0.8089948 -0.5878158 1.70656e-5 0.8623411 -0.506328 5.65313e-6 0.9510512 -0.3090334 2.15997e-6 0.9765823 -0.2151443 -5.5409e-6 0.9765935 -0.2150936 -2.1942e-6 0.9510673 -0.3089839 5.50272e-6 1 -4.27961e-5 -5.66617e-6 0.9765985 -0.2150706 5.53951e-6 1 -1.94162e-5 2.06498e-6 0.9952684 0.09716397 -5.63776e-6 0.9952623 0.0972265 -2.36835e-6 1 4.31922e-5 5.34812e-6 0.9510675 0.3089835 1.72127e-5 0.9952605 0.09724438 5.6196e-6 0.9510616 0.3090015 2.16276e-6 0.9165299 0.3999662 -5.54603e-6 0.7480389 0.6636549 -2.19583e-6 0.8089943 0.5878165 5.49993e-6 0.5878168 0.8089942 -5.70901e-6 0.7480249 0.6636707 -1.70879e-5 0.5878004 0.8090061 2.46754e-6 0.5063961 0.862301 -5.25126e-6 0.5063431 0.8623321 -2.16067e-6 0.5877507 0.8090421 5.53345e-6 0.3090503 0.9510457 -5.69783e-6 0.5063285 0.8623408 5.71646e-6 0.2151449 0.9765822 -5.50319e-6 0.2150704 0.9765985 5.91576e-6 1.93454e-5 1 2.46079e-6 -0.09716403 0.9952684 -5.23636e-6 -0.09722214 0.9952628 -2.49501e-6 -3.91094e-5 1 5.20283e-6 -0.3089796 0.9510687 1.70358e-5 -0.09724426 0.9952605 5.48176e-6 -0.3090015 0.9510616 1.96812e-6 -0.3999662 0.91653 -5.73089e-6 -0.4000145 0.9165089 -2.18488e-6 -0.3090517 0.9510452 5.51669e-6 -0.5877521 0.8090412 -5.67175e-6 -0.4000378 0.9164986 -1.68383e-5 -0.587772 0.8090267 2.72249e-6 -0.6636135 0.7480757 -4.98071e-6 -0.6636525 0.748041 -2.18116e-6 -0.5878142 0.808996 5.51715e-6 -0.8089924 0.5878192 -5.66058e-6 -0.8623422 0.506326 5.50598e-6 -0.951052 0.3090311 2.04821e-6 -0.9765828 0.215142 -5.65732e-6 -0.9765941 0.2150911 -2.29036e-6 -0.9510682 0.3089815 5.4203e-6 -1 4.02927e-5 -5.7295e-6 -0.9765991 0.215068 5.69224e-6 -1 1.67489e-5 2.25543e-6 -0.9952682 -0.09716659 -5.45988e-6 -0.9952629 -0.09722125 -2.04379e-6 -0.9510688 -0.3089795 -5.55441e-6 4.24832e-5 8.33294e-6 -1 4.24087e-5 3.70853e-6 -1 0.34199 -3.75151e-6 -0.9397037 0.34199 -3.70853e-6 -0.9397037 4.24832e-5 3.75151e-6 -1 0.34199 -8.33294e-6 -0.9397037 0.3420569 -9.44501e-6 -0.9396793 0.342057 -8.29361e-6 -0.9396793 0.6427606 -1.77883e-6 -0.7660672 0.8660061 -8.33295e-6 -0.5000335 0.8660061 -3.57069e-6 -0.5000336 0.6428151 3.58594e-6 -0.7660214 0.6428107 3.57069e-6 -0.7660251 0.8660032 -3.58594e-6 -0.5000386 0.6428106 8.33295e-6 -0.7660252 0.6427547 9.44501e-6 -0.7660722 0.6427545 8.29361e-6 -0.7660723 0.3420495 1.77883e-6 -0.939682 0.8660249 0 -0.5000011 0.8660253 0 -0.5000003 0.8660075 0 -0.5000312 0.8660075 1.00341e-5 -0.5000312 0.6428171 0 -0.7660197 0.6428172 -1.00341e-5 -0.7660197 0.8660075 0 -0.5000312 0.6428171 0 -0.7660197 0.6427605 -4.30272e-6 -0.7660673 0.6427606 0 -0.7660673 0.342057 5.53951e-6 -0.9396793 3.19928e-5 0 -1 3.18885e-5 -1.02445e-5 -1 0.3419802 0 -0.9397072 0.34198 1.02464e-5 -0.9397073 3.20077e-5 0 -1 0.3419802 0 -0.9397072 0.342064 4.30272e-6 -0.9396767 0.3420637 0 -0.9396768 0.642766 -5.54137e-6 -0.7660626 -3.19928e-5 0 -1 -3.18885e-5 1.02445e-5 -1 -0.3419802 0 -0.9397072 -0.34198 -1.02464e-5 -0.9397073 -3.20077e-5 0 -1 -0.3419802 0 -0.9397072 -0.342064 -4.30272e-6 -0.9396767 -0.3420637 0 -0.9396768 -0.642766 5.54137e-6 -0.7660626 -0.8660032 0 -0.5000385 -0.8660033 -1.01589e-5 -0.5000384 -0.6428107 0 -0.7660251 -0.6428107 1.01589e-5 -0.7660251 -0.8660032 0 -0.5000385 -0.6428107 0 -0.7660251 -0.6427605 4.30272e-6 -0.7660673 -0.6427606 0 -0.7660673 -0.342057 -5.53951e-6 -0.9396793 -0.866026 0 -0.4999989 -0.8660256 0 -0.4999997 -0.8660103 8.33295e-6 -0.5000262 -0.8660103 3.65265e-6 -0.5000263 -0.6428216 -3.66872e-6 -0.7660159 -0.6428171 -3.65265e-6 -0.7660197 -0.8660073 3.66872e-6 -0.5000313 -0.6428171 -8.33295e-6 -0.7660198 -0.6427504 -9.38292e-6 -0.7660756 -0.6427503 -8.2936e-6 -0.7660758 -0.3420444 -1.92039e-6 -0.9396838 -4.24832e-5 -8.33294e-6 -1 -4.24087e-5 -3.70853e-6 -1 -0.34199 3.75151e-6 -0.9397037 -0.34199 3.70853e-6 -0.9397037 -4.24832e-5 -3.75151e-6 -1 -0.34199 8.33294e-6 -0.9397037 -0.3420518 9.38292e-6 -0.9396811 -0.3420519 8.29361e-6 -0.9396811 -0.6427565 1.91852e-6 -0.7660706 0 1 0 0 1 -8.50069e-6 0 1 -7.46612e-7 0 1 -3.96605e-5 0 1 2.05075e-5 0 1 -9.50831e-7 0 1 4.96457e-7 0 1 -4.95872e-5 0 1 1.30482e-5 0 1 -1.50732e-6 0 1 -6.82203e-6 0 1 -3.21146e-5 -1 -9.3619e-6 3.94136e-5 -1 1.10865e-5 3.94061e-5 -0.9238966 1.38874e-5 0.3826423 -0.9238963 -1.1079e-5 0.382643 -1 -1.38874e-5 4.01586e-5 -0.9238963 9.3619e-6 0.382643 -0.9238635 -9.3619e-6 0.3827221 -0.9238635 1.11237e-5 0.3827221 -0.7071364 1.37479e-5 0.7070772 -0.7071382 -1.11237e-5 0.7070753 -0.9238646 -1.3748e-5 0.3827197 -0.7071383 9.36189e-6 0.7070753 -0.7070775 -9.3619e-6 0.7071361 -0.7070775 1.10865e-5 0.7071361 -0.3827227 1.38874e-5 0.9238633 -0.3827223 -1.11014e-5 0.9238635 -0.7070772 -1.38875e-5 0.7071364 -0.3827223 9.3619e-6 0.9238635 -0.3826412 -9.36189e-6 0.9238972 -0.3826412 1.11833e-5 0.923897 -3.79533e-5 1.3748e-5 1 -4.36753e-5 -1.11908e-5 1 -0.3826465 -1.3748e-5 0.9238949 -4.37051e-5 9.36189e-6 1 1 0 0 -1 -9.3619e-6 3.95924e-5 -1 1.10418e-5 3.95849e-5 -0.9238965 1.38875e-5 0.3826426 -0.9238963 -1.10418e-5 0.3826431 -0.9238633 -9.3619e-6 0.3827227 -0.9238633 1.11386e-5 0.3827227 -0.707136 1.37479e-5 0.7070776 -0.7071382 -1.11312e-5 0.7070753 -0.7070775 1.10418e-5 0.7071361 -0.3827226 -1.10418e-5 0.9238634 -0.7070775 -1.38875e-5 0.7071361 -0.3827227 9.3619e-6 0.9238633 -0.3826432 -9.3619e-6 0.9238962 -0.3826432 1.11386e-5 0.9238962 -4.03523e-5 -8.34906e-5 1 -4.08962e-5 -1.11461e-5 1 -0.3826438 -1.37479e-5 0.9238961 -4.09037e-5 9.3619e-6 1 -1 -9.3619e-6 4.06802e-5 -1 2.36053e-5 4.071e-5 -0.9238961 -7.87612e-6 0.3826436 -0.923896 -2.36053e-5 0.3826439 -1 7.87612e-6 4.11719e-5 -0.9238959 9.3619e-6 0.3826439 -0.9238643 -9.3619e-6 0.3827201 -0.9238643 2.35625e-5 0.3827202 -0.707138 -7.78311e-6 0.7070756 -0.7071382 -2.35625e-5 0.7070754 -0.9238644 7.78311e-6 0.3827199 -0.7071382 9.3619e-6 0.7070754 -0.7070757 -9.3619e-6 0.7071379 -0.7070757 2.36202e-5 0.7071379 -0.3827204 -7.87612e-6 0.9238643 -0.3827189 -2.36193e-5 0.923865 -0.7070745 7.87612e-6 0.707139 -0.3827188 9.3619e-6 0.923865 -0.3826457 -9.3619e-6 0.9238952 -0.3826457 2.361e-5 0.9238952 -4.30047e-5 -7.87612e-6 1 -4.29302e-5 -2.361e-5 1 -0.3826456 7.87612e-6 0.9238952 -4.29451e-5 9.3619e-6 1 -1 -9.3619e-6 4.07547e-5 -1 -6.09923e-6 4.07696e-5 -0.9238961 -7.22507e-6 0.3826436 -0.923896 6.09783e-6 0.3826439 -1 7.22507e-6 4.11272e-5 -0.923896 9.3619e-6 0.3826439 -0.923864 -9.3619e-6 0.3827212 -0.923864 -6.11786e-6 0.3827211 -0.7071372 -7.22507e-6 0.7070764 -0.7071386 6.11786e-6 0.7070749 -0.9238647 7.22507e-6 0.3827193 -0.7071387 9.3619e-6 0.7070749 -0.7070767 -9.3619e-6 0.707137 -0.7070766 -6.09225e-6 0.707137 -0.3827216 -7.22507e-6 0.9238638 -0.3827188 6.09225e-6 0.923865 -0.7070744 7.22507e-6 0.7071391 -0.3827187 9.3619e-6 0.923865 -0.3826423 -9.36189e-6 0.9238966 -0.3826425 -6.09551e-6 0.9238966 -3.92795e-5 -7.22508e-6 1 -4.63277e-5 6.09644e-6 1 -0.3826489 7.22508e-6 0.9238938 -4.65363e-5 9.36189e-6 1 -4.33177e-5 9.3619e-6 1 -4.33028e-5 4.67338e-6 1 -0.382646 1.42006e-5 0.9238951 -0.382644 -4.67151e-6 0.9238959 -4.11719e-5 -1.42006e-5 1 -0.3826439 -9.3619e-6 0.9238959 -0.3827189 9.3619e-6 0.9238649 -0.382719 4.6622e-6 0.9238649 -0.7070747 1.42006e-5 0.7071389 -0.7070761 -4.66034e-6 0.7071375 -0.3827208 -1.42006e-5 0.9238641 -0.7070761 -9.3619e-6 0.7071375 -0.7071384 9.3619e-6 0.7070752 -0.7071384 4.63426e-6 0.7070752 -0.9238646 1.42006e-5 0.3827197 -0.923864 -4.63426e-6 0.3827209 -0.7071374 -1.42006e-5 0.7070763 -0.9238641 -9.3619e-6 0.382721 -0.9238961 9.3619e-6 0.3826435 -0.9238961 4.6771e-6 0.3826435 -1 1.42006e-5 4.06206e-5 -1 -4.67524e-6 4.10676e-5 -0.9238959 -1.42006e-5 0.3826439 -1 -9.3619e-6 4.10825e-5 0 -1 0 0 1 -4.33225e-6 0 1 -2.16734e-6 0 1 -1.08316e-6 -1 0 0 0 1 1.08306e-6 0 1 1.08367e-6 0 1 5.4158e-7 9.3619e-6 3.96222e-5 1 -1.3195e-5 3.96371e-5 1 7.40968e-5 0.3826425 0.9238966 1.3195e-5 0.3826449 0.9238955 -1.01083e-5 4.22299e-5 1 -9.3619e-6 0.3826449 0.9238955 -1.3355e-5 0.3827258 0.923862 -9.31772e-6 0.3827259 0.923862 -1.5229e-5 0.70708 0.7071337 1.52364e-5 0.3827268 0.9238616 1.3355e-5 0.7070806 0.7071331 9.31773e-6 0.7070806 0.7071329 -1.3355e-5 0.7071311 0.7070825 -9.31773e-6 0.707131 0.7070826 -1.52439e-5 0.9238605 0.3827294 1.52364e-5 0.7071377 0.707076 1.3355e-5 0.9238641 0.3827208 9.31773e-6 0.9238641 0.3827208 9.3619e-6 0.9238954 0.3826453 -1.3195e-5 0.9238954 0.3826452 7.40968e-5 1 4.26024e-5 1.3195e-5 1 4.2513e-5 -1.01083e-5 0.9238954 0.3826453 -9.36189e-6 1 4.25577e-5 0 1 5.97537e-5 5.13345e-6 1 5.99325e-5 0 0.8660516 0.4999548 -5.11855e-6 0.8660548 0.4999493 0 1 5.34505e-5 0 0.8660547 0.4999493 0 0.8659976 0.5000483 5.31226e-6 0.8659975 0.5000483 0 0.5000486 0.8659973 -5.30481e-6 0.5000527 0.8659951 0 0.8659998 0.5000444 0 0.5000526 0.8659951 0 0.4999492 0.8660548 5.10365e-6 0.4999492 0.8660548 0 5.3212e-5 1 -5.08875e-6 5.48512e-5 1 0 0.4999505 0.866054 0 5.48363e-5 1 0 0 1 -1.33782e-5 0.3827234 0.923863 -9.31772e-6 0.3827234 0.923863 -1.51843e-5 0.7070781 0.7071356 1.51843e-5 0.3827244 0.9238627 1.33782e-5 0.7070787 0.7071349 9.31772e-6 0.7070787 0.7071349 -1.31801e-5 0.9238954 0.3826453 7.41898e-5 1 4.26471e-5 1.31875e-5 1 4.12539e-5 -1.02013e-5 0.9238958 0.3826441 -9.3619e-6 1 4.12911e-5 -9.36192e-6 1 3.32296e-5 -9.7088e-6 1 3.36915e-5 8.40003e-6 0.9238989 0.3826367 9.70904e-6 0.9238923 0.3826527 -8.40003e-6 1 5.12302e-5 9.36193e-6 0.923892 0.3826532 -9.3619e-6 0.9238643 0.3827205 -9.71486e-6 0.9238643 0.3827205 8.40005e-6 0.7071378 0.7070758 9.71486e-6 0.7071378 0.7070758 -8.40005e-6 0.9238643 0.3827205 9.3619e-6 0.7071378 0.7070758 -9.3619e-6 0.7070754 0.7071382 -9.70881e-6 0.7070754 0.7071383 8.40005e-6 0.3827199 0.9238645 9.70881e-6 0.3827199 0.9238646 -8.40006e-6 0.7070754 0.7071382 9.3619e-6 0.3827199 0.9238645 -9.3619e-6 0.3826475 0.9238945 -9.70718e-6 0.3826475 0.9238945 8.40005e-6 4.49866e-5 1 9.70741e-6 4.32432e-5 1 -8.40005e-6 0.3826459 0.9238952 9.3619e-6 4.31538e-5 1 0 1 4.91738e-5 2.43057e-5 1 4.85033e-5 0 0.8660568 0.4999458 -2.42405e-5 0.8660487 0.4999599 0 1 6.4835e-5 0 0.8660489 0.4999594 0 0.8660013 0.5000417 2.42442e-5 0.8660016 0.5000414 0 0.5000551 0.8659936 -2.42442e-5 0.5000448 0.8659996 0 0.8659955 0.5000517 0 0.5000451 0.8659994 0 0.49995 0.8660543 2.42312e-5 0.4999499 0.8660543 0 5.4121e-5 1 -2.42312e-5 5.43594e-5 1 0 0.4999502 0.8660542 0 5.43147e-5 1 -3.6169e-6 0 1 9.3619e-6 4.14401e-5 1 1.23866e-7 4.14848e-5 1 5.82997e-6 0.3826442 0.9238958 -1.23866e-7 0.3826465 0.9238948 -5.82997e-6 4.39882e-5 1 -9.3619e-6 0.3826466 0.9238948 9.36189e-6 0.3827215 0.9238638 0 0.3827214 0.9238638 5.82997e-6 0.7070766 0.707137 0 0.707074 0.7071396 -5.82997e-6 0.382718 0.9238653 -9.36189e-6 0.7070739 0.7071396 9.3619e-6 0.7071381 0.7070755 1.63913e-7 0.7071381 0.7070755 5.82997e-6 0.9238644 0.3827201 -1.63913e-7 0.9238644 0.3827199 -5.82997e-6 0.7071382 0.7070754 -9.3619e-6 0.9238644 0.3827199 9.36191e-6 0.9238944 0.3826475 1.27591e-7 0.9238945 0.3826473 5.82996e-6 1 4.5076e-5 -1.2666e-7 1 3.85493e-5 -5.82997e-6 0.923897 0.3826415 -9.36191e-6 1 3.84152e-5 4.25577e-5 -9.36189e-6 1 4.2513e-5 1.3195e-5 1 0.3826453 -1.01083e-5 0.9238954 0.3826457 -1.3195e-5 0.9238951 4.32432e-5 1.01083e-5 1 0.3826459 9.3619e-6 0.9238952 0.3827226 1.3355e-5 0.9238634 0.3827225 9.31773e-6 0.9238635 0.7070773 1.52215e-5 0.7071363 0.3827259 -1.52364e-5 0.923862 0.7070799 -1.3355e-5 0.7071337 0.7070799 -9.31772e-6 0.7071337 0.7071321 1.3355e-5 0.7070816 0.707132 9.31773e-6 0.7070816 0.923861 1.5229e-5 0.3827281 0.7071357 -1.5229e-5 0.707078 0.923863 -1.3355e-5 0.3827233 0.923863 -9.31773e-6 0.3827233 0.9238955 -9.3619e-6 0.3826449 0.9238955 1.3195e-5 0.3826449 1 -1.01083e-5 4.22299e-5 1 -1.3195e-5 3.96371e-5 0.9238966 7.40968e-5 0.3826425 1 9.3619e-6 3.96222e-5 1 0 6.0156e-5 1 -5.26011e-6 6.01709e-5 0.8660513 0 0.4999552 0.8660513 5.26011e-6 0.4999552 1 0 6.0156e-5 0.8660513 0 0.4999552 0.8660001 0 0.5000441 0.8660001 -4.99934e-6 0.5000441 0.5000529 0 0.865995 0.5000529 4.99189e-6 0.8659949 0.8660001 0 0.5000441 0.5000529 0 0.865995 0.4999492 0 0.8660548 0.4999492 -5.10365e-6 0.8660548 5.3212e-5 0 1 5.31822e-5 5.10365e-6 1 0.4999492 0 0.8660548 5.31822e-5 0 1 0.3826429 -1.31875e-5 0.9238963 3.98904e-5 1.01083e-5 1 0.3826429 9.3619e-6 0.9238964 0.3827226 1.33782e-5 0.9238634 0.3827226 9.31772e-6 0.9238634 0.7070774 1.51843e-5 0.7071362 0.3827234 -1.51843e-5 0.923863 0.7070781 -1.33782e-5 0.7071356 0.7070781 -9.31772e-6 0.7071356 0.7071346 1.3355e-5 0.707079 0.7071346 9.31772e-6 0.707079 0.9238626 1.5229e-5 0.3827246 0.7071343 -1.52364e-5 0.7070793 0.9238624 -1.3355e-5 0.3827251 0.9238624 -9.31772e-6 0.3827251 0.9238963 -9.3619e-6 0.3826432 0.9238963 1.31875e-5 0.3826432 1 -1.02013e-5 4.02629e-5 1 -1.31875e-5 4.09186e-5 0.923896 1.02013e-5 0.3826438 1 9.3619e-6 4.09335e-5 1 9.3619e-6 3.95924e-5 1 4.67035e-6 3.96371e-5 0.9238966 6.53542e-5 0.3826425 0.9238954 -4.67012e-6 0.3826452 1 -6.53542e-5 4.26024e-5 0.9238954 -9.3619e-6 0.3826453 0.923865 9.3619e-6 0.3827189 0.9238649 4.68013e-6 0.3827189 0.707139 9.0387e-6 0.7070746 0.7071361 -4.68013e-6 0.7070775 0.9238632 -9.03869e-6 0.3827227 0.707136 -9.36191e-6 0.7070776 0.7070794 9.36192e-6 0.7071343 0.7070791 4.67035e-6 0.7071346 0.3827251 9.03868e-6 0.9238623 0.3827137 -4.66988e-6 0.9238671 0.7070704 -9.03869e-6 0.7071432 0.3827134 -9.36192e-6 0.9238672 0.3826512 9.36191e-6 0.9238929 0.382651 4.66779e-6 0.923893 4.8995e-5 9.03869e-6 1 4.16636e-5 -4.66779e-6 1 0.3826443 -9.03869e-6 0.9238958 4.15146e-5 -9.36191e-6 1 1 -3.79959e-7 4.48078e-5 1 -1.6164e-5 4.47929e-5 0.9168668 -1.31978e-5 0.3991934 0.9168725 2.83495e-6 0.3991804 1 1.78348e-5 5.03503e-5 0.8660498 -5.52926e-6 0.4999577 0.9168471 4.44893e-6 0.3992387 0.8660166 -1.01458e-5 0.5000152 0.6874076 -1.62944e-5 0.7262719 0.6873943 2.64938e-6 0.7262844 0.8660026 1.73119e-5 0.5000397 0.5000407 -1.51014e-5 0.866002 0.6873658 3.15718e-6 0.7263115 0.500029 -9.64966e-7 0.8660086 0.3596082 6.55651e-7 0.9331035 0.3595505 3.06615e-6 0.9331256 0.4999828 1.78115e-5 0.8660353 6.5133e-5 -2.18116e-6 1 0.3595308 9.71463e-6 0.9331333 2.97427e-5 1.17732e-5 1 2.98284e-5 -7.23451e-6 1 -1.43644e-6 0 1 -7.63864e-7 0 1 4.4927e-5 -9.36189e-6 1 4.48227e-5 -1.23866e-7 1 0.3826475 -5.82997e-6 0.9238945 0.3826444 1.22003e-7 0.9238957 4.15891e-5 5.82997e-6 1 0.3826444 9.3619e-6 0.9238957 0.3827181 -9.3619e-6 0.9238652 0.3827182 0 0.9238652 0.7070741 -6.27035e-5 0.7071396 0.707076 0 0.7071377 0.3827208 5.82997e-6 0.9238641 0.707076 9.3619e-6 0.7071376 0.7071381 -9.3619e-6 0.7070754 0.7071381 -1.62981e-7 0.7070754 0.9238644 -5.82997e-6 0.38272 0.9238644 1.62981e-7 0.3827202 0.707138 5.82997e-6 0.7070755 0.9238644 9.3619e-6 0.3827201 0.923896 -9.3619e-6 0.3826438 0.923896 -1.27591e-7 0.3826438 1 -5.82997e-6 4.10229e-5 1 1.27591e-7 4.09931e-5 0.923896 5.82997e-6 0.3826438 1 9.3619e-6 4.10229e-5 -9.3619e-6 -3.96222e-5 1 1.3195e-5 -3.96371e-5 1 -7.40968e-5 -0.3826425 0.9238966 -1.3195e-5 -0.3826449 0.9238955 1.01083e-5 -4.22299e-5 1 9.3619e-6 -0.3826449 0.9238955 1.33782e-5 -0.3827234 0.923863 9.31772e-6 -0.3827234 0.923863 1.51843e-5 -0.7070781 0.7071356 -1.51843e-5 -0.3827244 0.9238627 -1.33782e-5 -0.7070787 0.7071349 -9.31772e-6 -0.7070787 0.7071349 1.3355e-5 -0.7071311 0.7070825 9.31773e-6 -0.707131 0.7070826 1.52439e-5 -0.9238605 0.3827294 -1.52364e-5 -0.7071377 0.707076 -1.3355e-5 -0.9238641 0.3827208 -9.31773e-6 -0.9238641 0.3827208 -9.3619e-6 -0.9238954 0.3826453 1.31801e-5 -0.9238954 0.3826453 -7.41898e-5 -1 4.26471e-5 -1.31875e-5 -1 4.12539e-5 1.02013e-5 -0.9238958 0.3826441 9.3619e-6 -1 4.12911e-5 0 -1 5.97537e-5 -5.13345e-6 -1 5.99325e-5 0 -0.8660516 0.4999548 5.11855e-6 -0.8660548 0.4999493 0 -1 5.34505e-5 0 -0.8660547 0.4999493 0 -0.8659976 0.5000483 -5.31226e-6 -0.8659975 0.5000483 0 -0.5000486 0.8659973 5.30481e-6 -0.5000527 0.8659951 0 -0.8659998 0.5000444 0 -0.5000526 0.8659951 0 -0.4999492 0.8660548 -5.10365e-6 -0.4999492 0.8660548 0 -5.3212e-5 1 5.08875e-6 -5.48512e-5 1 0 -0.4999505 0.866054 0 -5.48363e-5 1 1.3355e-5 -0.3827258 0.923862 9.31772e-6 -0.3827259 0.923862 1.5229e-5 -0.70708 0.7071337 -1.52364e-5 -0.3827268 0.9238616 -1.3355e-5 -0.7070806 0.7071331 -9.31773e-6 -0.7070806 0.7071329 1.3195e-5 -0.9238954 0.3826452 -7.40968e-5 -1 4.26024e-5 -1.3195e-5 -1 4.2513e-5 1.01083e-5 -0.9238954 0.3826453 9.36189e-6 -1 4.25577e-5 -9.3619e-6 -4.14401e-5 1 -1.23866e-7 -4.14848e-5 1 -5.82997e-6 -0.3826442 0.9238958 1.23866e-7 -0.3826465 0.9238948 5.82997e-6 -4.39882e-5 1 9.3619e-6 -0.3826466 0.9238948 -9.36189e-6 -0.3827215 0.9238638 0 -0.3827214 0.9238638 -5.82997e-6 -0.7070766 0.707137 0 -0.707074 0.7071396 5.82997e-6 -0.382718 0.9238653 9.36189e-6 -0.7070739 0.7071396 -9.3619e-6 -0.7071381 0.7070755 -1.63913e-7 -0.7071381 0.7070755 -5.82997e-6 -0.9238644 0.3827201 1.63913e-7 -0.9238644 0.3827199 5.82997e-6 -0.7071382 0.7070754 9.3619e-6 -0.9238644 0.3827199 -9.36191e-6 -0.9238944 0.3826475 -1.27591e-7 -0.9238945 0.3826473 -5.82996e-6 -1 4.5076e-5 1.2666e-7 -1 3.85493e-5 5.82997e-6 -0.923897 0.3826415 9.36191e-6 -1 3.84152e-5 9.36192e-6 -1 3.32296e-5 9.7088e-6 -1 3.36915e-5 -8.40003e-6 -0.9238989 0.3826367 -9.70904e-6 -0.9238923 0.3826527 8.40003e-6 -1 5.12302e-5 -9.36193e-6 -0.923892 0.3826532 9.3619e-6 -0.9238643 0.3827205 9.71486e-6 -0.9238643 0.3827205 -8.40005e-6 -0.7071378 0.7070758 -9.71486e-6 -0.7071378 0.7070758 8.40005e-6 -0.9238643 0.3827205 -9.3619e-6 -0.7071378 0.7070758 9.3619e-6 -0.7070764 0.7071372 9.70694e-6 -0.7070763 0.7071373 -8.40005e-6 -0.3827212 0.9238639 -9.70694e-6 -0.3827211 0.923864 8.40006e-6 -0.7070764 0.7071372 -9.3619e-6 -0.3827212 0.9238639 9.3619e-6 -0.382646 0.9238951 9.70811e-6 -0.3826459 0.9238951 -8.40005e-6 -4.33028e-5 1 -9.70811e-6 -4.15742e-5 1 8.40005e-6 -0.3826443 0.9238958 -9.3619e-6 -4.15146e-5 1 1.43644e-6 0 1 7.63864e-7 0 1 0 -1 4.91738e-5 -2.43057e-5 -1 4.85033e-5 0 -0.8660568 0.4999458 2.42405e-5 -0.8660487 0.4999599 0 -1 6.4835e-5 0 -0.8660489 0.4999594 0 -0.8660013 0.5000417 -2.42442e-5 -0.8660016 0.5000414 0 -0.5000551 0.8659936 2.42442e-5 -0.5000448 0.8659996 0 -0.8659955 0.5000517 0 -0.5000451 0.8659994 0 -0.49995 0.8660543 -2.42312e-5 -0.4999499 0.8660543 0 -5.4121e-5 1 2.42312e-5 -5.43594e-5 1 0 -0.4999502 0.8660542 0 -5.43147e-5 1 1.28195e-5 -3.02494e-5 1 -1.01168e-5 -3.01898e-5 1 2.27988e-6 -0.3595312 0.9331331 4.45987e-7 -0.3595532 0.9331247 -3.81264e-4 -5.45233e-5 1 -8.35944e-6 -0.4999502 0.8660543 -6.42313e-6 -0.3596183 0.9330996 -3.08853e-6 -0.5000107 0.8660193 -1.30981e-5 -0.6873521 0.7263245 -6.30236e-7 -0.6873903 0.7262883 -4.51846e-4 -0.5000518 0.8659954 -3.69549e-6 -0.8659992 0.5000454 -1.00966e-5 -0.6874173 0.7262627 -8.27454e-6 -0.8660199 0.5000095 -3.81842e-6 -0.9168358 0.3992648 -1.04007e-5 -0.9168786 0.3991663 -3.0914e-4 -0.8660497 0.4999577 -9.3109e-6 -1 6.32405e-5 -1.48617e-5 -0.916873 0.3991791 9.7793e-6 -1 2.81036e-5 1.17347e-6 -1 2.91851e-5 -9.3619e-6 -4.30792e-5 1 0 -4.31389e-5 1 -5.82997e-6 -0.3826457 0.9238952 1.19209e-7 -0.3826481 0.9238942 5.82997e-6 -4.56423e-5 1 9.3619e-6 -0.3826481 0.9238942 -9.3619e-6 -0.3827201 0.9238644 -1.27591e-7 -0.3827201 0.9238644 -5.82997e-6 -0.7070755 0.707138 1.29454e-7 -0.7070731 0.7071405 6.27036e-5 -0.3827168 0.9238658 9.36189e-6 -0.707073 0.7071406 -4.25577e-5 9.36189e-6 1 -4.2513e-5 -1.3195e-5 1 -0.3826453 1.01083e-5 0.9238954 -0.3826457 1.3195e-5 0.9238951 -4.32432e-5 -1.01083e-5 1 -0.3826459 -9.3619e-6 0.9238952 -0.3827226 -1.3355e-5 0.9238634 -0.3827225 -9.31773e-6 0.9238635 -0.7070773 -1.52215e-5 0.7071363 -0.3827259 1.52364e-5 0.923862 -0.7070799 1.3355e-5 0.7071337 -0.7070799 9.31772e-6 0.7071337 -0.7071321 -1.3355e-5 0.7070816 -0.707132 -9.31773e-6 0.7070816 -0.923861 -1.5229e-5 0.3827281 -0.7071357 1.5229e-5 0.707078 -0.923863 1.3355e-5 0.3827233 -0.923863 9.31773e-6 0.3827233 -0.9238955 9.3619e-6 0.3826449 -0.9238955 -1.3195e-5 0.3826449 -1 1.01083e-5 4.22299e-5 -1 1.3195e-5 3.96371e-5 -0.9238966 -7.40968e-5 0.3826425 -1 -9.3619e-6 3.96222e-5 -0.3826429 1.31875e-5 0.9238963 -3.98904e-5 -1.01083e-5 1 -0.3826429 -9.3619e-6 0.9238964 -0.3827226 -1.33782e-5 0.9238634 -0.3827226 -9.31772e-6 0.9238634 -0.7070774 -1.51843e-5 0.7071362 -0.3827234 1.51843e-5 0.923863 -0.7070781 1.33782e-5 0.7071356 -0.7070781 9.31772e-6 0.7071356 -0.7071346 -1.3355e-5 0.707079 -0.7071346 -9.31772e-6 0.707079 -0.9238626 -1.5229e-5 0.3827246 -0.7071343 1.52364e-5 0.7070793 -0.9238624 1.3355e-5 0.3827251 -0.9238624 9.31772e-6 0.3827251 -0.9238963 9.3619e-6 0.3826432 -0.9238963 -1.31875e-5 0.3826432 -1 1.02013e-5 4.02629e-5 -1 1.31875e-5 4.09186e-5 -0.923896 -1.02013e-5 0.3826438 -1 -9.3619e-6 4.09335e-5 -1 0 6.0156e-5 -1 5.26011e-6 6.01709e-5 -0.8660513 0 0.4999552 -0.8660513 -5.26011e-6 0.4999552 -1 0 6.0156e-5 -0.8660513 0 0.4999552 -0.8660001 0 0.5000441 -0.8660001 4.99934e-6 0.5000441 -0.5000529 0 0.865995 -0.5000529 -4.99189e-6 0.8659949 -0.8660001 0 0.5000441 -0.5000529 0 0.865995 -0.4999492 0 0.8660548 -0.4999492 5.10365e-6 0.8660548 -5.3212e-5 0 1 -5.31822e-5 -5.10365e-6 1 -0.4999492 0 0.8660548 -5.31822e-5 0 1 -1 -9.3619e-6 3.95924e-5 -1 -4.67035e-6 3.96371e-5 -0.9238966 -6.53542e-5 0.3826425 -0.9238954 4.67012e-6 0.3826452 -1 6.53542e-5 4.26024e-5 -0.9238954 9.3619e-6 0.3826453 -0.923865 -9.3619e-6 0.3827189 -0.9238649 -4.68013e-6 0.3827189 -0.707139 -9.0387e-6 0.7070746 -0.7071361 4.68013e-6 0.7070775 -0.9238632 9.03869e-6 0.3827227 -0.707136 9.36191e-6 0.7070776 -0.7070794 -9.36192e-6 0.7071343 -0.7070791 -4.67035e-6 0.7071346 -0.3827251 -9.03868e-6 0.9238623 -0.3827137 4.66988e-6 0.9238671 -0.7070704 9.03869e-6 0.7071432 -0.3827134 9.36192e-6 0.9238672 -0.3826512 -9.36191e-6 0.9238929 -0.382651 -4.66779e-6 0.923893 -4.8995e-5 -9.03869e-6 1 -4.16636e-5 4.66779e-6 1 -0.3826443 9.03869e-6 0.9238958 -4.15146e-5 9.36191e-6 1 -4.48525e-5 9.3619e-6 1 -4.48227e-5 0 1 -0.3826473 5.82997e-6 0.9238945 -0.3826473 -1.19209e-7 0.9238945 -4.48376e-5 -5.82997e-6 1 -0.3826473 -9.3619e-6 0.9238945 -0.382713 9.36192e-6 0.9238674 -0.3827133 1.27591e-7 0.9238672 -0.7070701 6.27035e-5 0.7071435 -0.7070779 -1.27591e-7 0.7071357 -0.3827235 -5.82996e-6 0.923863 -0.7070782 -9.36191e-6 0.7071355 -0.7071381 9.3619e-6 0.7070754 -0.7071381 1.62981e-7 0.7070754 -0.9238644 5.82997e-6 0.38272 -0.9238644 -1.62981e-7 0.3827202 -0.707138 -5.82997e-6 0.7070755 -0.9238644 -9.3619e-6 0.3827201 -0.9238955 9.3619e-6 0.382645 -0.9238955 1.2666e-7 0.382645 -1 5.82997e-6 4.23044e-5 -1 -1.27591e-7 3.97265e-5 -0.9238966 -5.82997e-6 0.3826426 -1 -9.3619e-6 3.96818e-5 -4.4927e-5 9.36189e-6 1 -4.48227e-5 1.23866e-7 1 -0.3826475 5.82997e-6 0.9238945 -0.3826444 -1.22003e-7 0.9238957 -4.15891e-5 -5.82997e-6 1 -0.3826444 -9.3619e-6 0.9238957 -0.3827181 9.3619e-6 0.9238652 -0.3827182 0 0.9238652 -0.7070741 6.27035e-5 0.7071396 -0.707076 0 0.7071377 -0.3827208 -5.82997e-6 0.9238641 -0.707076 -9.3619e-6 0.7071376 -0.923896 9.3619e-6 0.3826438 -0.923896 1.27591e-7 0.3826438 -1 5.82997e-6 4.10229e-5 -1 -1.27591e-7 4.09931e-5 -0.923896 -5.82997e-6 0.3826438 -1 -9.3619e-6 4.10229e-5 -1 3.79959e-7 4.48078e-5 -1 1.6164e-5 4.47929e-5 -0.9168668 1.31978e-5 0.3991934 -0.9168725 -2.83495e-6 0.3991804 -1 -1.78348e-5 5.03503e-5 -0.8660498 5.52926e-6 0.4999577 -0.9168471 -4.44893e-6 0.3992387 -0.8660166 1.01458e-5 0.5000152 -0.6874076 1.62944e-5 0.7262719 -0.6873943 -2.64938e-6 0.7262844 -0.8660026 -1.73119e-5 0.5000397 -0.5000407 1.51014e-5 0.866002 -0.6873658 -3.15718e-6 0.7263115 -0.500029 9.64966e-7 0.8660086 -0.3596082 -6.55651e-7 0.9331035 -0.3595505 -3.06615e-6 0.9331256 -0.4999828 -1.78115e-5 0.8660353 -6.5133e-5 2.18116e-6 1 -0.3595308 -9.71463e-6 0.9331333 -2.97427e-5 -1.17732e-5 1 -2.98284e-5 7.23451e-6 1 1 5.31643e-6 0 1 5.31636e-6 0 1 1.84916e-5 0 1 -5.31645e-6 0 1 8.13802e-6 0 1 -6.26002e-6 0 1 9.24573e-6 0 1 -1.0633e-5 0 -1 -9.24582e-6 0 -1 2.12655e-5 0 -1 1.84918e-5 0 -1 -2.12657e-5 0 -1 -4.06901e-6 0 -1 1.8492e-5 0 -1 -5.31643e-6 0 -1 -5.31636e-6 0 -1 -1.84916e-5 0 -1 5.31645e-6 0 -1 -8.13802e-6 0 -1 6.26002e-6 0 -1 -9.24573e-6 0 -1 1.0633e-5 0 1 9.24582e-6 0 1 -2.12655e-5 0 1 -1.84918e-5 0 1 2.12657e-5 0 1 4.06901e-6 0 1 -1.8492e-5 0 4.48525e-5 -9.3619e-6 1 4.48227e-5 0 1 0.3826473 -5.82997e-6 0.9238945 0.3826473 1.19209e-7 0.9238945 4.48376e-5 5.82997e-6 1 0.3826473 9.3619e-6 0.9238945 0.382713 -9.36192e-6 0.9238674 0.3827133 -1.27591e-7 0.9238672 0.7070701 -6.27035e-5 0.7071435 0.7070779 1.27591e-7 0.7071357 0.3827235 5.82996e-6 0.923863 0.7070782 9.36191e-6 0.7071355 0.9238955 -9.3619e-6 0.382645 0.9238955 -1.2666e-7 0.382645 1 -5.82997e-6 4.23044e-5 1 1.27591e-7 3.97265e-5 0.9238966 5.82997e-6 0.3826426 1 9.3619e-6 3.96818e-5 1 -6.83832e-6 0 1 1.15317e-6 0 1 1.74103e-6 0 1 -1.3088e-6 0 1 -7.55406e-7 0 1 7.39503e-6 0 9.3619e-6 4.30792e-5 1 0 4.31389e-5 1 5.82997e-6 0.3826457 0.9238952 -1.19209e-7 0.3826481 0.9238942 -5.82997e-6 4.56423e-5 1 -9.3619e-6 0.3826481 0.9238942 9.3619e-6 0.3827201 0.9238644 1.27591e-7 0.3827201 0.9238644 5.82997e-6 0.7070755 0.707138 -1.29454e-7 0.7070731 0.7071405 -6.27036e-5 0.3827168 0.9238658 -9.36189e-6 0.707073 0.7071406 -1 4.56259e-6 0 -1 -3.16434e-6 0 -1.76115e-6 0 -1 1.76115e-6 0 -1 0 0 -1 0 0 -1 0 0 -1 0 0 -1 0 0 -1 0 0 -1 -5.25415e-5 0 1 -5.24074e-5 -1.5093e-5 1 -0.4999487 0 0.8660551 -0.4999514 1.50928e-5 0.8660535 -5.55813e-5 0 1 -0.4999513 0 0.8660536 -0.5000494 0 0.865997 -0.5000493 -1.50953e-5 0.865997 -0.865998 0 0.5000475 -0.8659992 1.50956e-5 0.5000454 -0.5000514 0 0.8659958 -0.8659992 0 0.5000455 -0.8660528 0 0.4999526 -0.8660528 -1.50951e-5 0.4999526 -1 0 5.70715e-5 -1 1.50951e-5 5.70864e-5 -0.8660528 0 0.4999526 -1 0 5.70715e-5 -0.4999489 0.8660549 1.23382e-5 -5.81145e-7 1 5.70118e-5 -0.3313761 0.8001259 0.4999885 -0.3314212 0.8001274 0.4999562 -2.69264e-5 1 2.93618e-5 -1.11284e-5 0.8660493 0.4999587 -0.3313996 0.8000941 0.500024 -1.54376e-5 0.8660132 0.5000211 -1.69873e-6 0.5000281 0.8660092 -0.3314035 0.8000885 0.5000303 -2.75672e-7 0.5000243 0.8660115 -0.1913303 0.4619618 0.8660163 -0.1913067 0.4619035 0.8660525 -2.82153e-5 0.4999538 0.866052 -3.1054e-5 5.2765e-5 1 -0.1913145 0.461895 0.8660554 6.97002e-6 5.75781e-5 1 -1.86265e-7 5.67492e-5 1 -0.1913532 0.4618846 0.8660524 -5.12898e-5 3.57702e-5 1 -0.3535101 0.353532 0.8660519 -0.353513 0.3535225 0.8660545 -1.86563e-5 5.58943e-5 1 -2.43783e-5 5.16549e-5 1 -0.3535375 0.3534991 0.8660541 -5.5775e-5 1.33542e-5 1 -0.4618864 0.1913385 0.8660547 -0.4618896 0.1913288 0.866055 -3.61353e-5 4.61638e-5 1 -4.07584e-5 4.05088e-5 1 -0.4619123 0.1912958 0.8660502 -6.4835e-5 -8.82894e-6 1 -0.4999573 1.70767e-5 0.8660501 -0.4999453 7.25687e-6 0.866057 -4.68045e-5 2.71164e-5 1 -4.8805e-5 1.98893e-5 1 -0.5000213 1.56611e-5 0.8660131 -0.8660113 6.10948e-7 0.5000247 -0.4619687 0.1913473 0.8660088 -0.4619629 0.1913071 0.8660207 -0.8660116 1.39102e-5 0.500024 -0.8000966 0.3313981 0.5000208 -0.4619489 0.1913689 0.8660145 -0.8000859 0.3314135 0.5000278 -0.3535716 0.353574 0.8660097 -0.3535922 0.3535282 0.8660199 -0.8000881 0.331417 0.5000216 -0.612376 0.6123529 0.5000197 -0.3535499 0.3535758 0.8660177 -0.6123571 0.6123611 0.5000326 -0.1913503 0.461959 0.8660133 -0.1913537 0.4619656 0.866009 -0.6123557 0.6123706 0.500023 -0.3314231 0.8000862 0.5000211 -0.8660445 2.63304e-5 0.499967 -1 2.60919e-5 3.62545e-5 -0.8001253 0.3313902 0.4999801 -0.8001273 0.3313924 0.4999755 -1 3.62042e-5 2.19345e-5 -0.8660511 0.4999557 2.24411e-5 -0.8001014 0.331443 0.4999836 -0.8660219 0.5000062 3.61055e-5 -0.6123893 0.6123762 0.4999749 -0.612383 0.6123866 0.4999698 -0.8660256 0.4999998 2.18451e-5 -0.500002 0.8660244 1.57952e-5 -0.6123682 0.6123921 0.4999813 -0.5000082 0.8660207 3.64315e-5 -0.3314194 0.8001224 0.4999653 -1.28195e-5 3.02494e-5 1 1.01168e-5 3.01898e-5 1 -2.27988e-6 0.3595312 0.9331331 -4.45987e-7 0.3595532 0.9331247 3.81264e-4 5.45233e-5 1 8.35944e-6 0.4999502 0.8660543 6.42313e-6 0.3596183 0.9330996 3.08853e-6 0.5000107 0.8660193 1.30981e-5 0.6873521 0.7263245 6.30236e-7 0.6873903 0.7262883 4.51846e-4 0.5000518 0.8659954 3.69549e-6 0.8659992 0.5000454 1.00966e-5 0.6874173 0.7262627 8.27454e-6 0.8660199 0.5000095 3.81842e-6 0.9168358 0.3992648 1.04007e-5 0.9168786 0.3991663 3.0914e-4 0.8660497 0.4999577 9.3109e-6 1 6.32405e-5 1.48617e-5 0.916873 0.3991791 -9.7793e-6 1 2.81036e-5 -1.17347e-6 1 2.91851e-5 -0.6548934 0.7557214 -1.80211e-5 -0.8660005 0.5000433 8.24221e-6 -0.817595 0.5757937 -7.9982e-6 -0.8176403 0.5757293 -1.42865e-5 -0.8660391 0.4999764 8.94885e-6 -0.9100924 0.4144056 5.64009e-6 -0.8176413 0.5757279 -2.07052e-5 -0.9100971 0.4143953 -8.56537e-6 -0.9417411 0.3363388 -1.84216e-6 -0.8176402 0.5757297 6.51926e-7 -0.941726 0.3363811 1.33095e-5 -0.965085 0.2619369 1.43731e-5 -0.9650894 0.2619208 -5.37327e-6 -0.9417489 0.336317 3.23541e-6 -0.9594959 0.281723 2.0552e-6 -0.9650985 0.2618876 -6.78672e-7 -0.9595088 0.2816785 -3.29223e-7 -0.9650985 0.2618876 -3.4005e-7 -0.8175989 0.5757881 1.92225e-6 -0.5718612 0.8203504 5.30481e-6 -0.654866 0.7557451 1.91107e-6 -0.6548414 0.7557663 5.41657e-6 -0.5718033 0.8203909 -3.119e-6 -0.3716872 0.9283581 -1.35452e-5 -0.3716908 0.9283567 1.30162e-5 -0.5718169 0.8203812 -1.90921e-6 -0.257339 0.9663212 -7.95163e-6 -0.3716298 0.9283811 -8.49739e-6 -0.2572564 0.9663432 -1.29426e-5 -0.04761397 0.9988659 -8.22544e-6 -0.04760992 0.9988661 1.5771e-5 -0.2572609 0.966342 9.29087e-6 0.08819943 0.9961029 2.95229e-6 -0.04756379 0.9988682 1.29119e-5 0.08822232 0.9961009 -2.03028e-6 0.2817157 0.9594979 4.32134e-6 0.2817158 0.9594979 1.17524e-5 0.08825284 0.9960982 5.126e-6 0.4230691 0.9060974 5.7891e-6 0.2817498 0.9594879 1.34371e-5 0.4231162 0.9060755 -1.83822e-5 0.5800416 0.8145869 1.61864e-6 0.5800482 0.8145822 2.87499e-5 0.4231183 0.9060744 1.99862e-5 0.7070895 0.7071241 -1.20625e-5 0.580083 0.8145574 1.1012e-5 0.7071056 0.707108 -1.10519e-6 0.8145552 0.5800861 -1.34762e-5 0.8145817 0.580049 3.11027e-5 0.7071237 0.70709 1.46702e-5 0.9060744 0.4231187 -2.98396e-6 0.8145875 0.5800409 2.05636e-6 0.9060771 0.4231127 -1.83186e-5 0.9594891 0.2817462 -1.01216e-5 0.9594975 0.2817174 8.12206e-6 0.9060966 0.423071 3.87989e-6 0.996098 0.0882548 5.32344e-6 0.9594987 0.2817134 3.75509e-6 0.996101 0.08822029 1.41794e-6 0.9988703 -0.04752147 -1.66316e-5 0.998866 -0.0476101 1.42669e-5 0.9961029 0.08819979 4.89689e-6 0.9663428 -0.2572584 -1.29528e-5 0.9988657 -0.04761707 -1.07624e-5 0.9663425 -0.2572593 -9.62895e-6 0.9283797 -0.3716333 -1.04103e-5 0.9283573 -0.371689 1.40024e-5 0.966322 -0.2573361 -1.74716e-6 0.8203822 -0.5718155 5.76675e-6 0.9283587 -0.3716857 8.57189e-6 0.8203915 -0.5718024 -1.03209e-5 0.7557685 -0.654839 2.23983e-6 0.7557449 -0.6548662 1.55065e-6 0.8203507 -0.5718608 1.2001e-5 0.5757877 -0.8175992 9.34303e-6 0.7557176 -0.6548976 1.21444e-6 0.5757909 -0.817597 -6.11506e-6 0.5000393 -0.8660028 1.72295e-6 0.4999834 -0.8660351 6.82753e-6 0.5757385 -0.8176339 9.76771e-6 0.4144145 -0.9100883 6.27525e-6 0.4143903 -0.9100993 2.04274e-6 0.5757443 -0.8176299 1.74567e-5 0.261919 -0.9650899 -7.26432e-7 0.4143925 -0.9100984 -2.08383e-6 0.2619234 -0.9650887 6.20354e-6 0.33635 -0.9417372 9.36911e-7 0.3363414 -0.9417402 -3.00352e-7 0.2618999 -0.9650951 -6.91507e-7 0.2817026 -0.9595018 -6.87316e-7 0.2816969 -0.9595035 1.17251e-6 0.261906 -0.9650934 -5.79467e-7 0.261906 -0.9650934 2.7474e-7 -5.5179e-5 1 -1.24201e-5 -5.51641e-5 1 -2.28509e-5 -0.499951 0.8660538 1.34268e-5 -0.499951 0.8660538 2.28509e-5 -5.5179e-5 1 -1.34268e-5 -0.499951 0.8660538 1.24201e-5 -0.5000542 0.8659942 -1.24201e-5 -0.5000538 0.8659943 -2.28882e-5 -0.8660008 0.5000426 1.33651e-5 -0.8659963 0.5000507 2.28807e-5 -0.5000461 0.8659989 1.06322e-4 -0.8659961 0.5000509 1.24201e-5 -0.8660554 0.499948 -1.24201e-5 -0.8660553 0.4999482 -2.28584e-5 -1 5.17666e-5 1.34268e-5 -1 6.33448e-5 2.28584e-5 -0.8660494 0.4999586 -1.34268e-5 -1 6.3777e-5 1.24201e-5 5.25415e-5 0 1 5.24074e-5 1.5093e-5 1 0.4999487 0 0.8660551 0.4999514 -1.50928e-5 0.8660535 5.55813e-5 0 1 0.4999513 0 0.8660536 0.5000494 0 0.865997 0.5000493 1.50953e-5 0.865997 0.865998 0 0.5000475 0.8659992 -1.50956e-5 0.5000454 0.5000514 0 0.8659958 0.8659992 0 0.5000455 0.8660528 0 0.4999526 0.8660528 1.50951e-5 0.4999526 1 0 5.70715e-5 1 -1.50951e-5 5.70864e-5 0.8660528 0 0.4999526 1 0 5.70715e-5 0.4999489 -0.8660549 1.23382e-5 5.81145e-7 -1 5.70118e-5 0.3313761 -0.8001259 0.4999885 0.3314212 -0.8001274 0.4999562 2.69264e-5 -1 2.93618e-5 1.11284e-5 -0.8660493 0.4999587 0.3313996 -0.8000941 0.500024 1.54376e-5 -0.8660132 0.5000211 1.69873e-6 -0.5000281 0.8660092 0.3314035 -0.8000885 0.5000303 2.75672e-7 -0.5000243 0.8660115 0.1913303 -0.4619618 0.8660163 0.1913067 -0.4619035 0.8660525 2.82153e-5 -0.4999538 0.866052 3.1054e-5 -5.2765e-5 1 0.1913145 -0.461895 0.8660554 -6.97002e-6 -5.75781e-5 1 1.86265e-7 -5.67492e-5 1 0.1913532 -0.4618846 0.8660524 5.12898e-5 -3.57702e-5 1 0.3535101 -0.353532 0.8660519 0.353513 -0.3535225 0.8660545 1.86563e-5 -5.58943e-5 1 2.43783e-5 -5.16549e-5 1 0.3535375 -0.3534991 0.8660541 5.5775e-5 -1.33542e-5 1 0.4618864 -0.1913385 0.8660547 0.4618896 -0.1913288 0.866055 3.61353e-5 -4.61638e-5 1 4.07584e-5 -4.05088e-5 1 0.4619123 -0.1912958 0.8660502 6.4835e-5 8.82894e-6 1 0.4999573 -1.70767e-5 0.8660501 0.4999453 -7.25687e-6 0.866057 4.68045e-5 -2.71164e-5 1 4.8805e-5 -1.98893e-5 1 0.5000213 -1.56611e-5 0.8660131 0.8660113 -6.10948e-7 0.5000247 0.4619687 -0.1913473 0.8660088 0.4619629 -0.1913071 0.8660207 0.8660116 -1.39102e-5 0.500024 0.8000966 -0.3313981 0.5000208 0.4619489 -0.1913689 0.8660145 0.8000859 -0.3314135 0.5000278 0.3535716 -0.353574 0.8660097 0.3535922 -0.3535282 0.8660199 0.8000881 -0.331417 0.5000216 0.612376 -0.6123529 0.5000197 0.3535499 -0.3535758 0.8660177 0.6123571 -0.6123611 0.5000326 0.1913503 -0.461959 0.8660133 0.1913537 -0.4619656 0.866009 0.6123557 -0.6123706 0.500023 0.3314231 -0.8000862 0.5000211 0.8660445 -2.63304e-5 0.499967 1 -2.60919e-5 3.62545e-5 0.8001253 -0.3313902 0.4999801 0.8001273 -0.3313924 0.4999755 1 -3.62042e-5 2.19345e-5 0.8660511 -0.4999557 2.24411e-5 0.8001014 -0.331443 0.4999836 0.8660219 -0.5000062 3.61055e-5 0.6123893 -0.6123762 0.4999749 0.612383 -0.6123866 0.4999698 0.8660256 -0.4999998 2.18451e-5 0.500002 -0.8660244 1.57952e-5 0.6123682 -0.6123921 0.4999813 0.5000082 -0.8660207 3.64315e-5 0.3314194 -0.8001224 0.4999653 -0.261906 0.9650934 2.7474e-7 -0.2816969 0.9595035 1.17251e-6 -0.261906 0.9650934 -5.79467e-7 -0.2619025 0.9650944 -1.1893e-6 -0.2817052 0.9595011 -1.1865e-6 -0.3363439 0.9417392 -7.9954e-7 -0.2619262 0.9650879 6.27805e-6 -0.3363527 0.9417362 1.01142e-6 -0.4143951 0.9100972 -2.01631e-6 -0.261919 0.9650899 -2.01166e-7 -0.4143903 0.9100993 2.58407e-6 -0.5757443 0.8176299 1.79801e-5 -0.5757353 0.8176363 8.73581e-6 -0.414411 0.9100899 5.25638e-6 -0.49998 0.866037 5.84405e-6 -0.5757908 0.8175971 -5.83939e-6 -0.5000393 0.8660027 1.9921e-6 -0.7557176 0.6548976 1.48639e-6 -0.5757876 0.8175993 9.85712e-6 -0.7557448 0.6548663 2.08151e-6 -0.8203507 0.5718608 1.25151e-5 -0.8203915 0.5718024 -1.03209e-5 -0.7557685 0.654839 2.23983e-6 -0.9283587 0.3716857 8.57189e-6 -0.8203822 0.5718155 5.76675e-6 -0.9283573 0.371689 1.40024e-5 -0.966322 0.2573361 -1.74716e-6 -0.9663425 0.2572593 -9.62895e-6 -0.9283797 0.3716333 -1.04103e-5 -0.9988657 0.04761707 -1.07624e-5 -0.9663428 0.2572584 -1.29789e-5 -0.998866 0.0476101 1.42427e-5 -0.9961029 -0.08819979 4.87268e-6 -0.996101 -0.08822029 1.3914e-6 -0.9988703 0.04752147 -1.66576e-5 -0.9594987 -0.2817134 3.72529e-6 -0.996098 -0.08825486 5.07012e-6 -0.9594975 -0.2817174 7.85757e-6 -0.9060966 -0.423071 3.62098e-6 -0.9060771 -0.4231127 -1.804e-5 -0.9594891 -0.2817462 -9.85526e-6 -0.8145875 -0.5800408 2.32458e-6 -0.9060744 -0.4231187 -2.98396e-6 -0.8145817 -0.580049 3.11027e-5 -0.7071237 -0.70709 1.46702e-5 -0.7071056 -0.707108 -1.10519e-6 -0.8145552 -0.5800861 -1.34762e-5 -0.580083 -0.8145574 1.1012e-5 -0.7070896 -0.7071241 -1.15521e-5 -0.5800482 -0.8145822 2.92824e-5 -0.423121 -0.9060732 -5.66058e-6 -0.4231162 -0.9060755 -1.7829e-5 -0.5800415 -0.8145869 2.15508e-6 -0.2817498 -0.9594879 1.39736e-5 -0.4230691 -0.9060975 4.76092e-6 -0.2817191 -0.959497 1.47833e-5 -0.0882529 -0.9960981 4.10154e-6 -0.08822232 -0.9961009 -9.23872e-7 -0.2817156 -0.9594979 5.39608e-6 0.04756379 -0.9988683 1.39866e-5 -0.08819931 -0.9961028 1.93156e-6 0.04760992 -0.998866 1.47112e-5 0.2572608 -0.9663421 8.26456e-6 0.2572564 -0.9663432 -1.29426e-5 0.04761397 -0.9988659 -8.22544e-6 0.3716298 -0.9283811 -8.49739e-6 0.257339 -0.9663212 -7.95163e-6 0.3716908 -0.9283567 1.30162e-5 0.5718169 -0.8203812 -1.90921e-6 0.5718033 -0.8203909 -3.119e-6 0.3716872 -0.9283581 -1.35452e-5 0.6548414 -0.7557663 5.41657e-6 0.5718612 -0.8203504 5.30481e-6 0.654866 -0.7557451 1.91107e-6 0.8175989 -0.5757881 1.92225e-6 0.817595 -0.5757937 -7.72253e-6 0.6548934 -0.7557214 -1.7751e-5 0.8660005 -0.5000433 8.51229e-6 0.8176403 -0.5757293 -1.42865e-5 0.8660391 -0.4999764 8.94885e-6 0.9100924 -0.4144056 5.64009e-6 0.9100948 -0.4144002 -9.15024e-6 0.9417406 -0.3363401 5.90458e-6 0.8176382 -0.5757325 -2.13198e-5 0.8176402 -0.5757297 6.51926e-7 0.941726 -0.3363811 1.33095e-5 0.965085 -0.2619369 1.43731e-5 0.9650894 -0.2619208 -5.37327e-6 0.9417489 -0.336317 3.23541e-6 0.9594959 -0.281723 2.0552e-6 0.9650985 -0.2618876 -6.78672e-7 0.9595088 -0.2816785 -3.29223e-7 0.9650985 -0.2618876 -3.4005e-7 5.5179e-5 -1 -1.24201e-5 5.51641e-5 -1 -2.28509e-5 0.499951 -0.8660538 1.34268e-5 0.499951 -0.8660538 2.28509e-5 5.5179e-5 -1 -1.34268e-5 0.499951 -0.8660538 1.24201e-5 0.5000542 -0.8659942 -1.24201e-5 0.5000538 -0.8659943 -2.28882e-5 0.8660008 -0.5000426 1.33651e-5 0.8659963 -0.5000507 2.28807e-5 0.5000461 -0.8659989 1.06322e-4 0.8659961 -0.5000509 1.24201e-5 0.8660554 -0.499948 -1.24201e-5 0.8660553 -0.4999482 -2.28584e-5 1 -5.17666e-5 1.34268e-5 1 -6.33448e-5 2.28584e-5 0.8660494 -0.4999586 -1.34268e-5 1 -6.3777e-5 1.24201e-5 -3.82811e-5 -0.3826465 0.9238949 -7.54558e-6 -5.97555e-5 1 -0.3032231 -0.328305 0.894579 -0.303248 -0.3282698 0.8945835 -5.59592e-5 -3.04133e-5 1 -0.3826345 -4.30867e-5 0.9238998 -0.303339 -0.3282949 0.8945434 -0.3827182 -3.76268e-5 0.9238653 -0.6532443 -0.3826711 0.653326 -0.6532721 -0.3826345 0.6533195 -0.3827362 -2.03848e-5 0.9238578 -0.7070841 -6.28862e-5 0.7071295 -0.6533122 -0.3826211 0.6532874 -0.7071475 -2.16663e-5 0.7070662 -0.9238698 -5.58761e-5 0.3827072 -0.6533153 -0.3826395 0.6532735 -0.9238705 -4.9863e-5 0.3827056 -0.8945421 -0.3283073 0.3033295 -0.8945629 -0.3283032 0.3032728 -0.9238979 -3.93242e-5 0.3826392 -1 -3.51295e-5 5.44116e-5 -0.8945775 -0.3283045 0.3032281 -1 -4.29086e-5 3.73125e-5 -0.923894 -0.3826485 4.83375e-5 -0.8945537 -0.328361 0.3032374 -0.9238749 -0.3826947 1.34408e-5 -0.7438362 -0.6521548 0.1462938 -0.743844 -0.6521503 0.1462743 -0.9238658 -0.3827168 3.56818e-5 -0.7071403 -0.7070732 -1.86637e-5 -0.7437902 -0.6521982 0.1463342 -0.7070782 -0.7071353 2.15918e-5 -0.3826945 -0.923875 3.89516e-5 -3.44031e-5 -1 5.32716e-7 -0.2706015 -0.9238889 0.2705629 -0.3826526 -0.9238923 6.60866e-6 -0.3827194 -0.9238647 1.41859e-5 -0.2706342 -0.9238633 0.2706174 -0.5000321 -0.7071188 0.499951 -0.3827248 -0.9238624 1.11815e-5 -0.5000265 -0.7071312 0.499939 -0.7437812 -0.6522109 0.1463233 -0.7438118 -0.6521674 0.1463617 -0.5000501 -0.707065 0.500009 -0.6532996 -0.3826853 0.6532623 -0.7438303 -0.6521465 0.1463607 -0.6532995 -0.382726 0.6532385 -0.8945279 -0.3283715 0.3033019 -2.37077e-5 -1 2.64123e-5 -2.70568e-5 -0.9238882 0.3826627 -0.2705712 -0.9238921 0.2705822 -0.2705904 -0.923875 0.2706212 -1.94758e-5 -0.9238731 0.3826993 -0.1463289 -0.6522077 0.7437829 -0.2705839 -0.9238657 0.2706593 -0.1463463 -0.6521912 0.743794 -0.4999484 -0.7071402 0.5000044 -0.4999636 -0.7070937 0.500055 -0.1463469 -0.6521319 0.7438458 -0.3033214 -0.3283652 0.8945237 -0.4999902 -0.7070789 0.5000495 -0.3033059 -0.3283782 0.894524 -0.6532406 -0.3827311 0.6532945 -2.41697e-5 -0.9238668 0.3827142 -4.28334e-5 -0.7071325 0.707081 -0.1463124 -0.6522038 0.7437896 -0.1462746 -0.6521501 0.7438441 4.06303e-5 -0.707073 0.7071406 4.02331e-6 -0.3827167 0.9238658 -0.1463119 -0.6521566 0.743831 -5.83492e-5 -0.3827032 0.9238713 -0.3032277 -0.3283624 0.8945565 -9.3619e-6 0.7070764 0.7071372 -9.70694e-6 0.7070763 0.7071373 8.40005e-6 0.3827212 0.9238639 9.70694e-6 0.3827211 0.923864 -8.40006e-6 0.7070764 0.7071372 9.3619e-6 0.3827212 0.9238639 -9.3619e-6 0.382646 0.9238951 -9.70811e-6 0.3826459 0.9238951 8.40005e-6 4.33028e-5 1 9.70811e-6 4.15742e-5 1 -8.40005e-6 0.3826443 0.9238958 9.3619e-6 4.15146e-5 1 -0.3826361 4.63426e-5 0.9238992 -5.1897e-5 4.15631e-5 1 -0.3032501 0.3282723 0.894582 -0.3032268 0.3283053 0.8945776 -3.57479e-5 4.36935e-5 1 -4.70206e-5 0.3826492 0.9238938 -0.3032302 0.3283642 0.894555 -4.50984e-5 0.382721 0.923864 -0.146286 0.6521565 0.7438362 -0.1462746 0.6521501 0.7438441 3.38408e-5 0.3827167 0.9238658 1.82167e-5 0.707073 0.7071406 -0.1463041 0.6522025 0.7437923 -3.49581e-5 0.7071354 0.7070782 -5.22733e-5 0.9238745 0.3826956 2.90573e-7 1 3.63626e-5 -0.2705619 0.9238887 0.2706032 -5.63264e-6 0.9238916 0.3826545 -5.20125e-5 0.9238728 0.3826997 -0.2706221 0.9238571 0.2706509 -0.4999606 0.7071347 0.5 -4.32693e-6 0.9238654 0.3827177 -0.4999747 0.7071136 0.5000157 -0.1463185 0.6522175 0.7437765 -0.1463622 0.6521653 0.7438136 -0.5000094 0.7070631 0.5000526 -0.6532629 0.3826828 0.6533006 -0.14636 0.6521538 0.743824 -0.6532269 0.3826997 0.6533266 -0.3032832 0.3283438 0.8945445 -0.3033409 0.3282998 0.8945411 -0.6532511 0.3826641 0.6533232 -0.3827138 4.17959e-5 0.9238671 -2.44606e-5 1 2.45422e-5 -0.3826609 0.923889 2.81557e-5 -0.2705804 0.9238923 0.2705723 -0.2706409 0.9238625 0.2706136 -0.3827293 0.9238606 1.27256e-5 -0.7071003 0.7071134 5.63264e-5 -0.2706446 0.9238645 0.2706031 -0.7070825 0.7071311 3.21791e-5 -0.4999853 0.7071455 0.4999599 -0.5000271 0.7071287 0.499942 -0.7070999 0.7071138 2.01538e-5 -0.743786 0.6522055 0.1463235 -0.5000567 0.7070922 0.4999638 -0.7438191 0.6521601 0.1463574 -0.8945243 0.3283636 0.303321 -0.8945551 0.3283593 0.3032349 -0.7438377 0.6521547 0.1462863 -0.9238823 0.382677 2.66358e-5 -0.8945775 0.3283043 0.3032283 -0.9239026 0.3826279 1.4782e-5 -1 5.91557e-5 1.28839e-5 -0.7071404 0.7070732 -4.10953e-5 -0.9238658 0.3827168 -4.17233e-6 -0.7438441 0.6521502 0.1462743 -1 3.21418e-5 5.98771e-5 -0.9238983 4.41596e-5 0.382638 -0.8945819 0.3282713 0.3032509 -0.894545 0.3283011 0.3033277 -0.9238687 4.39938e-5 0.3827097 -0.6533188 0.3826451 0.6532667 -0.8945276 0.32837 0.3033043 -0.653299 0.3827238 0.6532405 -0.5000157 0.707095 0.500001 -0.9238669 4.91291e-5 0.3827143 -0.7071238 5.76358e-5 0.7070899 -0.6533156 0.3826303 0.6532786 -0.6532802 0.3826269 0.6533159 -0.7070598 2.85506e-5 0.7071537 -0.3827285 2.86656e-5 0.923861 1 9.3619e-6 4.10676e-5 1 4.67012e-6 4.10378e-5 0.923896 9.0387e-6 0.3826439 0.923896 -4.67035e-6 0.3826436 1 -9.0387e-6 4.06951e-5 0.9238961 -9.3619e-6 0.3826436 0.9238641 9.3619e-6 0.3827208 0.9238641 4.68013e-6 0.3827208 0.7071375 9.0387e-6 0.7070761 0.7071381 -4.68013e-6 0.7070754 0.9238644 -9.0387e-6 0.3827199 0.7071382 -9.3619e-6 0.7070754 0.707077 9.3619e-6 0.7071366 0.707077 4.66662e-6 0.7071367 0.3827221 9.0387e-6 0.9238636 0.3827164 -4.66639e-6 0.9238659 0.7070726 -9.03869e-6 0.7071411 0.3827162 -9.36191e-6 0.923866 0.3826444 9.3619e-6 0.9238957 0.3826445 4.66895e-6 0.9238957 4.16338e-5 9.0387e-6 1 4.51803e-5 -4.66872e-6 1 0.3826478 -9.03871e-6 0.9238943 4.53442e-5 -9.36189e-6 1 3.82811e-5 0.3826465 0.9238949 7.54558e-6 5.97555e-5 1 0.3032231 0.328305 0.894579 0.303248 0.3282698 0.8945835 5.59592e-5 3.04133e-5 1 0.3826345 4.30867e-5 0.9238998 0.303339 0.3282949 0.8945434 0.3827182 3.76268e-5 0.9238653 0.6532443 0.3826711 0.653326 0.6532721 0.3826345 0.6533195 0.3827362 2.03848e-5 0.9238578 0.7070841 6.28862e-5 0.7071295 0.6533122 0.3826211 0.6532874 0.7071475 2.16663e-5 0.7070662 0.9238698 5.58761e-5 0.3827072 0.6533153 0.3826395 0.6532735 0.9238705 4.9863e-5 0.3827056 0.8945421 0.3283073 0.3033295 0.8945629 0.3283032 0.3032728 0.9238979 3.93242e-5 0.3826392 1 3.51295e-5 5.44116e-5 0.8945775 0.3283045 0.3032281 1 4.29086e-5 3.73125e-5 0.923894 0.3826485 4.83375e-5 0.8945537 0.328361 0.3032374 0.9238749 0.3826947 1.34408e-5 0.7438362 0.6521548 0.1462938 0.743844 0.6521503 0.1462743 0.9238658 0.3827168 3.56818e-5 0.7071403 0.7070732 -1.86637e-5 0.7437902 0.6521982 0.1463342 0.7070782 0.7071353 2.15918e-5 0.3826945 0.923875 3.89516e-5 3.44031e-5 1 5.32716e-7 0.2706015 0.9238889 0.2705629 0.3826526 0.9238923 6.60866e-6 0.3827194 0.9238647 1.41859e-5 0.2706342 0.9238633 0.2706174 0.5000321 0.7071188 0.499951 0.3827248 0.9238624 1.11815e-5 0.5000265 0.7071312 0.499939 0.7437812 0.6522109 0.1463233 0.7438118 0.6521674 0.1463617 0.5000501 0.707065 0.500009 0.6532996 0.3826853 0.6532623 0.7438303 0.6521465 0.1463607 0.6532995 0.382726 0.6532385 0.8945279 0.3283715 0.3033019 2.37077e-5 1 2.64123e-5 2.70568e-5 0.9238882 0.3826627 0.2705712 0.9238921 0.2705822 0.2706189 0.9238579 0.2706513 4.42266e-5 0.9238677 0.3827124 2.62484e-5 0.7071328 0.7070809 0.2706022 0.9238654 0.2706422 3.12664e-5 0.7071331 0.7070806 0.499959 0.7071471 0.4999842 0.4999409 0.7071301 0.500026 1.80453e-5 0.7071161 0.7070975 0.1463214 0.652208 0.7437841 0.4999636 0.7070937 0.500055 0.1463469 0.6521319 0.7438458 0.3033214 0.3283652 0.8945237 0.3032277 0.3283624 0.8945565 0.1463119 0.6521566 0.743831 5.83492e-5 0.3827032 0.9238713 -4.06303e-5 0.707073 0.7071406 -4.02331e-6 0.3827167 0.9238658 0.1462746 0.6521501 0.7438441 0.6532403 0.3827326 0.6532939 0.4999896 0.7070801 0.5000481 0.3032848 0.3283423 0.8945444 0.3826361 -4.63426e-5 0.9238992 5.1897e-5 -4.15631e-5 1 0.3032501 -0.3282723 0.894582 0.3032268 -0.3283053 0.8945776 3.57479e-5 -4.36935e-5 1 4.70206e-5 -0.3826492 0.9238938 0.3032302 -0.3283642 0.894555 4.50984e-5 -0.382721 0.923864 0.146286 -0.6521565 0.7438362 0.1462746 -0.6521501 0.7438441 -3.38408e-5 -0.3827167 0.9238658 -1.82167e-5 -0.707073 0.7071406 0.1463041 -0.6522025 0.7437923 3.49581e-5 -0.7071354 0.7070782 5.22733e-5 -0.9238745 0.3826956 -2.90573e-7 -1 3.63626e-5 0.2705619 -0.9238887 0.2706032 5.63264e-6 -0.9238916 0.3826545 5.20125e-5 -0.9238728 0.3826997 0.2706221 -0.9238571 0.2706509 0.4999606 -0.7071347 0.5 4.32693e-6 -0.9238654 0.3827177 0.4999747 -0.7071136 0.5000157 0.1463185 -0.6522175 0.7437765 0.1463622 -0.6521653 0.7438136 0.5000094 -0.7070631 0.5000526 0.6532629 -0.3826828 0.6533006 0.14636 -0.6521538 0.743824 0.6532269 -0.3826997 0.6533266 0.3032832 -0.3283438 0.8945445 0.3033409 -0.3282998 0.8945411 0.6532511 -0.3826641 0.6533232 0.3827138 -4.17959e-5 0.9238671 2.44606e-5 -1 2.45422e-5 0.3826609 -0.923889 2.81557e-5 0.2705804 -0.9238923 0.2705723 0.270618 -0.9238762 0.2705897 0.3826963 -0.9238743 1.87606e-5 0.7437806 -0.6522104 0.146329 0.2706543 -0.9238659 0.2705882 0.7437842 -0.6522109 0.1463084 0.4999994 -0.7071403 0.4999532 0.5000567 -0.7070922 0.4999638 0.7438191 -0.6521601 0.1463574 0.8945243 -0.3283636 0.303321 0.5000172 -0.7070934 0.5000019 0.8945283 -0.3283679 0.3033047 0.6532995 -0.3827217 0.653241 0.653318 -0.3826465 0.6532667 0.8945446 -0.3283025 0.3033276 0.9238685 -4.56516e-5 0.38271 0.6533158 -0.3826287 0.6532793 0.9238666 -4.76241e-5 0.3827148 0.7071232 -5.59241e-5 0.7070904 0.3827164 -0.923866 1.61082e-5 0.7070835 -0.7071301 3.42354e-5 0.7437912 -0.6522035 0.1463051 0.7438441 -0.6521502 0.1462743 0.7071404 -0.7070732 -4.10953e-5 0.9238658 -0.3827168 -4.17233e-6 0.743838 -0.6521545 0.1462863 0.9238823 -0.3826767 2.6552e-5 0.8945553 -0.328359 0.3032349 0.8945775 -0.3283043 0.3032283 0.9239026 -0.3826279 1.4782e-5 1 -5.91557e-5 1.28839e-5 0.894563 -0.3283037 0.3032721 1 -2.67625e-5 6.01795e-5 0.9238981 -3.86946e-5 0.3826388 0.707061 -2.89232e-5 0.7071526 0.3827302 -2.93618e-5 0.9238602 0.6532813 -0.3826274 0.6533145 -1 3.47793e-5 9.36192e-6 -1 3.50922e-5 -1.83648e-5 -0.9238983 0.382638 5.70301e-5 -0.9238929 0.3826515 1.83675e-5 -1 4.97997e-5 0 -0.9238927 0.382652 -9.36192e-6 -0.9238656 0.382717 9.3619e-6 -0.9238656 0.3827171 -1.83657e-5 -0.7071405 0.7070732 0 -0.7071404 0.7070733 1.83657e-5 -0.9238656 0.382717 0 -0.7071405 0.7070732 -9.36189e-6 -0.7070737 0.70714 9.3619e-6 -0.7070738 0.7071399 -1.83638e-5 -0.3827177 0.9238653 0 -0.3827177 0.9238654 1.83638e-5 -0.7070737 0.70714 0 -0.3827177 0.9238653 -9.3619e-6 -0.3826454 0.9238954 9.3619e-6 -0.3826453 0.9238954 -1.83657e-5 -4.26322e-5 1 0 -3.97116e-5 1 1.83638e-5 -0.3826426 0.9238966 0 -3.9652e-5 1 -9.3619e-6 3.9652e-5 1 9.3619e-6 3.97116e-5 1 -1.83638e-5 0.3826426 0.9238966 0 0.3826453 0.9238954 1.83657e-5 4.26322e-5 1 0 0.3826454 0.9238954 -9.3619e-6 0.3827177 0.9238653 9.3619e-6 0.3827177 0.9238654 -1.83638e-5 0.7070737 0.70714 0 0.7070738 0.7071399 1.83638e-5 0.3827177 0.9238653 0 0.7070737 0.70714 -9.3619e-6 0.7071405 0.7070732 9.36189e-6 0.7071404 0.7070733 -1.83657e-5 0.9238656 0.382717 0 0.9238656 0.3827171 1.83657e-5 0.7071405 0.7070732 0 0.9238656 0.382717 -9.3619e-6 0.9238927 0.382652 9.36192e-6 0.9238929 0.3826515 -1.83675e-5 1 4.97997e-5 0 1 3.50922e-5 1.83648e-5 0.9238983 0.382638 -5.70301e-5 1 3.47793e-5 -9.36192e-6 9.3619e-6 -0.7070754 0.7071382 9.70881e-6 -0.7070754 0.7071383 -8.40005e-6 -0.3827199 0.9238645 -9.70881e-6 -0.3827199 0.9238646 8.40006e-6 -0.7070754 0.7071382 -9.3619e-6 -0.3827199 0.9238645 9.3619e-6 -0.3826475 0.9238945 9.70718e-6 -0.3826475 0.9238945 -8.40005e-6 -4.49866e-5 1 -9.70741e-6 -4.32432e-5 1 8.40005e-6 -0.3826459 0.9238952 -9.3619e-6 -4.31538e-5 1 0.9239022 -0.3826287 1.52439e-5 1 -5.99269e-5 1.35619e-5 0.8945772 -0.328305 0.3032288 0.8945626 -0.3283044 0.3032724 1 -2.71946e-5 6.09821e-5 0.9238977 -3.93726e-5 0.3826397 0.8945465 -0.3282998 0.3033245 0.9238701 -4.24143e-5 0.3827064 0.6533217 -0.3826439 0.6532645 0.6533128 -0.3826295 0.6532818 0.9238652 -4.91887e-5 0.3827182 0.7071209 -5.65494e-5 0.7070927 0.6532793 -0.3826216 0.6533198 0.7070583 -2.30372e-5 0.7071554 0.382726 -2.26698e-5 0.923862 0.6532504 -0.382668 0.6533216 0.3827145 -4.61191e-5 0.9238668 0.3033397 -0.3283034 0.8945401 0.3033018 -0.3282859 0.8945594 0.3826712 -1.48118e-5 0.9238846 5.00716e-5 -3.67612e-5 1 0.303223 -0.3283071 0.8945783 3.19034e-5 -4.55482e-5 1 4.31594e-5 -0.3826512 0.923893 0.303241 -0.3283618 0.8945521 1.74716e-5 -0.3826968 0.9238741 0.1462965 -0.652156 0.7438346 0.1462751 -0.65215 0.743844 3.57283e-5 -0.382717 0.9238656 1.26287e-5 -0.707073 0.7071406 0.1463014 -0.6521954 0.743799 3.23206e-5 -0.7071294 0.7070842 5.19082e-5 -0.9238708 0.3827046 1.32993e-6 -1 3.64445e-5 0.2705636 -0.9238881 0.2706032 7.21216e-6 -0.9238916 0.3826544 5.42626e-5 -0.9238728 0.3826999 0.2705864 -0.9238681 0.2706488 0.4999626 -0.7071338 0.4999994 3.72902e-6 -0.9238664 0.3827152 0.4999743 -0.7071154 0.5000137 0.146303 -0.6521869 0.7438063 0.1463629 -0.6521635 0.743815 0.50002 -0.7070835 0.500013 0.6532636 -0.3826804 0.6533013 0.1463579 -0.6521507 0.7438272 0.6532587 -0.3826683 0.6533132 0.3033015 -0.3283774 0.8945259 2.38353e-5 -1 2.44901e-5 0.3826603 -0.9238892 2.81744e-5 0.2705799 -0.9238924 0.2705723 0.2706195 -0.9238758 0.2705894 0.3826977 -0.9238736 1.85817e-5 0.7437817 -0.6522091 0.146329 0.2706568 -0.9238649 0.2705894 0.7437859 -0.6522086 0.1463095 0.500001 -0.7071384 0.4999544 0.5000576 -0.7070918 0.4999636 0.7438194 -0.6521598 0.1463568 0.8945247 -0.3283632 0.3033201 0.5000159 -0.7070959 0.4999995 0.8945279 -0.3283711 0.3033026 0.6532995 -0.3827249 0.6532391 0.3827103 -0.9238684 1.42157e-5 0.7070792 -0.7071344 3.38629e-5 0.7437868 -0.6522087 0.1463049 0.743844 -0.6521502 0.1462742 0.7071404 -0.7070732 -4.13278e-5 0.9238658 -0.3827168 -4.35859e-6 0.743838 -0.6521543 0.1462867 0.9238824 -0.3826766 2.63341e-5 0.8945555 -0.3283587 0.3032345 0.3826524 0.9238924 2.28733e-6 3.35947e-5 1 -3.84077e-6 0.270601 0.9238904 0.2705583 0.2705726 0.923892 0.2705814 2.4952e-5 1 2.5553e-5 2.84538e-5 0.9238886 0.3826618 0.2706208 0.9238576 0.2706507 4.64767e-5 0.9238676 0.3827124 2.83495e-5 0.7071329 0.7070807 -9.98378e-6 0.3827168 0.9238658 0.1462688 0.6521503 0.743845 -4.6345e-5 0.7070732 0.7071405 1.32099e-5 0.707125 0.7070887 0.1463087 0.6521845 0.7438073 0.4999772 0.707112 0.5000154 3.06442e-5 0.7071345 0.7070792 0.499958 0.7071486 0.4999829 0.2706013 0.9238663 0.2706403 0.2706295 0.9238652 0.2706157 0.5000291 0.7071224 0.4999489 0.3827149 0.9238665 1.21817e-5 0.146287 0.6521554 0.7438371 2.83783e-5 0.382678 0.9238818 0.3032364 0.3283594 0.8945545 0.3032232 0.3283068 0.8945783 3.82662e-5 0.3826481 0.9238942 7.58469e-6 6.17113e-5 1 0.3033011 0.3282863 0.8945595 5.57508e-5 2.85506e-5 1 0.3826709 1.42716e-5 0.9238848 0.3033374 0.3283007 0.8945419 0.3827191 4.44779e-5 0.9238647 0.6532742 0.3826452 0.6533111 0.6532712 0.3826292 0.6533235 0.3827337 1.43945e-5 0.9238588 0.7070826 5.7383e-5 0.7071311 0.6533232 0.3826515 0.6532586 0.7071452 2.22325e-5 0.7070685 0.9238683 5.74943e-5 0.3827105 0.6533176 0.3826399 0.653271 0.9238717 4.99804e-5 0.3827026 0.8945432 0.3283075 0.303326 0.8945624 0.3283039 0.3032732 0.9238975 3.99351e-5 0.38264 1 3.55244e-5 5.52237e-5 0.8945772 0.3283053 0.3032286 1 4.37372e-5 3.79086e-5 0.9238938 0.3826493 4.87659e-5 0.8945538 0.3283609 0.3032371 0.9238749 0.3826949 1.33291e-5 0.7438361 0.6521548 0.1462942 0.743844 0.6521503 0.1462742 0.9238658 0.3827168 3.54958e-5 0.7071404 0.7070732 -1.88723e-5 0.7437846 0.6522046 0.1463344 0.7070728 0.7071408 2.15322e-5 0.3826866 0.9238783 3.70517e-5 0.1463552 0.6521599 0.7438197 0.3033195 0.3283632 0.8945249 0.4999622 0.7070927 0.5000579 0.4999876 0.7070767 0.500055 0.3033432 0.3283483 0.8945224 0.6532717 0.3826997 0.6532818 0.5000464 0.7070697 0.5000062 0.6532982 0.3826916 0.65326 0.7438085 0.6521719 0.1463585 0.7438313 0.6521456 0.1463597 0.6533012 0.3827248 0.6532376 0.8945289 0.3283703 0.3033003 0.3827254 0.9238622 1.10772e-5 0.5000268 0.707131 0.4999389 0.7437816 0.6522104 0.1463235 -0.9239022 0.3826287 1.52439e-5 -1 5.99269e-5 1.35619e-5 -0.8945772 0.328305 0.3032288 -0.8945626 0.3283044 0.3032724 -1 2.71946e-5 6.09821e-5 -0.9238977 3.93726e-5 0.3826397 -0.8945465 0.3282998 0.3033245 -0.9238701 4.24143e-5 0.3827064 -0.6533217 0.3826439 0.6532645 -0.6533128 0.3826295 0.6532818 -0.9238652 4.91887e-5 0.3827182 -0.7071209 5.65494e-5 0.7070927 -0.6532793 0.3826216 0.6533198 -0.7070583 2.30372e-5 0.7071554 -0.382726 2.26698e-5 0.923862 -0.6532504 0.382668 0.6533216 -0.3827145 4.61191e-5 0.9238668 -0.3033397 0.3283034 0.8945401 -0.3033018 0.3282859 0.8945594 -0.3826712 1.48118e-5 0.9238846 -5.00716e-5 3.67612e-5 1 -0.303223 0.3283071 0.8945783 -3.19034e-5 4.55482e-5 1 -4.31594e-5 0.3826512 0.923893 -0.303241 0.3283618 0.8945521 -1.74716e-5 0.3826968 0.9238741 -0.1462965 0.652156 0.7438346 -0.1462751 0.65215 0.743844 -3.57283e-5 0.382717 0.9238656 -1.26287e-5 0.707073 0.7071406 -0.1463014 0.6521954 0.743799 -3.23206e-5 0.7071294 0.7070842 -5.19082e-5 0.9238708 0.3827046 -1.32993e-6 1 3.64445e-5 -0.2705636 0.9238881 0.2706032 -7.21216e-6 0.9238916 0.3826544 -5.42626e-5 0.9238728 0.3826999 -0.2705864 0.9238681 0.2706488 -0.4999626 0.7071338 0.4999994 -3.72902e-6 0.9238664 0.3827152 -0.4999743 0.7071154 0.5000137 -0.146303 0.6521869 0.7438063 -0.1463629 0.6521635 0.743815 -0.50002 0.7070835 0.500013 -0.6532636 0.3826804 0.6533013 -0.1463579 0.6521507 0.7438272 -0.6532587 0.3826683 0.6533132 -0.3033015 0.3283774 0.8945259 -2.38353e-5 1 2.44901e-5 -0.3826603 0.9238892 2.81744e-5 -0.2705799 0.9238924 0.2705723 -0.2706428 0.923862 0.2706134 -0.3827309 0.9238599 1.26064e-5 -0.7071016 0.7071119 5.57974e-5 -0.2706436 0.9238648 0.2706032 -0.7070817 0.7071319 3.25032e-5 -0.4999846 0.707146 0.4999601 -0.5000271 0.7071287 0.499942 -0.7071 0.7071137 2.04518e-5 -0.7437861 0.6522052 0.1463238 -0.5000576 0.7070918 0.4999636 -0.7438194 0.6521598 0.1463568 -0.8945247 0.3283632 0.3033201 -0.8945553 0.3283591 0.3032346 -0.7438376 0.6521548 0.1462868 -0.9238823 0.3826771 2.65278e-5 -0.7071404 0.7070732 -4.13278e-5 -0.9238658 0.3827168 -4.35859e-6 -0.743844 0.6521502 0.1462742 -0.653301 0.3827261 0.6532371 -0.5000169 0.7070967 0.4999975 -0.8945286 0.3283713 0.3033002 -0.3826524 -0.9238924 2.28733e-6 -3.35947e-5 -1 -3.84077e-6 -0.270601 -0.9238904 0.2705583 -0.2705726 -0.923892 0.2705814 -2.4952e-5 -1 2.5553e-5 -2.84538e-5 -0.9238886 0.3826618 -0.2705851 -0.9238644 0.2706629 -2.13832e-5 -0.9238744 0.3826959 -0.1463311 -0.6522105 0.74378 -0.1463103 -0.6521938 0.7437987 -2.51085e-5 -0.9238617 0.3827266 -1.55941e-5 -0.7071399 0.7070737 -0.1462751 -0.6521501 0.743844 4.03977e-5 -0.7070729 0.7071406 4.04567e-6 -0.382717 0.9238657 -0.146287 -0.6521554 0.7438371 -2.83783e-5 -0.382678 0.9238818 -0.3032364 -0.3283594 0.8945545 -0.3032232 -0.3283068 0.8945783 -3.82662e-5 -0.3826481 0.9238942 -7.58469e-6 -6.17113e-5 1 -0.3033011 -0.3282863 0.8945595 -5.57508e-5 -2.85506e-5 1 -0.3826709 -1.42716e-5 0.9238848 -0.3033374 -0.3283007 0.8945419 -0.3827191 -4.44779e-5 0.9238647 -0.6532742 -0.3826452 0.6533111 -0.6532712 -0.3826292 0.6533235 -0.3827337 -1.43945e-5 0.9238588 -0.7070826 -5.7383e-5 0.7071311 -0.6533232 -0.3826515 0.6532586 -0.7071452 -2.22325e-5 0.7070685 -0.9238683 -5.74943e-5 0.3827105 -0.6533176 -0.3826399 0.653271 -0.9238717 -4.99804e-5 0.3827026 -0.8945432 -0.3283075 0.303326 -0.8945624 -0.3283039 0.3032732 -0.9238975 -3.99351e-5 0.38264 -1 -3.55244e-5 5.52237e-5 -0.8945772 -0.3283053 0.3032286 -1 -4.37372e-5 3.79086e-5 -0.9238938 -0.3826493 4.87659e-5 -0.8945538 -0.3283609 0.3032371 -0.9238749 -0.3826949 1.33291e-5 -0.7438361 -0.6521548 0.1462942 -0.743844 -0.6521503 0.1462742 -0.9238658 -0.3827168 3.54958e-5 -0.7071404 -0.7070732 -1.88723e-5 -0.7437846 -0.6522046 0.1463344 -0.7070728 -0.7071408 2.15322e-5 -0.3826866 -0.9238783 3.70517e-5 -0.1463552 -0.6521599 0.7438197 -0.3033195 -0.3283632 0.8945249 -0.4999622 -0.7070927 0.5000579 -0.4999876 -0.7070767 0.500055 -0.3033432 -0.3283483 0.8945224 -0.6532717 -0.3826997 0.6532818 -0.5000464 -0.7070697 0.5000062 -0.6532982 -0.3826916 0.65326 -0.7438085 -0.6521719 0.1463585 -0.7438313 -0.6521456 0.1463597 -0.6533012 -0.3827248 0.6532376 -0.8945289 -0.3283703 0.3033003 -0.4999479 -0.7071422 0.5000022 -0.2705833 -0.9238668 0.2706561 -0.1463463 -0.6521935 0.743792 -0.3827254 -0.9238622 1.10772e-5 -0.5000268 -0.707131 0.4999389 -0.7437816 -0.6522104 0.1463235 1 -3.55989e-5 9.36191e-6 1 -3.58969e-5 -2.42367e-5 0.923898 -0.3826388 1.15499e-5 0.9238946 -0.3826472 2.42349e-5 1 -4.48823e-5 -1.15499e-5 0.9238945 -0.3826473 -9.36191e-6 0.9238627 -0.3827242 9.36188e-6 0.9238628 -0.3827239 -2.42349e-5 0.7071349 -0.7070787 1.15499e-5 0.7071405 -0.7070732 2.42367e-5 0.9238657 -0.3827169 -1.15499e-5 0.7071405 -0.7070732 -9.36189e-6 0.7070757 -0.707138 9.3619e-6 0.7070756 -0.707138 -2.42349e-5 0.3827203 -0.9238644 1.15499e-5 0.3827202 -0.9238643 2.42367e-5 0.7070757 -0.707138 -1.15499e-5 0.3827203 -0.9238644 -9.36189e-6 0.3826435 -0.9238961 9.3619e-6 0.3826435 -0.9238961 -2.42349e-5 4.06653e-5 -1 1.15499e-5 4.06802e-5 -1 2.42349e-5 0.3826435 -0.9238961 -1.15499e-5 4.06653e-5 -1 -9.3619e-6 -4.06653e-5 -1 9.3619e-6 -4.06802e-5 -1 -2.42349e-5 -0.3826435 -0.9238961 1.15499e-5 -0.3826435 -0.9238961 2.42349e-5 -4.06653e-5 -1 -1.15499e-5 -0.3826435 -0.9238961 -9.3619e-6 -0.3827203 -0.9238644 9.36189e-6 -0.3827202 -0.9238643 -2.42367e-5 -0.7070757 -0.707138 1.15499e-5 -0.7070756 -0.707138 2.42349e-5 -0.3827203 -0.9238644 -1.15499e-5 -0.7070757 -0.707138 -9.3619e-6 -0.7071405 -0.7070732 9.36189e-6 -0.7071405 -0.7070732 -2.42367e-5 -0.9238657 -0.3827169 1.15499e-5 -0.9238628 -0.3827239 2.42349e-5 -0.7071349 -0.7070787 -1.15499e-5 -0.9238627 -0.3827242 -9.36188e-6 -0.9238945 -0.3826473 9.36191e-6 -0.9238946 -0.3826472 -2.42349e-5 -1 -4.48823e-5 1.15499e-5 -1 -3.58969e-5 2.42367e-5 -0.923898 -0.3826388 -1.15499e-5 -1 -3.55989e-5 -9.36191e-6 4.24699e-6 0 1 -7.3261e-6 0 1 -8.49398e-6 0 1 7.3261e-6 0 1 -4.24699e-6 0 1 8.06898e-6 -0.5406174 -0.8412687 2.77496e-6 -3.30806e-5 -1 -1.34573e-5 -3.30508e-5 -1 -2.74138e-6 3.44217e-5 -1 1.34573e-5 3.44217e-5 -1 -8.12858e-6 0.5406185 -0.8412679 8.13603e-6 3.44813e-5 -1 2.74138e-6 0.5406185 -0.841268 -1.34573e-5 0.5406185 -0.8412679 -2.64064e-6 0.540664 -0.8412387 1.34573e-5 0.540664 -0.8412387 -8.27015e-6 0.9096181 -0.4154456 8.2776e-6 0.540664 -0.8412387 2.64064e-6 0.9096182 -0.4154455 -1.34573e-5 0.9096182 -0.4154455 -2.64064e-6 0.9096454 -0.4153857 1.34573e-5 0.9096454 -0.4153856 -8.2776e-6 0.9898256 0.1422864 8.27759e-6 0.9096454 -0.4153856 2.64064e-6 0.9898256 0.1422863 -1.34573e-5 0.9898256 0.1422863 -2.77496e-6 0.9898172 0.1423444 1.34573e-5 0.9898173 0.1423444 -8.04663e-6 0.75577 0.6548373 8.03918e-6 0.989817 0.1423462 2.77496e-6 0.755769 0.6548385 -1.34573e-5 0.7557688 0.6548386 -2.74138e-6 0.7557312 0.654882 9.45234e-5 0.7557312 0.654882 -8.13603e-6 0.2817642 0.9594837 8.13603e-6 0.7557312 0.654882 2.74138e-6 0.281764 0.9594838 -1.34573e-5 0.2817642 0.9594838 -2.7078e-6 0.2817033 0.9595016 1.34573e-5 0.2817033 0.9595016 -8.18819e-6 -0.2817033 0.9595016 8.18819e-6 0.2817033 0.9595016 2.7078e-6 -0.2817033 0.9595016 -1.34573e-5 -0.2817033 0.9595016 -2.74138e-6 -0.2817624 0.9594842 1.34573e-5 -0.2817624 0.9594842 -8.10623e-6 -0.75573 0.6548834 8.12113e-6 -0.2817634 0.959484 2.74138e-6 -0.7557306 0.6548827 -1.34573e-5 -0.7557306 0.6548827 -2.77496e-6 -0.755769 0.6548384 1.34573e-5 -0.755769 0.6548385 -8.03918e-6 -0.989817 0.1423461 8.04663e-6 -0.7557709 0.6548361 2.77496e-6 -0.9898174 0.1423431 -1.34573e-5 -0.9898174 0.142343 -2.64064e-6 -0.9898256 0.1422863 1.34573e-5 -0.9898256 0.1422863 -8.27759e-6 -0.9096454 -0.4153856 8.28505e-6 -0.9898259 0.1422846 2.64064e-6 -0.9096447 -0.4153873 -1.34573e-5 -0.9096447 -0.4153873 -2.64064e-6 -0.9096186 -0.4154443 1.34573e-5 -0.9096186 -0.4154443 -8.27015e-6 -0.5406652 -0.841238 8.27014e-6 -0.9096186 -0.4154443 2.64064e-6 -0.540665 -0.841238 -1.34573e-5 -0.540665 -0.841238 -2.77496e-6 -0.5406178 -0.8412685 1.34573e-5 -0.5406178 -0.8412685 -8.09133e-6 -3.35276e-5 -1 1.60038e-5 -0.5406174 -0.8412686 -1.76427e-5 -3.29614e-5 -1 -1.34573e-5 -3.3021e-5 -1 1.76091e-5 3.1054e-5 -1 9.45234e-5 3.10838e-5 -1 -1.58623e-5 0.5406156 -0.8412699 1.58474e-5 3.2559e-5 -1 -1.76091e-5 0.5406169 -0.841269 -1.34573e-5 0.5406169 -0.841269 1.76091e-5 0.5406674 -0.8412365 1.34573e-5 0.5406675 -0.8412364 -1.58995e-5 0.9096198 -0.4154417 1.58995e-5 0.5406664 -0.8412372 -1.76091e-5 0.9096193 -0.4154429 -1.34573e-5 0.9096193 -0.415443 1.76763e-5 0.9096447 -0.4153873 1.34573e-5 0.9096447 -0.4153874 -1.60635e-5 0.9898259 0.1422845 1.60635e-5 0.9096454 -0.4153857 -1.76763e-5 0.9898256 0.1422862 -1.34573e-5 0.9898256 0.1422863 1.76427e-5 0.9898175 0.1423423 1.34573e-5 0.9898175 0.1423422 -1.60187e-5 0.7557715 0.6548355 1.59442e-5 0.9898171 0.1423454 -1.76427e-5 0.7557694 0.6548379 -1.34573e-5 0.7557693 0.654838 1.75755e-5 0.75573 0.6548835 1.34573e-5 0.7557299 0.6548835 -1.58846e-5 0.2817623 0.9594843 1.58101e-5 0.755728 0.6548858 -1.75755e-5 0.2817595 0.9594851 -9.45235e-5 0.2817593 0.9594851 1.76427e-5 0.2817033 0.9595016 -1.60038e-5 -0.2817033 0.9595016 1.60038e-5 0.2817033 0.9595016 -1.76427e-5 -0.2817033 0.9595016 1.76427e-5 -0.2817639 0.9594839 1.34573e-5 -0.2817639 0.9594838 -1.59517e-5 -0.7557311 0.6548821 1.60262e-5 -0.281761 0.9594846 -1.76427e-5 -0.7557293 0.6548843 -1.34573e-5 -0.7557291 0.6548844 1.76427e-5 -0.7557683 0.6548392 1.34573e-5 -0.7557682 0.6548392 -1.59293e-5 -0.9898169 0.142347 1.59368e-5 -0.7557695 0.6548379 -1.76427e-5 -0.9898172 0.1423453 -1.34573e-5 -0.9898171 0.1423452 1.76763e-5 -0.9898261 0.1422829 9.45233e-5 -0.989826 0.1422827 -1.60486e-5 -0.909644 -0.4153891 1.6056e-5 -0.9898255 0.1422864 -1.76763e-5 -0.9096454 -0.4153858 -1.34573e-5 -0.9096454 -0.4153857 1.76091e-5 -0.9096198 -0.4154418 1.34573e-5 -0.9096198 -0.4154418 -1.58921e-5 -0.5406675 -0.8412365 1.58995e-5 -0.9096198 -0.4154417 -1.76091e-5 -0.5406674 -0.8412365 -1.34573e-5 -0.5406675 -0.8412364 1.76427e-5 -0.5406164 -0.8412693 1.34573e-5 -0.5406164 -0.8412693 -1.59889e-5 -3.20077e-5 -1 1.61827e-5 -0.5406138 -0.8412709 1.49315e-5 -2.89083e-5 -1 -1.34573e-5 -2.89381e-5 -1 -1.48644e-5 2.88785e-5 -1 1.34573e-5 2.89083e-5 -1 -1.62423e-5 0.5406139 -0.8412709 1.62348e-5 3.0458e-5 -1 1.48644e-5 0.540615 -0.8412702 -1.34573e-5 0.5406151 -0.8412701 -1.49651e-5 0.540666 -0.8412375 1.34573e-5 0.5406661 -0.8412374 -1.61454e-5 0.9096191 -0.4154433 1.61529e-5 0.5406625 -0.8412396 1.49651e-5 0.9096176 -0.4154468 -1.34573e-5 0.9096174 -0.4154469 -1.49651e-5 0.909645 -0.4153869 1.34573e-5 0.9096449 -0.4153869 -1.60262e-5 0.9898258 0.1422851 1.60262e-5 0.9096449 -0.4153869 1.49651e-5 0.9898257 0.1422851 -1.34573e-5 0.9898257 0.1422851 -1.48644e-5 0.9898166 0.1423492 1.34573e-5 0.9898165 0.1423493 -1.62646e-5 0.7557667 0.6548411 1.62646e-5 0.9898172 0.1423445 1.48644e-5 0.7557697 0.6548375 -1.34573e-5 0.7557699 0.6548374 -1.49315e-5 0.7557317 0.6548814 1.34573e-5 0.7557318 0.6548812 -1.62423e-5 0.2817651 0.9594835 1.62348e-5 0.7557299 0.6548835 1.49315e-5 0.2817624 0.9594843 -1.34573e-5 0.2817623 0.9594842 -1.49315e-5 0.2817033 0.9595016 -1.61752e-5 -0.2817033 0.9595016 1.61752e-5 0.2817033 0.9595016 1.49315e-5 -0.2817033 0.9595016 -1.49315e-5 -0.2817675 0.9594828 1.34573e-5 -0.2817677 0.9594827 -1.62348e-5 -0.7557337 0.654879 1.62423e-5 -0.2817623 0.9594842 1.49315e-5 -0.75573 0.6548835 -1.34573e-5 -0.75573 0.6548835 -1.48644e-5 -0.7557699 0.6548374 1.34573e-5 -0.75577 0.6548373 -1.61976e-5 -0.9898172 0.1423443 1.62125e-5 -0.755795 0.6548084 1.48643e-5 -0.9898159 0.1423536 -1.34573e-5 -0.9898159 0.1423539 -1.49651e-5 -0.9898257 0.1422851 1.34573e-5 -0.9898257 0.1422851 -1.60262e-5 -0.9096449 -0.4153869 1.60262e-5 -0.9898258 0.1422851 1.49651e-5 -0.909645 -0.4153869 -1.34573e-5 -0.9096449 -0.4153869 -1.49315e-5 -0.9096175 -0.4154468 1.34573e-5 -0.9096174 -0.4154471 -1.62125e-5 -0.5406624 -0.8412397 1.62125e-5 -0.9096208 -0.4154397 1.49315e-5 -0.5406691 -0.8412355 -1.34573e-5 -0.5406692 -0.8412353 -1.49315e-5 -0.5406138 -0.841271 1.34573e-5 -0.540614 -0.8412709 -1.61827e-5 -2.8953e-5 -1 -1.61901e-5 -0.5406148 0.8412703 -1.49315e-5 -3.00407e-5 1 9.45234e-5 -3.00407e-5 1 1.49651e-5 3.00407e-5 1 -9.45234e-5 3.00705e-5 1 1.61454e-5 0.5406149 0.8412703 -1.61454e-5 3.00407e-5 1 -1.49651e-5 0.5406149 0.8412703 9.45234e-5 0.5406148 0.8412703 1.49315e-5 0.5406691 0.8412355 -1.34573e-5 0.5406692 0.8412353 1.62125e-5 0.9096208 0.4154397 -1.62125e-5 0.5406624 0.8412397 -1.49315e-5 0.9096175 0.4154468 1.34573e-5 0.9096174 0.4154471 1.48644e-5 0.9096447 0.4153875 -1.34573e-5 0.9096446 0.4153875 1.62348e-5 0.9898259 -0.1422843 -1.62348e-5 0.9096446 0.4153875 -1.48644e-5 0.9898259 -0.1422844 1.34573e-5 0.9898259 -0.1422844 1.49651e-5 0.9898161 -0.1423526 -1.35023e-4 0.989816 -0.1423531 1.60113e-5 0.7557641 -0.654844 -1.60187e-5 0.9898173 -0.1423435 -1.49651e-5 0.7557705 -0.6548367 1.34573e-5 0.7557706 -0.6548366 1.48644e-5 0.7557287 -0.6548849 -1.34573e-5 0.7557286 -0.654885 1.62497e-5 0.2817603 -0.9594849 -1.62572e-5 0.7557324 -0.6548807 -1.48644e-5 0.2817655 -0.9594834 1.34573e-5 0.2817657 -0.9594832 1.49315e-5 0.2817033 -0.9595016 -1.34573e-5 0.2817033 -0.9595016 1.61752e-5 -0.2817033 -0.9595016 -1.61752e-5 0.2817033 -0.9595016 -1.49315e-5 -0.2817033 -0.9595016 1.34573e-5 -0.2817033 -0.9595016 1.48644e-5 -0.2817604 -0.9594848 -1.34573e-5 -0.2817603 -0.9594848 1.62572e-5 -0.7557286 -0.6548851 -1.62572e-5 -0.2817631 -0.9594841 -1.48644e-5 -0.7557304 -0.6548829 1.34573e-5 -0.7557306 -0.6548829 1.49651e-5 -0.7557705 -0.6548367 -1.34573e-5 -0.7557705 -0.6548367 1.60784e-5 -0.9898174 -0.1423436 -1.60933e-5 -0.7557673 -0.6548404 -1.49651e-5 -0.9898167 -0.1423482 1.34573e-5 -0.9898166 -0.1423484 1.48644e-5 -0.9898259 -0.1422844 -1.34573e-5 -0.9898259 -0.1422844 1.62348e-5 -0.9096446 0.4153875 -1.62348e-5 -0.9898259 -0.1422843 -1.48644e-5 -0.9096447 0.4153875 1.34573e-5 -0.9096446 0.4153875 1.49651e-5 -0.9096176 0.4154468 -1.34573e-5 -0.9096174 0.4154469 1.61529e-5 -0.5406625 0.8412396 -1.61454e-5 -0.9096191 0.4154433 -1.49651e-5 -0.540666 0.8412375 1.34573e-5 -0.5406661 0.8412374 1.49315e-5 -0.5406159 0.8412696 -1.34573e-5 -0.540616 0.8412696 1.6205e-5 -3.15309e-5 1 4.06653e-5 1 9.3619e-6 4.06802e-5 1 -2.42349e-5 0.3826435 0.9238961 1.15499e-5 0.3826435 0.9238961 2.42349e-5 4.06653e-5 1 -1.15499e-5 0.3826435 0.9238961 -9.3619e-6 0.3827203 0.9238644 9.36189e-6 0.3827202 0.9238643 -2.42367e-5 0.7070757 0.707138 1.15499e-5 0.7070756 0.707138 2.42349e-5 0.3827203 0.9238644 -1.15499e-5 0.7070757 0.707138 -9.3619e-6 0.7071405 0.7070732 9.36189e-6 0.7071405 0.7070732 -2.42367e-5 0.9238657 0.3827169 1.15499e-5 0.9238628 0.3827239 2.42349e-5 0.7071349 0.7070787 -1.15499e-5 0.9238627 0.3827242 -9.36188e-6 0.9238945 0.3826473 9.36191e-6 0.9238946 0.3826472 -2.42349e-5 1 4.48823e-5 1.15499e-5 1 3.58969e-5 2.42367e-5 0.923898 0.3826388 -1.15499e-5 1 3.55989e-5 -9.36191e-6 -1 3.55989e-5 9.36191e-6 -1 3.58969e-5 -2.42367e-5 -0.923898 0.3826388 1.15499e-5 -0.9238946 0.3826472 2.42349e-5 -1 4.48823e-5 -1.15499e-5 -0.9238945 0.3826473 -9.36191e-6 -0.9238627 0.3827242 9.36188e-6 -0.9238628 0.3827239 -2.42349e-5 -0.7071349 0.7070787 1.15499e-5 -0.7071405 0.7070732 2.42367e-5 -0.9238657 0.3827169 -1.15499e-5 -0.7071405 0.7070732 -9.36189e-6 -0.7070757 0.707138 9.3619e-6 -0.7070756 0.707138 -2.42349e-5 -0.3827203 0.9238644 1.15499e-5 -0.3827202 0.9238643 2.42367e-5 -0.7070757 0.707138 -1.15499e-5 -0.3827203 0.9238644 -9.36189e-6 -0.3826435 0.9238961 9.3619e-6 -0.3826435 0.9238961 -2.42349e-5 -4.06653e-5 1 1.15499e-5 -4.06802e-5 1 2.42349e-5 -0.3826435 0.9238961 -1.15499e-5 -4.06653e-5 1 -9.3619e-6 -3.9652e-5 -1 9.3619e-6 -3.97116e-5 -1 -1.83638e-5 -0.3826426 -0.9238966 0 -0.3826453 -0.9238954 1.83657e-5 -4.26322e-5 -1 0 -0.3826454 -0.9238954 -9.3619e-6 -0.3827177 -0.9238653 9.3619e-6 -0.3827177 -0.9238654 -1.83638e-5 -0.7070737 -0.70714 0 -0.7070738 -0.7071399 1.83638e-5 -0.3827177 -0.9238653 0 -0.7070737 -0.70714 -9.3619e-6 -0.7071405 -0.7070732 9.36189e-6 -0.7071404 -0.7070733 -1.83657e-5 -0.9238656 -0.382717 0 -0.9238656 -0.3827171 1.83657e-5 -0.7071405 -0.7070732 0 -0.9238656 -0.382717 -9.3619e-6 -0.9238927 -0.382652 9.36192e-6 -0.9238929 -0.3826515 -1.83675e-5 -1 -4.97997e-5 0 -1 -3.50922e-5 1.83648e-5 -0.9238983 -0.382638 -5.70301e-5 -1 -3.47793e-5 -9.36192e-6 -1 -4.35412e-5 -9.3619e-6 -1 -4.35435e-5 -4.26918e-6 -0.923895 -0.3826462 -2.96072e-7 -0.923895 -0.3826462 4.27104e-6 -1 -4.34816e-5 2.96072e-7 -0.923895 -0.3826462 9.3619e-6 -0.9238578 -0.3827362 -9.36185e-6 -0.9238578 -0.3827361 -4.29526e-6 -0.7071251 -0.7070885 -4.35586e-7 -0.7071442 -0.7070694 4.29712e-6 -0.9238863 -0.3826673 4.35689e-7 -0.7071442 -0.7070695 9.36188e-6 -0.7070822 -0.7071315 -9.36192e-6 -0.7070822 -0.7071315 -4.24124e-6 -0.3827291 -0.9238607 -4.82083e-7 -0.3827028 -0.9238715 4.24497e-6 -0.7070615 -0.7071521 4.8208e-7 -0.3827028 -0.9238715 9.36195e-6 -0.3826411 -0.9238971 -9.36189e-6 -0.3826411 -0.9238972 -4.30457e-6 -3.77893e-5 -1 -2.96073e-7 -5.21839e-5 -1 4.30644e-6 -0.3826548 -0.9238915 2.4957e-7 -5.21839e-5 -1 9.36187e-6 -3.80129e-5 1 -9.36191e-6 -3.80119e-5 1 -4.30644e-6 -0.3826409 0.9238972 -2.96071e-7 -0.3826543 0.9238917 4.31016e-6 -5.28246e-5 1 2.49567e-7 -0.3826542 0.9238917 9.36193e-6 -0.382725 0.9238623 -9.36189e-6 -0.382725 0.9238624 -4.24311e-6 -0.7070794 0.7071341 -4.82086e-7 -0.7070651 0.7071485 4.24311e-6 -0.3827056 0.9238705 4.8209e-7 -0.7070651 0.7071485 9.36186e-6 -0.7071215 0.7070921 -9.36196e-6 -0.7071215 0.7070921 -4.29712e-6 -0.9238549 0.382743 -4.35576e-7 -0.92387 0.3827065 4.29712e-6 -0.7071491 0.7070645 4.82081e-7 -0.92387 0.3827065 9.36194e-6 -0.923895 0.3826462 -9.3619e-6 -0.923895 0.3826462 -4.27104e-6 -1 4.34816e-5 -2.96072e-7 -1 4.35435e-5 4.26918e-6 -0.923895 0.3826462 2.96072e-7 -1 4.35412e-5 9.3619e-6 1 4.35412e-5 -9.3619e-6 1 4.35435e-5 -4.26918e-6 0.923895 0.3826462 -2.96072e-7 0.923895 0.3826462 4.27104e-6 1 4.34816e-5 2.96072e-7 0.923895 0.3826462 9.3619e-6 0.9238578 0.3827362 -9.36185e-6 0.9238578 0.3827361 -4.29526e-6 0.7071251 0.7070885 -4.35586e-7 0.7071442 0.7070694 4.29712e-6 0.9238863 0.3826673 4.35689e-7 0.7071442 0.7070695 9.36188e-6 0.7070822 0.7071315 -9.36192e-6 0.7070822 0.7071315 -4.24124e-6 0.3827291 0.9238607 -4.82083e-7 0.3827028 0.9238715 4.24497e-6 0.7070615 0.7071521 4.8208e-7 0.3827028 0.9238715 9.36195e-6 0.3826411 0.9238971 -9.36189e-6 0.3826411 0.9238972 -4.30457e-6 3.77893e-5 1 -2.96073e-7 5.21839e-5 1 4.30644e-6 0.3826548 0.9238915 2.4957e-7 5.21839e-5 1 9.36187e-6 3.80129e-5 -1 -9.36191e-6 3.80119e-5 -1 -4.30644e-6 0.3826409 -0.9238972 -2.96071e-7 0.3826543 -0.9238917 4.31016e-6 5.28246e-5 -1 2.49567e-7 0.3826542 -0.9238917 9.36193e-6 0.382725 -0.9238623 -9.36189e-6 0.382725 -0.9238624 -4.24311e-6 0.7070794 -0.7071341 -4.82086e-7 0.7070651 -0.7071485 4.24311e-6 0.3827056 -0.9238705 4.8209e-7 0.7070651 -0.7071485 9.36186e-6 0.7071215 -0.7070921 -9.36196e-6 0.7071215 -0.7070921 -4.29712e-6 0.9238549 -0.382743 -4.35576e-7 0.92387 -0.3827065 4.29712e-6 0.7071491 -0.7070645 4.82081e-7 0.92387 -0.3827065 9.36194e-6 0.923895 -0.3826462 -9.3619e-6 0.923895 -0.3826462 -4.27104e-6 1 -4.34816e-5 -2.96072e-7 1 -4.35435e-5 4.26918e-6 0.923895 -0.3826462 2.96072e-7 1 -4.35412e-5 9.3619e-6 3.01088e-6 0 1 -5.56348e-6 0 1 5.56348e-6 0 1 -3.01088e-6 0 1 6.02174e-6 0 1 -5.56347e-6 0 1 -3.96071e-6 0 1 5.56347e-6 0 1 7.92142e-6 0 1 1 -8.6201e-7 0 1 -1.91581e-6 0 1 1.9501e-6 0 1 2.339e-6 0 1 -2.34241e-6 0 1 0 0 1 -2.43847e-7 0 1 -3.54412e-7 0 1 1.92549e-7 0 1 -1.48869e-7 0 1 -3.23913e-7 0 1 -2.32562e-6 0 1 1.02145e-5 0 1 -1.9118e-6 0 1 -3.47793e-5 9.36192e-6 1 -3.50922e-5 -1.83648e-5 0.9238983 -0.382638 5.70301e-5 0.9238929 -0.3826515 1.83675e-5 1 -4.97997e-5 0 0.9238927 -0.382652 -9.36192e-6 0.9238656 -0.382717 9.3619e-6 0.9238656 -0.3827171 -1.83657e-5 0.7071405 -0.7070732 0 0.7071404 -0.7070733 1.83657e-5 0.9238656 -0.382717 0 0.7071405 -0.7070732 -9.36189e-6 0.7070737 -0.70714 9.3619e-6 0.7070738 -0.7071399 -1.83638e-5 0.3827177 -0.9238653 0 0.3827177 -0.9238654 1.83638e-5 0.7070737 -0.70714 0 0.3827177 -0.9238653 -9.3619e-6 0.3826454 -0.9238954 9.3619e-6 0.3826453 -0.9238954 -1.83657e-5 4.26322e-5 -1 0 3.97116e-5 -1 1.83638e-5 0.3826426 -0.9238966 0 3.9652e-5 -1 -9.3619e-6</float_array>
          <technique_common>
            <accessor source="#EMROX_RPTU_V1_02_03_Caroline_simple_ROX_RPTU_Plattform_V1_02_03-mesh-normals-array" count="2869" stride="3">
              <param name="X" type="float"/>
              <param name="Y" type="float"/>
              <param name="Z" type="float"/>
            </accessor>
          </technique_common>
        </source>
        <source id="EMROX_RPTU_V1_02_03_Caroline_simple_ROX_RPTU_Plattform_V1_02_03-mesh-map-0">
          <float_array id="EMROX_RPTU_V1_02_03_Caroline_simple_ROX_RPTU_Plattform_V1_02_03-mesh-map-0-array" count="11304">-3.15 0.486788 6.15 1.570796 -3.15 2.057584 -3.15 2.057584 6.15 1.570796 6.15 3.141593 -3.15 2.057584 6.15 3.141593 -3.15 3.628381 -3.15 3.628381 6.15 3.141593 6.15 4.712389 -3.15 3.628381 6.15 4.712389 -3.15 5.199177 -3.15 5.199177 6.15 4.712389 6.15 6.283185 -3.15 5.199177 6.15 6.283185 -3.15 6.769973 -3.15 6.769973 6.15 6.283185 6.15 7.853982 -3.15 6.769973 6.15 7.853982 -3.15 8.34077 -3.15 8.34077 6.15 7.853982 6.15 9.424778 -3.15 8.34077 6.15 9.424778 -3.15 9.911566 -3.15 9.911566 6.15 9.424778 6.15 10.99557 -3.15 9.911566 6.15 10.99557 -3.15 11.48236 -3.15 11.48236 6.15 10.99557 6.15 12.56637 -3.15 11.48236 6.15 12.56637 -3.15 13.05316 -3.15 13.05316 6.15 12.56637 6.15 14.13717 -3.15 13.05316 6.15 14.13717 -3.15 14.62395 -3.15 14.62395 6.15 14.13717 6.15 15.70796 -3.15 14.62395 6.15 15.70796 -3.15 16.19475 -3.15 -15.22118 6.15 -15.70796 6.15 -14.13717 -3.15 -15.22118 6.15 -14.13717 -3.15 -13.65038 -3.15 -13.65038 6.15 -14.13717 6.15 -12.56637 -3.15 -13.65038 6.15 -12.56637 -3.15 -12.07958 -3.15 -12.07958 6.15 -12.56637 6.15 -10.99557 -3.15 -12.07958 6.15 -10.99557 -3.15 -10.50879 -3.15 -10.50879 6.15 -10.99557 6.15 -9.424778 -3.15 -10.50879 6.15 -9.424778 -3.15 -8.937991 -3.15 -8.937991 6.15 -9.424778 6.15 -7.853982 -3.15 -8.937991 6.15 -7.853982 -3.15 -7.367194 -3.15 -7.367194 6.15 -7.853982 6.15 -6.283185 -3.15 -7.367194 6.15 -6.283185 -3.15 -5.796397 -3.15 -5.796397 6.15 -6.283185 6.15 -4.712389 -3.15 -5.796397 6.15 -4.712389 -3.15 -4.225601 -3.15 -4.225601 6.15 -4.712389 6.15 -3.141593 -3.15 -4.225601 6.15 -3.141593 -3.15 -2.654805 -3.15 -2.654805 6.15 -3.141593 6.15 -1.570796 -3.15 -2.654805 6.15 -1.570796 -3.15 -1.084008 -3.15 -1.084008 6.15 -1.570796 6.15 0 -3.15 -1.084008 6.15 0 -3.15 0.486788 -3.15 0.486788 6.15 0 6.15 1.570796 -4.755282 -1.545085 4.755282 -1.545085 -5 0 -5 0 4.755282 -1.545085 5 0 -5 0 5 0 -4.755282 1.545085 -4.755282 1.545085 5 0 4.755282 1.545085 -4.755282 1.545085 4.755282 1.545085 -4.045085 2.938926 -4.045085 2.938926 4.755282 1.545085 4.045085 2.938926 -4.045085 2.938926 4.045085 2.938926 -2.938926 4.045085 -2.938926 4.045085 4.045085 2.938926 2.938926 4.045085 -2.938926 4.045085 2.938926 4.045085 -1.545085 4.755282 -1.545085 4.755282 2.938926 4.045085 1.545085 4.755282 -1.545085 4.755282 1.545085 4.755282 0 5 4.755282 -1.545085 -4.755282 -1.545085 4.045085 -2.938926 4.045085 -2.938926 -4.755282 -1.545085 -4.045085 -2.938926 4.045085 -2.938926 -4.045085 -2.938926 2.938926 -4.045085 2.938926 -4.045085 -4.045085 -2.938926 -2.938926 -4.045085 2.938926 -4.045085 -2.938926 -4.045085 1.545085 -4.755282 1.545085 -4.755282 -2.938926 -4.045085 -1.545085 -4.755282 1.545085 -4.755282 -1.545085 -4.755282 0 -5 -3.15 0.486788 6.15 1.570796 -3.15 2.057584 -3.15 2.057584 6.15 1.570796 6.15 3.141593 -3.15 2.057584 6.15 3.141593 -3.15 3.628381 -3.15 3.628381 6.15 3.141593 6.15 4.712389 -3.15 3.628381 6.15 4.712389 -3.15 5.199177 -3.15 5.199177 6.15 4.712389 6.15 6.283185 -3.15 5.199177 6.15 6.283185 -3.15 6.769973 -3.15 6.769973 6.15 6.283185 6.15 7.853982 -3.15 6.769973 6.15 7.853982 -3.15 8.34077 -3.15 8.34077 6.15 7.853982 6.15 9.424778 -3.15 8.34077 6.15 9.424778 -3.15 9.911566 -3.15 9.911566 6.15 9.424778 6.15 10.99557 -3.15 9.911566 6.15 10.99557 -3.15 11.48236 -3.15 11.48236 6.15 10.99557 6.15 12.56637 -3.15 11.48236 6.15 12.56637 -3.15 13.05316 -3.15 13.05316 6.15 12.56637 6.15 14.13717 -3.15 13.05316 6.15 14.13717 -3.15 14.62395 -3.15 14.62395 6.15 14.13717 6.15 15.70796 -3.15 14.62395 6.15 15.70796 -3.15 16.19475 -3.15 -15.22118 6.15 -15.70796 6.15 -14.13717 -3.15 -15.22118 6.15 -14.13717 -3.15 -13.65038 -3.15 -13.65038 6.15 -14.13717 6.15 -12.56637 -3.15 -13.65038 6.15 -12.56637 -3.15 -12.07958 -3.15 -12.07958 6.15 -12.56637 6.15 -10.99557 -3.15 -12.07958 6.15 -10.99557 -3.15 -10.50879 -3.15 -10.50879 6.15 -10.99557 6.15 -9.424778 -3.15 -10.50879 6.15 -9.424778 -3.15 -8.937991 -3.15 -8.937991 6.15 -9.424778 6.15 -7.853982 -3.15 -8.937991 6.15 -7.853982 -3.15 -7.367194 -3.15 -7.367194 6.15 -7.853982 6.15 -6.283185 -3.15 -7.367194 6.15 -6.283185 -3.15 -5.796397 -3.15 -5.796397 6.15 -6.283185 6.15 -4.712389 -3.15 -5.796397 6.15 -4.712389 -3.15 -4.225601 -3.15 -4.225601 6.15 -4.712389 6.15 -3.141593 -3.15 -4.225601 6.15 -3.141593 -3.15 -2.654805 -3.15 -2.654805 6.15 -3.141593 6.15 -1.570796 -3.15 -2.654805 6.15 -1.570796 -3.15 -1.084008 -3.15 -1.084008 6.15 -1.570796 6.15 0 -3.15 -1.084008 6.15 0 -3.15 0.486788 -3.15 0.486788 6.15 0 6.15 1.570796 -4.755282 -1.545085 4.755282 -1.545085 -5 0 -5 0 4.755282 -1.545085 5 0 -5 0 5 0 -4.755282 1.545085 -4.755282 1.545085 5 0 4.755282 1.545085 -4.755282 1.545085 4.755282 1.545085 -4.045085 2.938926 -4.045085 2.938926 4.755282 1.545085 4.045085 2.938926 -4.045085 2.938926 4.045085 2.938926 -2.938926 4.045085 -2.938926 4.045085 4.045085 2.938926 2.938926 4.045085 -2.938926 4.045085 2.938926 4.045085 -1.545085 4.755282 -1.545085 4.755282 2.938926 4.045085 1.545085 4.755282 -1.545085 4.755282 1.545085 4.755282 0 5 4.755282 -1.545085 -4.755282 -1.545085 4.045085 -2.938926 4.045085 -2.938926 -4.755282 -1.545085 -4.045085 -2.938926 4.045085 -2.938926 -4.045085 -2.938926 2.938926 -4.045085 2.938926 -4.045085 -4.045085 -2.938926 -2.938926 -4.045085 2.938926 -4.045085 -2.938926 -4.045085 1.545085 -4.755282 1.545085 -4.755282 -2.938926 -4.045085 -1.545085 -4.755282 1.545085 -4.755282 -1.545085 -4.755282 0 -5 -3.15 0.486788 6.15 1.570796 -3.15 2.057584 -3.15 2.057584 6.15 1.570796 6.15 3.141593 -3.15 2.057584 6.15 3.141593 -3.15 3.628381 -3.15 3.628381 6.15 3.141593 6.15 4.712389 -3.15 3.628381 6.15 4.712389 -3.15 5.199177 -3.15 5.199177 6.15 4.712389 6.15 6.283185 -3.15 5.199177 6.15 6.283185 -3.15 6.769973 -3.15 6.769973 6.15 6.283185 6.15 7.853982 -3.15 6.769973 6.15 7.853982 -3.15 8.34077 -3.15 8.34077 6.15 7.853982 6.15 9.424778 -3.15 8.34077 6.15 9.424778 -3.15 9.911566 -3.15 9.911566 6.15 9.424778 6.15 10.99557 -3.15 9.911566 6.15 10.99557 -3.15 11.48236 -3.15 11.48236 6.15 10.99557 6.15 12.56637 -3.15 11.48236 6.15 12.56637 -3.15 13.05316 -3.15 13.05316 6.15 12.56637 6.15 14.13717 -3.15 13.05316 6.15 14.13717 -3.15 14.62395 -3.15 14.62395 6.15 14.13717 6.15 15.70796 -3.15 14.62395 6.15 15.70796 -3.15 16.19475 -3.15 -15.22118 6.15 -15.70796 6.15 -14.13717 -3.15 -15.22118 6.15 -14.13717 -3.15 -13.65038 -3.15 -13.65038 6.15 -14.13717 6.15 -12.56637 -3.15 -13.65038 6.15 -12.56637 -3.15 -12.07958 -3.15 -12.07958 6.15 -12.56637 6.15 -10.99557 -3.15 -12.07958 6.15 -10.99557 -3.15 -10.50879 -3.15 -10.50879 6.15 -10.99557 6.15 -9.424778 -3.15 -10.50879 6.15 -9.424778 -3.15 -8.937991 -3.15 -8.937991 6.15 -9.424778 6.15 -7.853982 -3.15 -8.937991 6.15 -7.853982 -3.15 -7.367194 -3.15 -7.367194 6.15 -7.853982 6.15 -6.283185 -3.15 -7.367194 6.15 -6.283185 -3.15 -5.796397 -3.15 -5.796397 6.15 -6.283185 6.15 -4.712389 -3.15 -5.796397 6.15 -4.712389 -3.15 -4.225601 -3.15 -4.225601 6.15 -4.712389 6.15 -3.141593 -3.15 -4.225601 6.15 -3.141593 -3.15 -2.654805 -3.15 -2.654805 6.15 -3.141593 6.15 -1.570796 -3.15 -2.654805 6.15 -1.570796 -3.15 -1.084008 -3.15 -1.084008 6.15 -1.570796 6.15 0 -3.15 -1.084008 6.15 0 -3.15 0.486788 -3.15 0.486788 6.15 0 6.15 1.570796 -4.755282 -1.545085 4.755282 -1.545085 -5 0 -5 0 4.755282 -1.545085 5 0 -5 0 5 0 -4.755282 1.545085 -4.755282 1.545085 5 0 4.755282 1.545085 -4.755282 1.545085 4.755282 1.545085 -4.045085 2.938926 -4.045085 2.938926 4.755282 1.545085 4.045085 2.938926 -4.045085 2.938926 4.045085 2.938926 -2.938926 4.045085 -2.938926 4.045085 4.045085 2.938926 2.938926 4.045085 -2.938926 4.045085 2.938926 4.045085 -1.545085 4.755282 -1.545085 4.755282 2.938926 4.045085 1.545085 4.755282 -1.545085 4.755282 1.545085 4.755282 0 5 4.755282 -1.545085 -4.755282 -1.545085 4.045085 -2.938926 4.045085 -2.938926 -4.755282 -1.545085 -4.045085 -2.938926 4.045085 -2.938926 -4.045085 -2.938926 2.938926 -4.045085 2.938926 -4.045085 -4.045085 -2.938926 -2.938926 -4.045085 2.938926 -4.045085 -2.938926 -4.045085 1.545085 -4.755282 1.545085 -4.755282 -2.938926 -4.045085 -1.545085 -4.755282 1.545085 -4.755282 -1.545085 -4.755282 0 -5 -3.15 0.486788 6.15 1.570796 -3.15 2.057584 -3.15 2.057584 6.15 1.570796 6.15 3.141593 -3.15 2.057584 6.15 3.141593 -3.15 3.628381 -3.15 3.628381 6.15 3.141593 6.15 4.712389 -3.15 3.628381 6.15 4.712389 -3.15 5.199177 -3.15 5.199177 6.15 4.712389 6.15 6.283185 -3.15 5.199177 6.15 6.283185 -3.15 6.769973 -3.15 6.769973 6.15 6.283185 6.15 7.853982 -3.15 6.769973 6.15 7.853982 -3.15 8.34077 -3.15 8.34077 6.15 7.853982 6.15 9.424778 -3.15 8.34077 6.15 9.424778 -3.15 9.911566 -3.15 9.911566 6.15 9.424778 6.15 10.99557 -3.15 9.911566 6.15 10.99557 -3.15 11.48236 -3.15 11.48236 6.15 10.99557 6.15 12.56637 -3.15 11.48236 6.15 12.56637 -3.15 13.05316 -3.15 13.05316 6.15 12.56637 6.15 14.13717 -3.15 13.05316 6.15 14.13717 -3.15 14.62395 -3.15 14.62395 6.15 14.13717 6.15 15.70796 -3.15 14.62395 6.15 15.70796 -3.15 16.19475 -3.15 -15.22118 6.15 -15.70796 6.15 -14.13717 -3.15 -15.22118 6.15 -14.13717 -3.15 -13.65038 -3.15 -13.65038 6.15 -14.13717 6.15 -12.56637 -3.15 -13.65038 6.15 -12.56637 -3.15 -12.07958 -3.15 -12.07958 6.15 -12.56637 6.15 -10.99557 -3.15 -12.07958 6.15 -10.99557 -3.15 -10.50879 -3.15 -10.50879 6.15 -10.99557 6.15 -9.424778 -3.15 -10.50879 6.15 -9.424778 -3.15 -8.937991 -3.15 -8.937991 6.15 -9.424778 6.15 -7.853982 -3.15 -8.937991 6.15 -7.853982 -3.15 -7.367194 -3.15 -7.367194 6.15 -7.853982 6.15 -6.283185 -3.15 -7.367194 6.15 -6.283185 -3.15 -5.796397 -3.15 -5.796397 6.15 -6.283185 6.15 -4.712389 -3.15 -5.796397 6.15 -4.712389 -3.15 -4.225601 -3.15 -4.225601 6.15 -4.712389 6.15 -3.141593 -3.15 -4.225601 6.15 -3.141593 -3.15 -2.654805 -3.15 -2.654805 6.15 -3.141593 6.15 -1.570796 -3.15 -2.654805 6.15 -1.570796 -3.15 -1.084008 -3.15 -1.084008 6.15 -1.570796 6.15 0 -3.15 -1.084008 6.15 0 -3.15 0.486788 -3.15 0.486788 6.15 0 6.15 1.570796 -4.755282 -1.545085 4.755282 -1.545085 -5 0 -5 0 4.755282 -1.545085 5 0 -5 0 5 0 -4.755282 1.545085 -4.755282 1.545085 5 0 4.755282 1.545085 -4.755282 1.545085 4.755282 1.545085 -4.045085 2.938926 -4.045085 2.938926 4.755282 1.545085 4.045085 2.938926 -4.045085 2.938926 4.045085 2.938926 -2.938926 4.045085 -2.938926 4.045085 4.045085 2.938926 2.938926 4.045085 -2.938926 4.045085 2.938926 4.045085 -1.545085 4.755282 -1.545085 4.755282 2.938926 4.045085 1.545085 4.755282 -1.545085 4.755282 1.545085 4.755282 0 5 4.755282 -1.545085 -4.755282 -1.545085 4.045085 -2.938926 4.045085 -2.938926 -4.755282 -1.545085 -4.045085 -2.938926 4.045085 -2.938926 -4.045085 -2.938926 2.938926 -4.045085 2.938926 -4.045085 -4.045085 -2.938926 -2.938926 -4.045085 2.938926 -4.045085 -2.938926 -4.045085 1.545085 -4.755282 1.545085 -4.755282 -2.938926 -4.045085 -1.545085 -4.755282 1.545085 -4.755282 -1.545085 -4.755282 0 -5 -2 1.675516 0 1.675516 -2 1.954769 -2 1.954769 0 1.675516 0 1.954769 -2 1.954769 0 1.954769 0 2.234021 0 2.513274 -2 2.513274 0 2.234021 0 2.234021 -2 2.513274 -2 2.234021 0 2.234021 -2 2.234021 -2 1.954769 -1.385641 0 0 0 -1.385641 2 -1.385641 2 0 0 0 2 2 0 0 0 2 -0.279253 2 -0.279253 0 0 0 -0.279253 2 -0.279253 0 -0.279253 0 -0.558505 0 -0.837758 2 -0.837758 0 -0.558505 0 -0.558505 2 -0.837758 2 -0.558505 0 -0.558505 2 -0.558505 2 -0.279253 -5.267 0 0 0 -5.267 2 -5.267 2 0 0 0 2 2 0 0 0 2 -0.279253 2 -0.279253 0 0 0 -0.279253 2 -0.279253 0 -0.279253 0 -0.558505 0 -0.837758 2 -0.837758 0 -0.558505 0 -0.558505 2 -0.837758 2 -0.558505 0 -0.558505 2 -0.558505 2 -0.279253 -1.385641 0 0 0 -1.385641 2 -1.385641 2 0 0 0 2 -2 1.675516 0 1.675516 -2 1.954769 -2 1.954769 0 1.675516 0 1.954769 -2 1.954769 0 1.954769 0 2.234021 0 2.513274 -2 2.513274 0 2.234021 0 2.234021 -2 2.513274 -2 2.234021 0 2.234021 -2 2.234021 -2 1.954769 -0.812836 4.197731 -0.812836 -4.197731 -0.6 4.019141 -0.6 4.019141 -0.812836 -4.197731 -0.6 -4.019141 -0.6 4.019141 -0.6 -4.019141 0.6 3.32632 0.6 3.32632 -0.6 -4.019141 0.6 -3.32632 0.6 3.32632 0.6 -3.32632 0.812836 -3.14773 -0.812836 -4.197731 -0.812836 4.197731 -0.951754 -4.438345 -0.951754 -4.438345 -0.812836 4.197731 -0.951754 4.438345 -0.951754 -4.438345 -0.951754 4.438345 -1 -4.711961 -1 -4.711961 -0.951754 4.438345 -1 4.711961 0.951754 -2.907116 1 -2.6335 0.812836 -3.14773 0.812836 -3.14773 1 -2.6335 0.6 3.32632 0.6 3.32632 1 -2.6335 0.812836 3.14773 0.812836 3.14773 1 -2.6335 1 2.6335 0.812836 3.14773 1 2.6335 0.951754 2.907116 10.71166 20.64825 10.95227 20.78717 10.43804 20.6 10.43804 20.6 10.95227 20.78717 0 20.6 0 20.6 10.95227 20.78717 11.13086 21 0 20.6 11.13086 21 11.82368 22.2 11.82368 22.2 12.00227 22.41284 0 20.6 0 20.6 12.00227 22.41284 12.24288 22.55175 0 20.6 12.24288 22.55175 0 30.4 0 30.4 12.24288 22.55175 12.5165 22.6 0 30.4 12.5165 22.6 17.7835 22.6 0 30.4 17.7835 22.6 80.7 30.4 80.7 30.4 17.7835 22.6 18.05712 22.55175 80.7 30.4 18.05712 22.55175 80.7 20.6 80.7 20.6 18.05712 22.55175 18.29773 22.41284 80.7 20.6 18.29773 22.41284 18.47632 22.2 18.47632 22.2 19.16914 21 80.7 20.6 80.7 20.6 19.16914 21 19.86196 20.6 19.86196 20.6 19.16914 21 19.34773 20.78717 19.86196 20.6 19.34773 20.78717 19.58835 20.64825 -0.5 0 0.5 0 -0.5 0.907135 -0.5 0.907135 0.5 0 0.5 0.907135 -0.5 0.907135 0.5 0.907135 -0.5 1.81427 -0.5 1.81427 0.5 0.907135 0.5 1.81427 -0.5 1.81427 0.5 1.81427 -0.5 2.721405 -0.5 2.721405 0.5 1.81427 0.5 2.721405 -0.5 2.721405 0.5 2.721405 -0.5 3.62854 -0.5 3.62854 0.5 2.721405 0.5 3.62854 -0.004999995 -0.5 0.004999995 -0.5 -0.004999995 0.5 -0.004999995 0.5 0.004999995 -0.5 0.004999995 0.5 -0.5 0 0.5 0 -0.5 0.907135 -0.5 0.907135 0.5 0 0.5 0.907135 -0.5 0.907135 0.5 0.907135 -0.5 1.81427 -0.5 1.81427 0.5 0.907135 0.5 1.81427 -0.5 1.81427 0.5 1.81427 -0.5 2.721405 -0.5 2.721405 0.5 1.81427 0.5 2.721405 -0.5 2.721405 0.5 2.721405 -0.5 3.62854 -0.5 3.62854 0.5 2.721405 0.5 3.62854 -0.004999995 -0.5 0.004999995 -0.5 -0.004999995 0.5 -0.004999995 0.5 0.004999995 -0.5 0.004999995 0.5 -15.85 -1.806416 -4.35 -1.806416 -15.85 -0.903208 -15.85 -0.903208 -4.35 -1.806416 -4.35 -0.903208 -15.85 -0.903208 -4.35 -0.903208 -15.85 0 -15.85 0 -4.35 -0.903208 -4.35 0 -15.85 0 -4.35 0 -15.85 0.903208 -15.85 0.903208 -4.35 0 -4.35 0.903208 -15.85 0.903208 -4.35 0.903208 -15.85 1.806416 -15.85 1.806416 -4.35 0.903208 -4.35 1.806416 -3.35 -1.806416 21.65 -1.806416 -3.35 -0.903208 -3.35 -0.903208 21.65 -1.806416 21.65 -0.903208 -3.35 -0.903208 21.65 -0.903208 -3.35 0 -3.35 0 21.65 -0.903208 21.65 0 -3.35 0 21.65 0 -3.35 0.903208 -3.35 0.903208 21.65 0 21.65 0.903208 -3.35 0.903208 21.65 0.903208 -3.35 1.806416 -3.35 1.806416 21.65 0.903208 21.65 1.806416 32.85 1.806416 22.65 1.806416 32.85 0.903208 32.85 0.903208 22.65 1.806416 22.65 0.903208 32.85 0.903208 22.65 0.903208 32.85 0 32.85 0 22.65 0.903208 22.65 0 32.85 0 22.65 0 32.85 -0.903208 32.85 -0.903208 22.65 0 22.65 -0.903208 32.85 -0.903208 22.65 -0.903208 32.85 -1.806416 32.85 -1.806416 22.65 -0.903208 22.65 -1.806416 0 0 12.1 0 0 0.00999999 0 0.00999999 12.1 0 12.1 0.00999999 12.1 0.00999999 12.1 0 12.984 -0.165838 12.984 -0.165838 12.1 0 12.98017 -0.175077 12.984 -0.165838 12.98017 -0.175077 13.73342 -0.666583 13.73342 -0.666583 12.98017 -0.175077 13.72635 -0.673654 13.73342 -0.666583 13.72635 -0.673654 14.23416 -1.416001 14.23416 -1.416001 13.72635 -0.673654 14.22492 -1.419828 14.23416 -1.416001 14.22492 -1.419828 14.41 -2.3 14.41 -2.3 14.22492 -1.419828 14.4 -2.3 12.1 0 0 0.00999999 0 0 0 0 0 0.00999999 -0.883999 -0.165838 0 0 -0.883999 -0.165838 -0.880172 -0.175077 -0.880172 -0.175077 -0.883999 -0.165838 -1.633417 -0.666583 -0.880172 -0.175077 -1.633417 -0.666583 -1.626346 -0.673654 -1.626346 -0.673654 -1.633417 -0.666583 -2.134162 -1.416001 -1.626346 -0.673654 -2.134162 -1.416001 -2.124923 -1.419828 -2.124923 -1.419828 -2.134162 -1.416001 -2.31 -2.3 -2.124923 -1.419828 -2.31 -2.3 -2.3 -2.3 12.1 0 12.1 0.00999999 0 0.00999999 6.05 0.5 -6.05 0.5 6.05 -0.5 6.05 -0.5 -6.05 0.5 -6.05 -0.5 0 0 12.1 0 0 0.00999999 0 0.00999999 12.1 0 12.1 0.00999999 12.1 0.00999999 12.1 0 12.984 -0.165838 12.984 -0.165838 12.1 0 12.98017 -0.175077 12.984 -0.165838 12.98017 -0.175077 13.73342 -0.666583 13.73342 -0.666583 12.98017 -0.175077 13.72635 -0.673654 13.73342 -0.666583 13.72635 -0.673654 14.23416 -1.416001 14.23416 -1.416001 13.72635 -0.673654 14.22492 -1.419828 14.23416 -1.416001 14.22492 -1.419828 14.41 -2.3 14.41 -2.3 14.22492 -1.419828 14.4 -2.3 12.1 0 0 0.00999999 0 0 0 0 0 0.00999999 -0.883999 -0.165838 0 0 -0.883999 -0.165838 -0.880172 -0.175077 -0.880172 -0.175077 -0.883999 -0.165838 -1.633417 -0.666583 -0.880172 -0.175077 -1.633417 -0.666583 -1.626346 -0.673654 -1.626346 -0.673654 -1.633417 -0.666583 -2.134162 -1.416001 -1.626346 -0.673654 -2.134162 -1.416001 -2.124923 -1.419828 -2.124923 -1.419828 -2.134162 -1.416001 -2.31 -2.3 -2.124923 -1.419828 -2.31 -2.3 -2.3 -2.3 12.1 0 12.1 0.00999999 0 0.00999999 6.05 0.5 -6.05 0.5 6.05 -0.5 6.05 -0.5 -6.05 0.5 -6.05 -0.5 38.5 3 48.7 3 38.5 15.1 38.5 15.1 48.7 3 48.7 15.1 12.5 3 37.5 3 12.5 15.1 12.5 15.1 37.5 3 37.5 15.1 11.5 15.1 0 15.1 11.5 3 11.5 3 0 15.1 0 3 0 -3.141593 -1 -3.141593 0 -3.926991 0 -3.926991 -1 -3.141593 -1 -3.926991 0 -3.926991 -1 -3.926991 -1 -4.712389 0 -3.926991 -1 -4.712389 0 -4.712389 0 -4.712389 -1 -4.712389 -1 -5.497787 0 -4.712389 -1 -5.497787 0 -5.497787 0 -5.497787 -1 -5.497787 0 -6.283185 0 -6.283185 -1 -5.497787 -1 -6.283185 0 1 -0.3 1 0 0 0 0 -0.3 1 -0.3 0 0 0 1 0 0 0.680678 0 0.680678 1 0 1 0.680678 0 0.680678 1 0.680678 0 1.361357 0 1.361357 1 0.680678 1 1.361357 0 1.361357 1 1.361357 0 2.042035 0 2.042035 1 1.361357 1 2.042035 0 1 -2.7 1 0 0 0 0 -2.7 1 -2.7 0 0 -3.141593 -1 -3.141593 0 -3.926991 0 -3.926991 -1 -3.141593 -1 -3.926991 0 -3.926991 -1 -3.926991 -1 -4.712389 0 -3.926991 -1 -4.712389 0 -4.712389 0 -4.712389 -1 -4.712389 -1 -5.497787 0 -4.712389 -1 -5.497787 0 -5.497787 0 -5.497787 -1 -5.497787 0 -6.283185 0 -6.283185 -1 -5.497787 -1 -6.283185 0 1 -2.2 1 0 0 0 0 -2.2 1 -2.2 0 0 27.4 -1 27.4 0 17.6 0 17.6 -1 27.4 -1 17.6 23.85 1.806416 -56.85 1.806416 23.85 0.903208 23.85 0.903208 -56.85 1.806416 -56.85 0.903208 23.85 0.903208 -56.85 0.903208 23.85 0 23.85 0 -56.85 0.903208 -56.85 0 23.85 0 -56.85 0 23.85 -0.903208 23.85 -0.903208 -56.85 0 -56.85 -0.903208 23.85 -0.903208 -56.85 -0.903208 23.85 -1.806416 23.85 -1.806416 -56.85 -0.903208 -56.85 -1.806416 -8.5 1 0 1 -8.5 3.2 -8.5 3.2 0 1 0 3.2 -21.25 -0.785398 -12.75 -0.785398 -21.25 -0.261799 -21.25 -0.261799 -12.75 -0.785398 -12.75 -0.261799 -21.25 -0.261799 -12.75 -0.261799 -21.25 0.261799 -21.25 0.261799 -12.75 -0.261799 -12.75 0.261799 -21.25 0.261799 -12.75 0.261799 -21.25 0.785398 -21.25 0.785398 -12.75 0.261799 -12.75 0.785398 -34 29 -34 31.7 -42.5 29 -42.5 29 -34 31.7 -47.7 31.7 -42.5 29 -47.7 31.7 -43.45671 28.8097 -43.45671 28.8097 -47.7 31.7 -44.26777 28.26777 -44.26777 28.26777 -47.7 31.7 -44.8097 27.45671 -44.8097 27.45671 -47.7 31.7 -45 26.5 -45 26.5 -47.7 31.7 -47.7 20.2 -45 26.5 -47.7 20.2 -47.7 19.2 -47.7 19.2 -47.7 -5.8 -45 26.5 -45 26.5 -47.7 -5.8 -45 -17 -45 -17 -47.7 -5.8 -47.7 -6.8 -45 -17 -47.7 -6.8 -47.7 -17 71.55001 1.806416 57.85 1.806416 71.55001 0.903208 71.55001 0.903208 57.85 1.806416 57.85 0.903208 71.55001 0.903208 57.85 0.903208 71.55001 0 71.55001 0 57.85 0.903208 57.85 0 71.55001 0 57.85 0 71.55001 -0.903208 71.55001 -0.903208 57.85 0 57.85 -0.903208 71.55001 -0.903208 57.85 -0.903208 71.55001 -1.806416 71.55001 -1.806416 57.85 -0.903208 57.85 -1.806416 0 -3.141593 -1 -3.141593 0 -3.926991 0 -3.926991 -1 -3.141593 -1 -3.926991 0 -3.926991 -1 -3.926991 -1 -4.712389 0 -3.926991 -1 -4.712389 0 -4.712389 0 -4.712389 -1 -4.712389 -1 -5.497787 0 -4.712389 -1 -5.497787 0 -5.497787 0 -5.497787 -1 -5.497787 0 -6.283185 0 -6.283185 -1 -5.497787 -1 -6.283185 0 1 -0.3 1 0 0 0 0 -0.3 1 -0.3 0 0 0 1 0 0 0.680678 0 0.680678 1 0 1 0.680678 0 0.680678 1 0.680678 0 1.361357 0 1.361357 1 0.680678 1 1.361357 0 1.361357 1 1.361357 0 2.042035 0 2.042035 1 1.361357 1 2.042035 0 1 -2.7 1 0 0 0 0 -2.7 1 -2.7 0 0 -3.141593 -1 -3.141593 0 -3.926991 0 -3.926991 -1 -3.141593 -1 -3.926991 0 -3.926991 -1 -3.926991 -1 -4.712389 0 -3.926991 -1 -4.712389 0 -4.712389 0 -4.712389 -1 -4.712389 -1 -5.497787 0 -4.712389 -1 -5.497787 0 -5.497787 0 -5.497787 -1 -5.497787 0 -6.283185 0 -6.283185 -1 -5.497787 -1 -6.283185 0 1 -2.2 1 0 0 0 0 -2.2 1 -2.2 0 0 27.4 -1 27.4 0 17.6 0 17.6 -1 27.4 -1 17.6 15.85 1.806416 -32.85 1.806416 15.85 0.903208 15.85 0.903208 -32.85 1.806416 -32.85 0.903208 15.85 0.903208 -32.85 0.903208 15.85 0 15.85 0 -32.85 0.903208 -32.85 0 15.85 0 -32.85 0 15.85 -0.903208 15.85 -0.903208 -32.85 0 -32.85 -0.903208 15.85 -0.903208 -32.85 -0.903208 15.85 -1.806416 15.85 -1.806416 -32.85 -0.903208 -32.85 -1.806416 -4.846606 1 0 1 -4.846606 3.2 -4.846606 3.2 0 1 0 3.2 -11.4233 -0.785398 -6.576697 -0.785398 -11.44679 -0.374732 -11.44679 -0.374732 -6.576697 -0.785398 -6.576697 -0.261799 -11.44679 -0.374732 -6.576697 -0.261799 -11.5214 0.02750599 -11.5214 0.02750599 -6.576697 -0.261799 -6.576697 0.261799 -11.5214 0.02750599 -6.576697 0.261799 -11.65429 0.417601 -11.65429 0.417601 -6.576697 0.261799 -6.576697 0.785398 -11.65429 0.417601 -6.576697 0.785398 -11.83939 0.785398 -33 29 39.26269 29 -33 31.7 -33 31.7 39.26269 29 40.14958 30.07415 -33 31.7 40.14958 30.07415 41.33901 30.79915 41.33901 30.79915 42.70016 31.09524 -33 31.7 -33 31.7 42.70016 31.09524 47.7 31.7 47.7 31.7 42.70016 31.09524 44.08327 30.92987 47.7 31.7 44.08327 30.92987 45.33624 30.32122 45.33624 30.32122 46.32122 29.33624 47.7 31.7 47.7 31.7 46.32122 29.33624 46.92987 28.08328 47.7 31.7 46.92987 28.08328 47.09524 26.70016 47.7 31.7 47.09524 26.70016 47.7 18 47.7 18 47.09524 26.70016 46.79914 25.33902 47.7 18 46.79914 25.33902 46.07415 24.14959 46.07415 24.14959 45 23.26269 47.7 18 47.7 18 45 23.26269 45 18 47.55 1.806416 33.85 1.806416 47.55 0.903208 47.55 0.903208 33.85 1.806416 33.85 0.903208 47.55 0.903208 33.85 0.903208 47.55 0 47.55 0 33.85 0.903208 33.85 0 47.55 0 33.85 0 47.55 -0.903208 47.55 -0.903208 33.85 0 33.85 -0.903208 47.55 -0.903208 33.85 -0.903208 47.55 -1.806416 47.55 -1.806416 33.85 -0.903208 33.85 -1.806416 0 -3.141593 -1 -3.141593 0 -3.926991 0 -3.926991 -1 -3.141593 -1 -3.926991 0 -3.926991 -1 -3.926991 -1 -4.712389 0 -3.926991 -1 -4.712389 0 -4.712389 0 -4.712389 -1 -4.712389 -1 -5.497787 0 -4.712389 -1 -5.497787 0 -5.497787 0 -5.497787 -1 -5.497787 0 -6.283185 0 -6.283185 -1 -5.497787 -1 -6.283185 0 1 -2.7 1 0 0 0 0 -2.7 1 -2.7 0 0 0 1 0 0 0.680678 0 0.680678 1 0 1 0.680678 0 0.680678 1 0.680678 0 1.361357 0 1.361357 1 0.680678 1 1.361357 0 1.361357 1 1.361357 0 2.042035 0 2.042035 1 1.361357 1 2.042035 0 1 -2.2 1 0 0 0 0 -2.2 1 -2.2 0 0 1 -0.3 1 0 0 0 0 -0.3 1 -0.3 0 0 -3.141593 -1 -3.141593 0 -3.926991 0 -3.926991 -1 -3.141593 -1 -3.926991 0 -3.926991 -1 -3.926991 -1 -4.712389 0 -3.926991 -1 -4.712389 0 -4.712389 0 -4.712389 -1 -4.712389 -1 -5.497787 0 -4.712389 -1 -5.497787 0 -5.497787 0 -5.497787 -1 -5.497787 0 -6.283185 0 -6.283185 -1 -5.497787 -1 -6.283185 71.55001 1.806416 57.85 1.806416 71.55001 0.903208 71.55001 0.903208 57.85 1.806416 57.85 0.903208 71.55001 0.903208 57.85 0.903208 71.55001 0 71.55001 0 57.85 0.903208 57.85 0 71.55001 0 57.85 0 71.55001 -0.903208 71.55001 -0.903208 57.85 0 57.85 -0.903208 71.55001 -0.903208 57.85 -0.903208 71.55001 -1.806416 71.55001 -1.806416 57.85 -0.903208 57.85 -1.806416 -23.85 -1.806416 56.85 -1.806416 -23.85 -0.903208 -23.85 -0.903208 56.85 -1.806416 56.85 -0.903208 -23.85 -0.903208 56.85 -0.903208 -23.85 0 -23.85 0 56.85 -0.903208 56.85 0 -23.85 0 56.85 0 -23.85 0.903208 -23.85 0.903208 56.85 0 56.85 0.903208 -23.85 0.903208 56.85 0.903208 -23.85 1.806416 -23.85 1.806416 56.85 0.903208 56.85 1.806416 45 17 45 -26.5 47.7 17 47.7 17 45 -26.5 47.7 -31.7 47.7 -31.7 45 -26.5 44.8097 -27.45671 47.7 -31.7 44.8097 -27.45671 44.26777 -28.26777 44.26777 -28.26777 43.45671 -28.8097 47.7 -31.7 47.7 -31.7 43.45671 -28.8097 42.5 -29 47.7 -31.7 42.5 -29 34 -31.7 34 -31.7 42.5 -29 34 -29 33 -29 -39.26269 -29 33 -31.7 33 -31.7 -39.26269 -29 -40.14958 -30.07415 33 -31.7 -40.14958 -30.07415 -41.33901 -30.79915 -41.33901 -30.79915 -42.70016 -31.09524 33 -31.7 33 -31.7 -42.70016 -31.09524 -47.7 -31.7 -47.7 -31.7 -42.70016 -31.09524 -44.08327 -30.92987 -47.7 -31.7 -44.08327 -30.92987 -45.33624 -30.32122 -45.33624 -30.32122 -46.32122 -29.33624 -47.7 -31.7 -47.7 -31.7 -46.32122 -29.33624 -46.92987 -28.08328 -47.7 -31.7 -46.92987 -28.08328 -47.09524 -26.70016 -47.7 -31.7 -47.09524 -26.70016 -47.7 -18 -47.7 -18 -47.09524 -26.70016 -46.79914 -25.33902 -47.7 -18 -46.79914 -25.33902 -46.07415 -24.14959 -46.07415 -24.14959 -45 -23.26269 -47.7 -18 -47.7 -18 -45 -23.26269 -45 -18 -21.25 -0.785398 -12.75 -0.785398 -21.25 -0.261799 -21.25 -0.261799 -12.75 -0.785398 -12.75 -0.261799 -21.25 -0.261799 -12.75 -0.261799 -21.25 0.261799 -21.25 0.261799 -12.75 -0.261799 -12.75 0.261799 -21.25 0.261799 -12.75 0.261799 -21.25 0.785398 -21.25 0.785398 -12.75 0.261799 -12.75 0.785398 60.51269 0.785398 -11.75 0.785398 60.32759 0.417601 60.32759 0.417601 -11.75 0.785398 -11.75 0.261799 60.32759 0.417601 -11.75 0.261799 60.1947 0.02750599 60.1947 0.02750599 -11.75 0.261799 -11.75 -0.261799 60.1947 0.02750599 -11.75 -0.261799 60.12009 -0.374732 60.12009 -0.374732 -11.75 -0.261799 -11.75 -0.785398 60.12009 -0.374732 -11.75 -0.785398 60.09661 -0.785398 -8.5 1 0 1 -8.5 3.2 -8.5 3.2 0 1 0 3.2 -9.5 3.2 -81.34661 3.2 -9.5 1 -9.5 1 -81.34661 3.2 -81.34661 1 -71.55001 -1.806416 -57.85 -1.806416 -71.55001 -0.903208 -71.55001 -0.903208 -57.85 -1.806416 -57.85 -0.903208 -71.55001 -0.903208 -57.85 -0.903208 -71.55001 0 -71.55001 0 -57.85 -0.903208 -57.85 0 -71.55001 0 -57.85 0 -71.55001 0.903208 -71.55001 0.903208 -57.85 0 -57.85 0.903208 -71.55001 0.903208 -57.85 0.903208 -71.55001 1.806416 -71.55001 1.806416 -57.85 0.903208 -57.85 1.806416 0 -3.141593 -1 -3.141593 0 -3.926991 0 -3.926991 -1 -3.141593 -1 -3.926991 0 -3.926991 -1 -3.926991 -1 -4.712389 0 -3.926991 -1 -4.712389 0 -4.712389 0 -4.712389 -1 -4.712389 -1 -5.497787 0 -4.712389 -1 -5.497787 0 -5.497787 0 -5.497787 -1 -5.497787 0 -6.283185 0 -6.283185 -1 -5.497787 -1 -6.283185 0 1 -0.3 1 0 0 0 0 -0.3 1 -0.3 0 0 1 -2.7 1 0 0 0 0 -2.7 1 -2.7 0 0 -3.141593 -1 -3.141593 0 -3.926991 0 -3.926991 -1 -3.141593 -1 -3.926991 0 -3.926991 -1 -3.926991 -1 -4.712389 0 -3.926991 -1 -4.712389 0 -4.712389 0 -4.712389 -1 -4.712389 -1 -5.497787 0 -4.712389 -1 -5.497787 0 -5.497787 0 -5.497787 -1 -5.497787 0 -6.283185 0 -6.283185 -1 -5.497787 -1 -6.283185 0 1 -2.2 1 0 0 0 0 -2.2 1 -2.2 0 0 0 1 0 0 0.680678 0 0.680678 1 0 1 0.680678 0 0.680678 1 0.680678 0 1.361357 0 1.361357 1 0.680678 1 1.361357 0 1.361357 1 1.361357 0 2.042035 0 2.042035 1 1.361357 1 2.042035 0 27.4 -1 27.4 0 17.6 0 17.6 -1 27.4 -1 17.6 15.85 1.806416 -32.85 1.806416 15.85 0.903208 15.85 0.903208 -32.85 1.806416 -32.85 0.903208 15.85 0.903208 -32.85 0.903208 15.85 0 15.85 0 -32.85 0.903208 -32.85 0 15.85 0 -32.85 0 15.85 -0.903208 15.85 -0.903208 -32.85 0 -32.85 -0.903208 15.85 -0.903208 -32.85 -0.903208 15.85 -1.806416 15.85 -1.806416 -32.85 -0.903208 -32.85 -1.806416 -47.55 -1.806416 -33.85 -1.806416 -47.55 -0.903208 -47.55 -0.903208 -33.85 -1.806416 -33.85 -0.903208 -47.55 -0.903208 -33.85 -0.903208 -47.55 0 -47.55 0 -33.85 -0.903208 -33.85 0 -47.55 0 -33.85 0 -47.55 0.903208 -47.55 0.903208 -33.85 0 -33.85 0.903208 -47.55 0.903208 -33.85 0.903208 -47.55 1.806416 -47.55 1.806416 -33.85 0.903208 -33.85 1.806416 47.55 1.806416 33.85 1.806416 47.55 0.903208 47.55 0.903208 33.85 1.806416 33.85 0.903208 47.55 0.903208 33.85 0.903208 47.55 0 47.55 0 33.85 0.903208 33.85 0 47.55 0 33.85 0 47.55 -0.903208 47.55 -0.903208 33.85 0 33.85 -0.903208 47.55 -0.903208 33.85 -0.903208 47.55 -1.806416 47.55 -1.806416 33.85 -0.903208 33.85 -1.806416 -4.846606 1 0 1 -4.846606 3.2 -4.846606 3.2 0 1 0 3.2 -11.4233 -0.785398 -6.576697 -0.785398 -11.44679 -0.374732 -11.44679 -0.374732 -6.576697 -0.785398 -6.576697 -0.261799 -11.44679 -0.374732 -6.576697 -0.261799 -11.5214 0.02750599 -11.5214 0.02750599 -6.576697 -0.261799 -6.576697 0.261799 -11.5214 0.02750599 -6.576697 0.261799 -11.65429 0.417601 -11.65429 0.417601 -6.576697 0.261799 -6.576697 0.785398 -11.65429 0.417601 -6.576697 0.785398 -11.83939 0.785398 0 12.1 -1 12.1 0 0 0 0 -1 12.1 -1 0 0 0 0 12.1 -0.3 12.1 -0.3 12.1 0 12.1 -0.175077 12.98017 -0.3 12.1 -0.175077 12.98017 -0.452241 12.86537 -0.452241 12.86537 -0.175077 12.98017 -0.673654 13.72635 -0.452241 12.86537 -0.673654 13.72635 -0.885786 13.51421 -0.885786 13.51421 -0.673654 13.72635 -1.419828 14.22492 -0.885786 13.51421 -1.419828 14.22492 -1.534633 13.94776 -1.534633 13.94776 -1.419828 14.22492 -2.3 14.4 -1.534633 13.94776 -2.3 14.4 -2.3 14.1 -2.3 14.1 -2.3 14.4 -5 14.1 -5 14.1 -2.3 14.4 -5 14.4 -5 14.1 -5 14.4 -5.5 14.53397 -5 14.1 -5.5 14.53397 -5.65 14.27417 -5.65 14.27417 -5.5 14.53397 -5.866025 14.9 -5.65 14.27417 -5.866025 14.9 -6.125833 14.75 -6.125833 14.75 -5.866025 14.9 -6 15.4 -6.125833 14.75 -6 15.4 -6.3 15.4 -6.3 15.4 -6 15.4 -6.3 17.6 -6.3 17.6 -6 15.4 -6 17.6 -0.3 12.1 -0.3 0 0 0 0 17.6 0 27.4 -0.3 27.4 -0.3 27.4 0 27.4 -0.175077 28.28017 -0.3 27.4 -0.175077 28.28017 -0.452241 28.16537 -0.452241 28.16537 -0.175077 28.28017 -0.673654 29.02635 -0.452241 28.16537 -0.673654 29.02635 -0.885786 28.81421 -0.885786 28.81421 -0.673654 29.02635 -1.419828 29.52492 -0.885786 28.81421 -1.419828 29.52492 -1.534633 29.24776 -1.534633 29.24776 -1.419828 29.52492 -2.3 29.7 -1.534633 29.24776 -2.3 29.7 -2.3 29.4 -0.3 27.4 -0.3 17.6 0 17.6 1.119828 14.22492 1.234633 13.94776 2 14.4 2 14.4 1.234633 13.94776 2 14.1 2 14.4 2 14.1 4.7 14.1 1.234633 13.94776 1.119828 14.22492 0.585786 13.51421 0.585786 13.51421 1.119828 14.22492 0.373654 13.72635 0.585786 13.51421 0.373654 13.72635 0.152241 12.86537 0.152241 12.86537 0.373654 13.72635 -0.124923 12.98017 0.152241 12.86537 -0.124923 12.98017 0 12.1 0 12.1 -0.124923 12.98017 -0.3 12.1 0 12.1 -0.3 12.1 0 0 0 0 -0.3 12.1 -0.3 0 5.35 14.27417 5.2 14.53397 4.7 14.1 4.7 14.1 5.2 14.53397 4.7 14.4 4.7 14.1 4.7 14.4 2 14.4 5.2 14.53397 5.35 14.27417 5.566025 14.9 5.566025 14.9 5.35 14.27417 5.825833 14.75 5.566025 14.9 5.825833 14.75 5.7 15.4 5.7 15.4 5.825833 14.75 6 15.4 5.7 15.4 6 15.4 5.7 17.6 5.7 17.6 6 15.4 6 17.6 2 29.4 2 29.7 1.234633 29.24776 1.234633 29.24776 2 29.7 1.119828 29.52492 1.234633 29.24776 1.119828 29.52492 0.585786 28.81421 0.585786 28.81421 1.119828 29.52492 0.373654 29.02635 0.585786 28.81421 0.373654 29.02635 0.152241 28.16537 0.152241 28.16537 0.373654 29.02635 -0.124923 28.28017 0.152241 28.16537 -0.124923 28.28017 0 27.4 0 27.4 -0.124923 28.28017 -0.3 27.4 0 27.4 -0.3 27.4 0 17.6 0 17.6 -0.3 27.4 -0.3 17.6 0 12.1 -1 12.1 0 0 0 0 -1 12.1 -1 0 0 0 0 12.1 -0.3 12.1 -0.3 12.1 0 12.1 -0.175077 12.98017 -0.3 12.1 -0.175077 12.98017 -0.452241 12.86537 -0.452241 12.86537 -0.175077 12.98017 -0.673654 13.72635 -0.452241 12.86537 -0.673654 13.72635 -0.885786 13.51421 -0.885786 13.51421 -0.673654 13.72635 -1.419828 14.22492 -0.885786 13.51421 -1.419828 14.22492 -1.534633 13.94776 -1.534633 13.94776 -1.419828 14.22492 -2.3 14.4 -1.534633 13.94776 -2.3 14.4 -2.3 14.1 -2.3 14.1 -2.3 14.4 -5 14.1 -5 14.1 -2.3 14.4 -5 14.4 -5 14.1 -5 14.4 -5.5 14.53397 -5 14.1 -5.5 14.53397 -5.65 14.27417 -5.65 14.27417 -5.5 14.53397 -5.866025 14.9 -5.65 14.27417 -5.866025 14.9 -6.125833 14.75 -6.125833 14.75 -5.866025 14.9 -6 15.4 -6.125833 14.75 -6 15.4 -6.3 15.4 -6.3 15.4 -6 15.4 -6.3 17.6 -6.3 17.6 -6 15.4 -6 17.6 -0.3 12.1 -0.3 0 0 0 0 17.6 0 27.4 -0.3 27.4 -0.3 27.4 0 27.4 -0.175077 28.28017 -0.3 27.4 -0.175077 28.28017 -0.452241 28.16537 -0.452241 28.16537 -0.175077 28.28017 -0.673654 29.02635 -0.452241 28.16537 -0.673654 29.02635 -0.885786 28.81421 -0.885786 28.81421 -0.673654 29.02635 -1.419828 29.52492 -0.885786 28.81421 -1.419828 29.52492 -1.534633 29.24776 -1.534633 29.24776 -1.419828 29.52492 -2.3 29.7 -1.534633 29.24776 -2.3 29.7 -2.3 29.4 -0.3 27.4 -0.3 17.6 0 17.6 1.119828 14.22492 1.234633 13.94776 2 14.4 2 14.4 1.234633 13.94776 2 14.1 2 14.4 2 14.1 4.7 14.1 1.234633 13.94776 1.119828 14.22492 0.585786 13.51421 0.585786 13.51421 1.119828 14.22492 0.373654 13.72635 0.585786 13.51421 0.373654 13.72635 0.152241 12.86537 0.152241 12.86537 0.373654 13.72635 -0.124923 12.98017 0.152241 12.86537 -0.124923 12.98017 0 12.1 0 12.1 -0.124923 12.98017 -0.3 12.1 0 12.1 -0.3 12.1 0 0 0 0 -0.3 12.1 -0.3 0 5.35 14.27417 5.2 14.53397 4.7 14.1 4.7 14.1 5.2 14.53397 4.7 14.4 4.7 14.1 4.7 14.4 2 14.4 5.2 14.53397 5.35 14.27417 5.566025 14.9 5.566025 14.9 5.35 14.27417 5.825833 14.75 5.566025 14.9 5.825833 14.75 5.7 15.4 5.7 15.4 5.825833 14.75 6 15.4 5.7 15.4 6 15.4 5.7 17.6 5.7 17.6 6 15.4 6 17.6 2 29.4 2 29.7 1.234633 29.24776 1.234633 29.24776 2 29.7 1.119828 29.52492 1.234633 29.24776 1.119828 29.52492 0.585786 28.81421 0.585786 28.81421 1.119828 29.52492 0.373654 29.02635 0.585786 28.81421 0.373654 29.02635 0.152241 28.16537 0.152241 28.16537 0.373654 29.02635 -0.124923 28.28017 0.152241 28.16537 -0.124923 28.28017 0 27.4 0 27.4 -0.124923 28.28017 -0.3 27.4 0 27.4 -0.3 27.4 0 17.6 0 17.6 -0.3 27.4 -0.3 17.6 0 12.1 -1 12.1 0 0 0 0 -1 12.1 -1 0 0 0 0 12.1 -0.3 12.1 -0.3 12.1 0 12.1 -0.175077 12.98017 -0.3 12.1 -0.175077 12.98017 -0.452241 12.86537 -0.452241 12.86537 -0.175077 12.98017 -0.673654 13.72635 -0.452241 12.86537 -0.673654 13.72635 -0.885786 13.51421 -0.885786 13.51421 -0.673654 13.72635 -1.419828 14.22492 -0.885786 13.51421 -1.419828 14.22492 -1.534633 13.94776 -1.534633 13.94776 -1.419828 14.22492 -2.3 14.4 -1.534633 13.94776 -2.3 14.4 -2.3 14.1 -2.3 14.1 -2.3 14.4 -5 14.1 -5 14.1 -2.3 14.4 -5 14.4 -5 14.1 -5 14.4 -5.5 14.53397 -5 14.1 -5.5 14.53397 -5.65 14.27417 -5.65 14.27417 -5.5 14.53397 -5.866025 14.9 -5.65 14.27417 -5.866025 14.9 -6.125833 14.75 -6.125833 14.75 -5.866025 14.9 -6 15.4 -6.125833 14.75 -6 15.4 -6.3 15.4 -6.3 15.4 -6 15.4 -6.3 17.6 -6.3 17.6 -6 15.4 -6 17.6 -0.3 12.1 -0.3 0 0 0 0 17.6 0 27.4 -0.3 27.4 -0.3 27.4 0 27.4 -0.175077 28.28017 -0.3 27.4 -0.175077 28.28017 -0.452241 28.16537 -0.452241 28.16537 -0.175077 28.28017 -0.673654 29.02635 -0.452241 28.16537 -0.673654 29.02635 -0.885786 28.81421 -0.885786 28.81421 -0.673654 29.02635 -1.419828 29.52492 -0.885786 28.81421 -1.419828 29.52492 -1.534633 29.24776 -1.534633 29.24776 -1.419828 29.52492 -2.3 29.7 -1.534633 29.24776 -2.3 29.7 -2.3 29.4 -0.3 27.4 -0.3 17.6 0 17.6 1.119828 14.22492 1.234633 13.94776 2 14.4 2 14.4 1.234633 13.94776 2 14.1 2 14.4 2 14.1 4.7 14.1 1.234633 13.94776 1.119828 14.22492 0.585786 13.51421 0.585786 13.51421 1.119828 14.22492 0.373654 13.72635 0.585786 13.51421 0.373654 13.72635 0.152241 12.86537 0.152241 12.86537 0.373654 13.72635 -0.124923 12.98017 0.152241 12.86537 -0.124923 12.98017 0 12.1 0 12.1 -0.124923 12.98017 -0.3 12.1 0 12.1 -0.3 12.1 0 0 0 0 -0.3 12.1 -0.3 0 5.35 14.27417 5.2 14.53397 4.7 14.1 4.7 14.1 5.2 14.53397 4.7 14.4 4.7 14.1 4.7 14.4 2 14.4 5.2 14.53397 5.35 14.27417 5.566025 14.9 5.566025 14.9 5.35 14.27417 5.825833 14.75 5.566025 14.9 5.825833 14.75 5.7 15.4 5.7 15.4 5.825833 14.75 6 15.4 5.7 15.4 6 15.4 5.7 17.6 5.7 17.6 6 15.4 6 17.6 2 29.4 2 29.7 1.234633 29.24776 1.234633 29.24776 2 29.7 1.119828 29.52492 1.234633 29.24776 1.119828 29.52492 0.585786 28.81421 0.585786 28.81421 1.119828 29.52492 0.373654 29.02635 0.585786 28.81421 0.373654 29.02635 0.152241 28.16537 0.152241 28.16537 0.373654 29.02635 -0.124923 28.28017 0.152241 28.16537 -0.124923 28.28017 0 27.4 0 27.4 -0.124923 28.28017 -0.3 27.4 0 27.4 -0.3 27.4 0 17.6 0 17.6 -0.3 27.4 -0.3 17.6 0 27.4 -1 27.4 0 17.6 0 17.6 -1 27.4 -1 17.6 0 12.1 -1 12.1 0 0 0 0 -1 12.1 -1 0 0 0 0 12.1 -0.3 12.1 -0.3 12.1 0 12.1 -0.175077 12.98017 -0.3 12.1 -0.175077 12.98017 -0.452241 12.86537 -0.452241 12.86537 -0.175077 12.98017 -0.673654 13.72635 -0.452241 12.86537 -0.673654 13.72635 -0.885786 13.51421 -0.885786 13.51421 -0.673654 13.72635 -1.419828 14.22492 -0.885786 13.51421 -1.419828 14.22492 -1.534633 13.94776 -1.534633 13.94776 -1.419828 14.22492 -2.3 14.4 -1.534633 13.94776 -2.3 14.4 -2.3 14.1 -2.3 14.1 -2.3 14.4 -5 14.1 -5 14.1 -2.3 14.4 -5 14.4 -5 14.1 -5 14.4 -5.5 14.53397 -5 14.1 -5.5 14.53397 -5.65 14.27417 -5.65 14.27417 -5.5 14.53397 -5.866025 14.9 -5.65 14.27417 -5.866025 14.9 -6.125833 14.75 -6.125833 14.75 -5.866025 14.9 -6 15.4 -6.125833 14.75 -6 15.4 -6.3 15.4 -6.3 15.4 -6 15.4 -6.3 17.6 -6.3 17.6 -6 15.4 -6 17.6 -0.3 12.1 -0.3 0 0 0 0 17.6 0 27.4 -0.3 27.4 -0.3 27.4 0 27.4 -0.175077 28.28017 -0.3 27.4 -0.175077 28.28017 -0.452241 28.16537 -0.452241 28.16537 -0.175077 28.28017 -0.673654 29.02635 -0.452241 28.16537 -0.673654 29.02635 -0.885786 28.81421 -0.885786 28.81421 -0.673654 29.02635 -1.419828 29.52492 -0.885786 28.81421 -1.419828 29.52492 -1.534633 29.24776 -1.534633 29.24776 -1.419828 29.52492 -2.3 29.7 -1.534633 29.24776 -2.3 29.7 -2.3 29.4 -0.3 27.4 -0.3 17.6 0 17.6 1.119828 14.22492 1.234633 13.94776 2 14.4 2 14.4 1.234633 13.94776 2 14.1 2 14.4 2 14.1 4.7 14.1 1.234633 13.94776 1.119828 14.22492 0.585786 13.51421 0.585786 13.51421 1.119828 14.22492 0.373654 13.72635 0.585786 13.51421 0.373654 13.72635 0.152241 12.86537 0.152241 12.86537 0.373654 13.72635 -0.124923 12.98017 0.152241 12.86537 -0.124923 12.98017 0 12.1 0 12.1 -0.124923 12.98017 -0.3 12.1 0 12.1 -0.3 12.1 0 0 0 0 -0.3 12.1 -0.3 0 5.35 14.27417 5.2 14.53397 4.7 14.1 4.7 14.1 5.2 14.53397 4.7 14.4 4.7 14.1 4.7 14.4 2 14.4 5.2 14.53397 5.35 14.27417 5.566025 14.9 5.566025 14.9 5.35 14.27417 5.825833 14.75 5.566025 14.9 5.825833 14.75 5.7 15.4 5.7 15.4 5.825833 14.75 6 15.4 5.7 15.4 6 15.4 5.7 17.6 5.7 17.6 6 15.4 6 17.6 2 29.4 2 29.7 1.234633 29.24776 1.234633 29.24776 2 29.7 1.119828 29.52492 1.234633 29.24776 1.119828 29.52492 0.585786 28.81421 0.585786 28.81421 1.119828 29.52492 0.373654 29.02635 0.585786 28.81421 0.373654 29.02635 0.152241 28.16537 0.152241 28.16537 0.373654 29.02635 -0.124923 28.28017 0.152241 28.16537 -0.124923 28.28017 0 27.4 0 27.4 -0.124923 28.28017 -0.3 27.4 0 27.4 -0.3 27.4 0 17.6 0 17.6 -0.3 27.4 -0.3 17.6 -47.55 -1.806416 -33.85 -1.806416 -47.55 -0.903208 -47.55 -0.903208 -33.85 -1.806416 -33.85 -0.903208 -47.55 -0.903208 -33.85 -0.903208 -47.55 0 -47.55 0 -33.85 -0.903208 -33.85 0 -47.55 0 -33.85 0 -47.55 0.903208 -47.55 0.903208 -33.85 0 -33.85 0.903208 -47.55 0.903208 -33.85 0.903208 -47.55 1.806416 -47.55 1.806416 -33.85 0.903208 -33.85 1.806416 49.7 20.6 53.73555 26.07688 49.7 30.4 49.7 30.4 53.73555 26.07688 53.61527 26.91347 49.7 30.4 53.61527 26.91347 53.96638 27.68229 63.4 20.6 55.1 25.2 49.7 20.6 49.7 20.6 55.1 25.2 54.28904 25.43812 49.7 20.6 54.28904 25.43812 53.73555 26.07688 63.4 30.4 56.46445 26.07688 63.4 20.6 63.4 20.6 56.46445 26.07688 55.91096 25.43812 63.4 20.6 55.91096 25.43812 55.1 25.2 49.7 30.4 55.5226 28.13924 63.4 30.4 63.4 30.4 55.5226 28.13924 56.23362 27.68229 63.4 30.4 56.23362 27.68229 56.58473 26.91347 53.96638 27.68229 54.6774 28.13924 49.7 30.4 49.7 30.4 54.6774 28.13924 55.5226 28.13924 56.58473 26.91347 56.46445 26.07688 63.4 30.4 48.7 15.1 0 15.1 48.7 3 48.7 3 0 15.1 0 3 49.7 3 63.4 3 49.7 15.1 49.7 15.1 63.4 3 63.4 15.1 -71.55001 -1.806416 -57.85 -1.806416 -71.55001 -0.903208 -71.55001 -0.903208 -57.85 -1.806416 -57.85 -0.903208 -71.55001 -0.903208 -57.85 -0.903208 -71.55001 0 -71.55001 0 -57.85 -0.903208 -57.85 0 -71.55001 0 -57.85 0 -71.55001 0.903208 -71.55001 0.903208 -57.85 0 -57.85 0.903208 -71.55001 0.903208 -57.85 0.903208 -71.55001 1.806416 -71.55001 1.806416 -57.85 0.903208 -57.85 1.806416 81.7 20.6 95.4 20.6 81.7 30.4 81.7 30.4 95.4 20.6 95.4 30.4 80.7 15.1 0 15.1 80.7 3 80.7 3 0 15.1 0 3 81.7 3 95.4 3 81.7 15.1 81.7 15.1 95.4 3 95.4 15.1 80.7 30.4 0 30.4 80.7 20.6 80.7 20.6 0 30.4 0 20.6 81.7 20.6 95.4 20.6 81.7 30.4 81.7 30.4 95.4 20.6 95.4 30.4 80.7 15.1 0 15.1 80.7 3 80.7 3 0 15.1 0 3 81.7 3 95.4 3 81.7 15.1 81.7 15.1 95.4 3 95.4 15.1 48.7 30.4 0 30.4 48.7 20.6 48.7 20.6 0 30.4 0 20.6 55.91096 27.96188 63.4 30.4 55.1 28.2 55.1 28.2 63.4 30.4 49.7 30.4 55.1 28.2 49.7 30.4 54.28904 27.96188 54.28904 27.96188 49.7 30.4 53.73555 27.32312 53.73555 27.32312 49.7 30.4 53.61527 26.48653 53.61527 26.48653 49.7 30.4 49.7 20.6 53.61527 26.48653 49.7 20.6 53.96638 25.71771 53.96638 25.71771 49.7 20.6 54.6774 25.26076 54.6774 25.26076 49.7 20.6 55.5226 25.26076 55.5226 25.26076 49.7 20.6 63.4 20.6 55.5226 25.26076 63.4 20.6 56.23362 25.71771 56.23362 25.71771 63.4 20.6 56.58473 26.48653 56.58473 26.48653 63.4 20.6 63.4 30.4 56.58473 26.48653 63.4 30.4 56.46445 27.32312 56.46445 27.32312 63.4 30.4 55.91096 27.96188 -37.26196 34 -41.81944 30.95862 -37.26196 32 -37.26196 32 -41.81944 30.95862 -40.49831 30.34556 -37.26196 32 -40.49831 30.34556 -39.46599 29.31818 -41.81944 30.95862 -37.26196 34 -43.27051 31.08363 -43.27051 31.08363 -37.26196 34 -47.7 34 -43.27051 31.08363 -47.7 34 -44.67702 30.70555 -44.67702 30.70555 -47.7 34 -49.32635 33.32635 -44.67702 30.70555 -49.32635 33.32635 -49.82492 32.58017 -47.7 34 -48.58017 33.82492 -49.32635 33.32635 -49.82492 32.58017 -50 31.7 -44.67702 30.70555 -44.67702 30.70555 -50 31.7 -45.86985 29.86985 -45.86985 29.86985 -50 31.7 -46.70555 28.67703 -46.70555 28.67703 -50 31.7 -47.08362 27.27051 -47.08362 27.27051 -50 31.7 -46.95862 25.81945 -46.95862 25.81945 -50 31.7 -50 18 -46.95862 25.81945 -50 18 -46.34556 24.49831 -46.34556 24.49831 -50 18 -45.31818 23.46599 -45.31818 23.46599 -50 18 -49.7 18 -45.31818 23.46599 -49.7 18 -44 22.84661 -44 22.84661 -49.7 18 -44 18 -44 18 -49.7 18 -44 17 -44 18 -44 17 -43.7 17 -49.7 18 -49.7 17 -44 17 -44 17 -49.7 17 -44 -26.5 -44 -26.5 -49.7 17 -50 17 -44 -26.5 -50 17 -50 -31.7 -49.82492 -32.58017 -47.7 -34 -50 -31.7 -50 -31.7 -47.7 -34 -43.25 -27.79904 -50 -31.7 -43.25 -27.79904 -43.79904 -27.25 -49.82492 -32.58017 -49.32635 -33.32635 -47.7 -34 -47.7 -34 -49.32635 -33.32635 -48.58017 -33.82492 -34 -34 -34 -33.7 -47.7 -34 -47.7 -34 -34 -33.7 -42.5 -28 -47.7 -34 -42.5 -28 -43.25 -27.79904 -42.5 -28 -34 -33.7 -34 -28 -34 -28 -34 -33.7 -33 -33.7 -34 -28 -33 -33.7 -33 -28 -33 -28 -33 -33.7 38.84661 -28 38.84661 -28 -33 -33.7 -33 -34 38.84661 -28 -33 -34 39.46599 -29.31818 39.46599 -29.31818 -33 -34 40.49831 -30.34556 40.49831 -30.34556 -33 -34 41.81944 -30.95862 41.81944 -30.95862 -33 -34 47.7 -34 41.81944 -30.95862 47.7 -34 43.27051 -31.08363 43.27051 -31.08363 47.7 -34 44.67702 -30.70555 44.67702 -30.70555 47.7 -34 49.32635 -33.32635 44.67702 -30.70555 49.32635 -33.32635 49.82492 -32.58017 47.7 -34 48.58017 -33.82492 49.32635 -33.32635 49.82492 -32.58017 50 -31.7 44.67702 -30.70555 44.67702 -30.70555 50 -31.7 45.86985 -29.86985 45.86985 -29.86985 50 -31.7 46.70555 -28.67703 46.70555 -28.67703 50 -31.7 47.08362 -27.27051 47.08362 -27.27051 50 -31.7 46.95862 -25.81945 46.95862 -25.81945 50 -31.7 50 -18 46.95862 -25.81945 50 -18 46.34556 -24.49831 46.34556 -24.49831 50 -18 45.31818 -23.46599 45.31818 -23.46599 50 -18 49.7 -18 45.31818 -23.46599 49.7 -18 44 -22.84661 44 -22.84661 49.7 -18 44 -18 44 -18 49.7 -18 44 -17 44 -18 44 -17 43.7 -17 49.7 -18 49.7 -17 44 -17 44 -17 49.7 -17 44 26.5 44 26.5 49.7 -17 50 -17 44 26.5 50 -17 50 31.7 49.82492 32.58017 47.7 34 50 31.7 50 31.7 47.7 34 43.25 27.79904 50 31.7 43.25 27.79904 43.79904 27.25 49.82492 32.58017 49.32635 33.32635 47.7 34 47.7 34 49.32635 33.32635 48.58017 33.82492 34 34 34 33.7 47.7 34 47.7 34 34 33.7 42.5 28 47.7 34 42.5 28 43.25 27.79904 42.5 28 34 33.7 34 28 34 28 34 33.7 33 33.7 34 28 33 33.7 33 28 33 28 33 33.7 -27.83804 32 33 28 -27.83804 32 -38.84661 28 -38.84661 28 -27.83804 32 -37.26196 32 -38.84661 28 -37.26196 32 -39.46599 29.31818 33 34 -27.83804 34 33 33.7 33 33.7 -27.83804 34 -27.83804 32 43.79904 27.25 44 26.5 50 31.7 43.7 -17 43.7 -18 44 -18 -33 -27.7 -34 -27.7 -33 -28 -33 -28 -34 -27.7 -34 -28 -43.79904 -27.25 -44 -26.5 -50 -31.7 -43.7 17 -43.7 18 -44 18 33 27.7 34 27.7 33 28 33 28 34 27.7 34 28 49.7 3 63.4 3 49.7 15.1 49.7 15.1 63.4 3 63.4 15.1 -0.393747 23.38602 0 24.9 -8.517425 31.7 -8.517425 31.7 0 24.9 0.842321 26.21821 -8.517425 31.7 0.842321 26.21821 2.050765 27.21161 -8.517425 31.7 2.050765 27.21161 -6.217424 34 -6.217424 34 2.050765 27.21161 3.507039 27.78295 -6.217424 34 3.507039 27.78295 5.068595 27.87632 5.068595 27.87632 6.582576 27.48258 -6.217424 34 -6.217424 34 6.582576 27.48258 74.48258 34 74.48258 34 6.582576 27.48258 7.900783 26.64026 74.48258 34 7.900783 26.64026 8.894181 25.43181 74.48258 34 8.894181 25.43181 74.48258 33.7 74.48258 33.7 8.894181 25.43181 9.465528 23.97554 74.48258 33.7 9.465528 23.97554 73.80001 24.9 73.80001 24.9 9.465528 23.97554 73.40625 23.38602 73.40625 23.38602 9.465528 23.97554 9.558898 22.41398 73.40625 23.38602 9.558898 22.41398 73.49963 21.82446 73.49963 21.82446 9.558898 22.41398 9.165152 20.9 73.49963 21.82446 9.165152 20.9 74.07097 20.36819 74.07097 20.36819 9.165152 20.9 8.322831 19.58179 74.07097 20.36819 8.322831 19.58179 75.06437 19.15975 75.06437 19.15975 8.322831 19.58179 7.114387 18.5884 75.06437 19.15975 7.114387 18.5884 7.900783 -19.15975 7.900783 -19.15975 7.114387 18.5884 6.582576 -18.31743 6.582576 -18.31743 7.114387 18.5884 5.658112 18.01705 6.582576 -18.31743 5.658112 18.01705 5.068595 -17.92368 5.068595 -17.92368 5.658112 18.01705 4.096557 17.92368 5.068595 -17.92368 4.096557 17.92368 3.507039 -18.01705 3.507039 -18.01705 4.096557 17.92368 -8.217425 17 3.507039 -18.01705 -8.217425 17 -8.517425 17 4.096557 17.92368 2.582576 18.31743 -8.217425 17 -8.217425 17 2.582576 18.31743 1.264369 19.15975 -8.217425 17 1.264369 19.15975 -8.217425 18 -8.217425 18 1.264369 19.15975 0.270971 20.36819 -8.217425 18 0.270971 20.36819 -0.300376 21.82446 -0.300376 21.82446 -0.393747 23.38602 -8.217425 18 -8.217425 18 -0.393747 23.38602 -8.517425 18 -8.517425 18 -0.393747 23.38602 -8.517425 31.7 0.842321 -19.58179 -8.517425 17 0 -20.9 0 -20.9 -8.517425 17 -8.517425 -31.7 0 -20.9 -8.517425 -31.7 -0.393747 -22.41398 -0.393747 -22.41398 -8.517425 -31.7 -0.300376 -23.97554 -0.300376 -23.97554 -8.517425 -31.7 0.270971 -25.43181 0.270971 -25.43181 -8.517425 -31.7 1.264369 -26.64026 1.264369 -26.64026 -8.517425 -31.7 2.582576 -27.48258 2.582576 -27.48258 -8.517425 -31.7 -6.217424 -34 2.582576 -27.48258 -6.217424 -34 7.482576 -33.7 7.482576 -33.7 -6.217424 -34 7.482576 -34 0.842321 -19.58179 2.050765 -18.5884 -8.517425 17 -8.517425 17 2.050765 -18.5884 3.507039 -18.01705 8.894181 -20.36819 74.64232 -19.58179 7.900783 -19.15975 7.900783 -19.15975 74.64232 -19.58179 75.85076 -18.5884 7.900783 -19.15975 75.85076 -18.5884 75.06437 19.15975 75.06437 19.15975 75.85076 -18.5884 76.38258 18.31743 76.38258 18.31743 75.85076 -18.5884 77.30704 -18.01705 76.38258 18.31743 77.30704 -18.01705 91.48258 -5.8 91.48258 -5.8 77.30704 -18.01705 91.48258 -6.8 91.48258 -5.8 91.48258 -6.8 91.49258 -6.8 74.64232 -19.58179 8.894181 -20.36819 73.80001 -20.9 73.80001 -20.9 8.894181 -20.36819 9.465528 -21.82446 73.80001 -20.9 9.465528 -21.82446 73.40625 -22.41398 73.40625 -22.41398 9.465528 -21.82446 9.558898 -23.38602 73.40625 -22.41398 9.558898 -23.38602 73.49963 -23.97554 73.49963 -23.97554 9.558898 -23.38602 9.165152 -24.9 73.49963 -23.97554 9.165152 -24.9 8.482576 -33.7 8.482576 -33.7 9.165152 -24.9 8.322831 -26.21821 8.482576 -33.7 8.322831 -26.21821 7.114387 -27.21161 7.114387 -27.21161 5.658112 -27.78295 8.482576 -33.7 8.482576 -33.7 5.658112 -27.78295 7.482576 -33.7 7.482576 -33.7 5.658112 -27.78295 4.096557 -27.87632 7.482576 -33.7 4.096557 -27.87632 2.582576 -27.48258 77.30704 -18.01705 78.86859 -17.92368 91.48258 -6.8 91.48258 -6.8 78.86859 -17.92368 80.38258 -18.31743 91.48258 -6.8 80.38258 -18.31743 91.18258 -17 91.18258 -17 80.38258 -18.31743 81.70079 -19.15975 91.18258 -17 81.70079 -19.15975 91.18258 -18 91.18258 -18 81.70079 -19.15975 82.69419 -20.36819 91.18258 -18 82.69419 -20.36819 83.26553 -21.82446 83.26553 -21.82446 83.3589 -23.38602 91.18258 -18 91.18258 -18 83.3589 -23.38602 91.48258 -18 91.48258 -18 83.3589 -23.38602 91.48258 -31.7 91.48258 -31.7 83.3589 -23.38602 82.96515 -24.9 91.48258 -31.7 82.96515 -24.9 82.12284 -26.21821 82.12284 -26.21821 80.91439 -27.21161 91.48258 -31.7 91.48258 -31.7 80.91439 -27.21161 89.18258 -34 91.48258 -31.7 89.18258 -34 91.3075 -32.58017 91.3075 -32.58017 89.18258 -34 90.80892 -33.32635 90.80892 -33.32635 89.18258 -34 90.06275 -33.82492 80.91439 -27.21161 79.45812 -27.78295 89.18258 -34 89.18258 -34 79.45812 -27.78295 77.89656 -27.87632 89.18258 -34 77.89656 -27.87632 76.38258 -27.48258 89.18258 -34 76.38258 -27.48258 8.482576 -34 8.482576 -34 76.38258 -27.48258 75.06437 -26.64026 8.482576 -34 75.06437 -26.64026 74.07097 -25.43181 8.482576 -34 74.07097 -25.43181 8.482576 -33.7 8.482576 -33.7 74.07097 -25.43181 73.49963 -23.97554 73.80001 24.9 74.64232 26.21821 74.48258 33.7 74.48258 33.7 74.64232 26.21821 75.85076 27.21161 74.48258 33.7 75.85076 27.21161 77.30704 27.78295 74.48258 33.7 77.30704 27.78295 75.48258 33.7 75.48258 33.7 77.30704 27.78295 78.86859 27.87632 75.48258 33.7 78.86859 27.87632 80.38258 27.48258 81.70079 26.64026 91.48258 31.7 80.38258 27.48258 80.38258 27.48258 91.48258 31.7 89.18258 34 80.38258 27.48258 89.18258 34 75.48258 33.7 75.48258 33.7 89.18258 34 75.48258 34 81.70079 26.64026 82.69419 25.43181 91.48258 31.7 91.48258 31.7 82.69419 25.43181 83.26553 23.97554 91.48258 31.7 83.26553 23.97554 91.48258 20.2 91.48258 20.2 83.26553 23.97554 83.3589 22.41398 91.48258 20.2 83.3589 22.41398 82.96515 20.9 91.48258 20.2 82.96515 20.9 91.48258 19.2 91.48258 19.2 82.96515 20.9 82.12284 19.58179 91.48258 19.2 82.12284 19.58179 80.91439 18.5884 80.91439 18.5884 79.45812 18.01705 91.48258 19.2 91.48258 19.2 79.45812 18.01705 91.48258 -5.8 91.48258 -5.8 79.45812 18.01705 77.89656 17.92368 91.48258 -5.8 77.89656 17.92368 76.38258 18.31743 -8.517425 -31.7 -8.342348 -32.58017 -6.217424 -34 -6.217424 -34 -8.342348 -32.58017 -7.84377 -33.32635 -6.217424 -34 -7.84377 -33.32635 -7.097596 -33.82492 91.18258 -17 91.48258 -17 91.48258 -6.8 91.49258 -6.8 91.49258 -5.8 91.48258 -5.8 91.48258 19.2 91.49258 19.2 91.48258 20.2 91.48258 20.2 91.49258 19.2 91.49258 20.2 91.48258 31.7 91.3075 32.58017 89.18258 34 89.18258 34 91.3075 32.58017 90.80892 33.32635 89.18258 34 90.80892 33.32635 90.06275 33.82492 -7.097596 33.82492 -7.84377 33.32635 -6.217424 34 -6.217424 34 -7.84377 33.32635 -8.342348 32.58017 -6.217424 34 -8.342348 32.58017 -8.517425 31.7 37.9233 0.785398 -5.576697 0.785398 37.9233 0.261799 37.9233 0.261799 -5.576697 0.785398 -5.576697 0.261799 37.9233 0.261799 -5.576697 0.261799 37.9233 -0.261799 37.9233 -0.261799 -5.576697 0.261799 -5.576697 -0.261799 37.9233 -0.261799 -5.576697 -0.261799 37.9233 -0.785398 37.9233 -0.785398 -5.576697 -0.261799 -5.576697 -0.785398 -3.141593 1.877513 -3.141593 2.81627 -3.665191 2.112202 -3.665191 2.112202 -3.141593 2.81627 -3.665191 2.81627 -3.665191 2.112202 -3.665191 2.81627 -4.18879 2.81627 -3.665191 2.112202 -4.18879 2.81627 -4.18879 2.112202 -4.18879 2.112202 -4.18879 2.81627 -4.712389 2.81627 -4.18879 2.112202 -4.712389 2.81627 -4.712389 2.112202 -4.18879 2.112202 -4.712389 2.112202 -4.18879 1.408135 -4.18879 1.408135 -4.712389 2.112202 -4.712389 1.408135 -4.18879 1.408135 -4.712389 1.408135 -4.18879 0.704068 -4.18879 0.704068 -4.712389 1.408135 -4.712389 0.704068 -4.18879 0.704068 -4.712389 0.704068 -4.18879 0 -4.18879 0 -4.712389 0.704068 -4.712389 0 -4.18879 0 -3.665191 0 -4.18879 0.704068 -4.18879 0.704068 -3.665191 0 -3.665191 0.704068 -4.18879 0.704068 -3.665191 0.704068 -4.18879 1.408135 -4.18879 1.408135 -3.665191 0.704068 -3.665191 1.408135 -4.18879 1.408135 -3.665191 1.408135 -4.18879 2.112202 -4.18879 2.112202 -3.665191 1.408135 -3.665191 2.112202 -3.665191 0 -3.141593 0 -3.665191 0.704068 -3.665191 0.704068 -3.141593 0 -3.141593 0.938757 -3.665191 0.704068 -3.141593 0.938757 -3.665191 1.408135 -3.665191 1.408135 -3.141593 0.938757 -3.141593 1.877513 -3.665191 1.408135 -3.141593 1.877513 -3.665191 2.112202 60.51269 0.785398 -11.75 0.785398 60.32759 0.417601 60.32759 0.417601 -11.75 0.785398 -11.75 0.261799 60.32759 0.417601 -11.75 0.261799 60.1947 0.02750599 60.1947 0.02750599 -11.75 0.261799 -11.75 -0.261799 60.1947 0.02750599 -11.75 -0.261799 60.12009 -0.374732 60.12009 -0.374732 -11.75 -0.261799 -11.75 -0.785398 60.12009 -0.374732 -11.75 -0.785398 60.09661 -0.785398 0 -3.598552 0 -2.199115 -3.2 -2.57682 -3.2 -2.57682 0 -2.199115 -0.06688696 -1.794552 -3.2 -2.57682 -0.06688696 -1.794552 -0.273744 -1.440729 -3.2 -2.57682 -0.273744 -1.440729 -3.2 -1.11298 -3.2 -1.11298 -0.273744 -1.440729 -0.600785 -1.199392 -3.2 -1.11298 -0.600785 -1.199392 -1 -1.11298 -3.2 -2.57682 -3.2 -4.040659 0 -3.598552 0 -3.598552 -3.2 -4.040659 0 -4.997988 0 -4.997988 -3.2 -4.040659 -3.2 -5.504498 0 -4.997988 -3.2 -5.504498 0 -6.397425 0 -6.397425 -3.2 -5.504498 -3.2 -6.968338 0 -6.397425 -3.2 -6.968338 0 -7.796861 0 -7.796861 -3.2 -6.968338 -3.2 -8.432178 0 -7.796861 -3.2 -8.432178 0 -9.196299 0 -9.196299 -3.2 -8.432178 -3.2 -9.896017 0 -9.196299 -3.2 -9.896017 0 -10.59573 0 -10.59573 -3.2 -9.896017 -3.2 -11.35986 0 -10.59573 -3.2 -11.35986 0 -11.99517 0 -11.99517 -3.2 -11.35986 -3.2 -12.82369 0 -11.99517 -3.2 -12.82369 0 -13.39461 0 -13.39461 -3.2 -12.82369 -3.2 -14.28753 0 -13.39461 -3.2 -14.28753 0 -14.79404 0 -14.79404 -3.2 -14.28753 -3.2 -15.75137 0 -14.79404 -3.2 -15.75137 0 -16.19348 0 -16.19348 -3.2 -15.75137 -3.2 -17.21521 0 -16.19348 -3.2 -17.21521 0 -17.59292 0 -17.59292 -3.2 -17.21521 -0.06688696 -17.99748 -0.06688696 -17.99748 -3.2 -17.21521 -3.2 -18.67905 -0.06688696 -17.99748 -3.2 -18.67905 -0.273744 -18.35131 -0.273744 -18.35131 -3.2 -18.67905 -0.600785 -18.59264 -0.600785 -18.59264 -3.2 -18.67905 -1 -18.67905 -9.5 3.2 -81.34661 3.2 -9.5 1 -9.5 1 -81.34661 3.2 -81.34661 1 -3.2 -4.712389 -1 -4.712389 -3.2 -3.926991 -3.2 -3.926991 -1 -4.712389 -1 -3.926991 -3.2 -3.926991 -1 -3.926991 -3.2 -3.141593 -3.2 -3.141593 -1 -3.926991 -1 -3.141593 -3.2 -3.141593 -1 -3.141593 -3.2 -2.356194 -3.2 -2.356194 -1 -3.141593 -1 -2.356194 -5.846606 3.2 -49.34661 3.2 -5.846606 1 -5.846606 1 -49.34661 3.2 -49.34661 1 37.9233 0.785398 -5.576697 0.785398 37.9233 0.261799 37.9233 0.261799 -5.576697 0.785398 -5.576697 0.261799 37.9233 0.261799 -5.576697 0.261799 37.9233 -0.261799 37.9233 -0.261799 -5.576697 0.261799 -5.576697 -0.261799 37.9233 -0.261799 -5.576697 -0.261799 37.9233 -0.785398 37.9233 -0.785398 -5.576697 -0.261799 -5.576697 -0.785398 -3.141593 -3.755027 -3.141593 -2.81627 -3.665191 -3.520337 -3.665191 -3.520337 -3.141593 -2.81627 -3.665191 -2.81627 -3.665191 -3.520337 -3.665191 -2.81627 -4.18879 -2.81627 -3.665191 -3.520337 -4.18879 -2.81627 -4.18879 -3.520337 -4.18879 -3.520337 -4.18879 -2.81627 -4.712389 -2.81627 -4.18879 -3.520337 -4.712389 -2.81627 -4.712389 -3.520337 -4.18879 -3.520337 -4.712389 -3.520337 -4.18879 -4.224405 -4.18879 -4.224405 -4.712389 -3.520337 -4.712389 -4.224405 -4.18879 -4.224405 -4.712389 -4.224405 -4.18879 -4.928473 -4.18879 -4.928473 -4.712389 -4.224405 -4.712389 -4.928473 -4.18879 -4.928473 -4.712389 -4.928473 -4.18879 -5.63254 -4.18879 -5.63254 -4.712389 -4.928473 -4.712389 -5.63254 -4.18879 -5.63254 -3.665191 -5.63254 -4.18879 -4.928473 -4.18879 -4.928473 -3.665191 -5.63254 -3.665191 -4.928473 -4.18879 -4.928473 -3.665191 -4.928473 -4.18879 -4.224405 -4.18879 -4.224405 -3.665191 -4.928473 -3.665191 -4.224405 -4.18879 -4.224405 -3.665191 -4.224405 -4.18879 -3.520337 -4.18879 -3.520337 -3.665191 -4.224405 -3.665191 -3.520337 -3.665191 -5.63254 -3.141593 -5.63254 -3.665191 -4.928473 -3.665191 -4.928473 -3.141593 -5.63254 -3.141593 -4.693783 -3.665191 -4.928473 -3.141593 -4.693783 -3.665191 -4.224405 -3.665191 -4.224405 -3.141593 -4.693783 -3.141593 -3.755027 -3.665191 -4.224405 -3.141593 -3.755027 -3.665191 -3.520337 -1 -5.484364 -0.600785 -5.397953 -3.2 -5.484364 -3.2 -5.484364 -0.600785 -5.397953 -0.273744 -5.156616 -3.2 -5.484364 -0.273744 -5.156616 -0.06688696 -4.802793 -3.2 -5.484364 -0.06688696 -4.802793 -3.2 -4.020525 -3.2 -4.020525 -0.06688696 -4.802793 0 -4.39823 -3.2 -4.020525 0 -4.39823 0 -2.998793 -3.2 -4.020525 0 -2.998793 -3.2 -2.556685 -3.2 -2.556685 0 -2.998793 0 -1.599356 -3.2 -2.556685 0 -1.599356 -3.2 -1.092846 -3.2 -1.092846 0 -1.599356 0 -0.1999199 -3.2 -1.092846 0 -0.1999199 -3.2 0.370993 -3.2 0.370993 0 -0.1999199 0 1.199517 -3.2 0.370993 0 1.199517 -3.2 1.834833 -3.2 1.834833 0 1.199517 0 2.598954 -3.2 1.834833 0 2.598954 -3.2 3.298672 -3.2 3.298672 0 2.598954 0 3.99839 -3.2 3.298672 0 3.99839 -3.2 4.762512 -3.2 4.762512 0 3.99839 0 5.397827 -3.2 4.762512 0 5.397827 -3.2 6.226351 -3.2 6.226351 0 5.397827 0 6.797264 -3.2 6.226351 0 6.797264 -3.2 7.69019 -3.2 7.69019 0 6.797264 0 8.196701 -3.2 7.69019 0 8.196701 -3.2 9.154029 -3.2 9.154029 0 8.196701 0 9.596138 -3.2 9.154029 0 9.596138 -3.2 10.61787 -3.2 10.61787 0 9.596138 0 10.99557 -3.2 10.61787 0 10.99557 -0.06688696 11.40014 -0.06688696 11.40014 -0.273744 11.75396 -3.2 10.61787 -3.2 10.61787 -0.273744 11.75396 -3.2 12.08171 -3.2 12.08171 -0.273744 11.75396 -0.600785 11.9953 -3.2 12.08171 -0.600785 11.9953 -1 12.08171 -3.2 -4.712389 -1 -4.712389 -3.2 -3.926991 -3.2 -3.926991 -1 -4.712389 -1 -3.926991 -3.2 -3.926991 -1 -3.926991 -3.2 -3.141593 -3.2 -3.141593 -1 -3.926991 -1 -3.141593 -3.2 -3.141593 -1 -3.141593 -3.2 -2.356194 -3.2 -2.356194 -1 -3.141593 -1 -2.356194 -5.846606 3.2 -49.34661 3.2 -5.846606 1 -5.846606 1 -49.34661 3.2 -49.34661 1 0.148943 -1.617925 0.967229 -2.008628 0.512395 -1.004314 0.512395 -1.004314 0.967229 -2.008628 1.29402 -1.064243 0.512395 -1.004314 1.29402 -1.064243 0.512395 0 0.512395 0 1.29402 -1.064243 1.415603 0 0.512395 0 1.415603 0 1.29402 1.064243 0.512395 0 1.29402 1.064243 0.512395 1.004314 0.512395 1.004314 1.29402 1.064243 0.967229 2.008628 0.512395 1.004314 0.967229 2.008628 0.148943 1.617925 0.512395 1.004314 0.148943 1.617925 -0.390812 1.004314 -0.390812 1.004314 0.148943 1.617925 -0.673538 1.245575 -0.390812 1.004314 -0.673538 1.245575 -1.474637 0.780761 -2.197228 0 -1.29402 0 -1.474637 0.780761 -1.474637 0.780761 -1.29402 0 -0.390812 0 -1.474637 0.780761 -0.390812 0 -0.390812 1.004314 -0.390812 1.004314 -0.390812 0 0.512395 0 -0.390812 1.004314 0.512395 0 0.512395 1.004314 -2.197228 0 -1.474637 -0.780761 -1.29402 0 -1.29402 0 -1.474637 -0.780761 -0.390812 -1.004314 -1.29402 0 -0.390812 -1.004314 -0.390812 0 -0.390812 0 -0.390812 -1.004314 0.512395 -1.004314 -0.390812 0 0.512395 -1.004314 0.512395 0 -1.474637 -0.780761 -0.673538 -1.245575 -0.390812 -1.004314 -0.390812 -1.004314 -0.673538 -1.245575 0.148943 -1.617925 -0.390812 -1.004314 0.148943 -1.617925 0.512395 -1.004314 -23.85 -1.806416 56.85 -1.806416 -23.85 -0.903208 -23.85 -0.903208 56.85 -1.806416 56.85 -0.903208 -23.85 -0.903208 56.85 -0.903208 -23.85 0 -23.85 0 56.85 -0.903208 56.85 0 -23.85 0 56.85 0 -23.85 0.903208 -23.85 0.903208 56.85 0 56.85 0.903208 -23.85 0.903208 56.85 0.903208 -23.85 1.806416 -23.85 1.806416 56.85 0.903208 56.85 1.806416 -1.29402 -1.064243 -0.967229 -2.008628 -0.512395 -1.004314 -0.512395 -1.004314 -0.967229 -2.008628 -0.148943 -1.617925 -0.512395 -1.004314 -0.148943 -1.617925 0.390812 -1.004314 0.390812 -1.004314 -0.148943 -1.617925 0.673538 -1.245575 0.390812 -1.004314 0.673538 -1.245575 1.474637 -0.780761 2.197228 0 1.29402 0 1.474637 -0.780761 1.474637 -0.780761 1.29402 0 0.390812 0 1.474637 -0.780761 0.390812 0 0.390812 -1.004314 0.390812 -1.004314 0.390812 0 -0.512395 0 0.390812 -1.004314 -0.512395 0 -0.512395 -1.004314 -0.512395 -1.004314 -0.512395 0 -1.29402 -1.064243 2.197228 0 1.474637 0.780761 1.29402 0 1.29402 0 1.474637 0.780761 0.673538 1.245575 1.29402 0 0.673538 1.245575 0.390812 0 0.390812 0 0.673538 1.245575 0.390812 1.004314 0.390812 0 0.390812 1.004314 -0.512395 1.004314 -0.512395 1.004314 0.390812 1.004314 -0.148943 1.617925 -0.512395 1.004314 -0.148943 1.617925 -0.967229 2.008628 0.673538 1.245575 -0.148943 1.617925 0.390812 1.004314 -0.967229 2.008628 -1.29402 1.064243 -0.512395 1.004314 -0.512395 1.004314 -1.29402 1.064243 -0.512395 0 -0.512395 1.004314 -0.512395 0 0.390812 0 -1.29402 1.064243 -1.415603 0 -0.512395 0 -0.512395 0 -1.415603 0 -1.29402 -1.064243 -15.85 -1.806416 32.85 -1.806416 -15.85 -0.903208 -15.85 -0.903208 32.85 -1.806416 32.85 -0.903208 -15.85 -0.903208 32.85 -0.903208 -15.85 0 -15.85 0 32.85 -0.903208 32.85 0 -15.85 0 32.85 0 -15.85 0.903208 -15.85 0.903208 32.85 0 32.85 0.903208 -15.85 0.903208 32.85 0.903208 -15.85 1.806416 -15.85 1.806416 32.85 0.903208 32.85 1.806416 -0.148943 1.617925 -0.967229 2.008628 -0.512395 1.004314 -0.512395 1.004314 -0.967229 2.008628 -1.29402 1.064243 -0.512395 1.004314 -1.29402 1.064243 -0.512395 0 -0.512395 0 -1.29402 1.064243 -1.415603 0 -0.512395 0 -1.415603 0 -1.29402 -1.064243 -0.512395 0 -1.29402 -1.064243 -0.512395 -1.004314 -0.512395 -1.004314 -1.29402 -1.064243 -0.967229 -2.008628 -0.512395 -1.004314 -0.967229 -2.008628 -0.148943 -1.617925 -0.512395 -1.004314 -0.148943 -1.617925 0.390812 -1.004314 0.390812 -1.004314 -0.148943 -1.617925 0.673538 -1.245575 0.390812 -1.004314 0.673538 -1.245575 1.474637 -0.780761 2.197228 0 1.29402 0 1.474637 -0.780761 1.474637 -0.780761 1.29402 0 0.390812 0 1.474637 -0.780761 0.390812 0 0.390812 -1.004314 0.390812 -1.004314 0.390812 0 -0.512395 0 0.390812 -1.004314 -0.512395 0 -0.512395 -1.004314 2.197228 0 1.474637 0.780761 1.29402 0 1.29402 0 1.474637 0.780761 0.673538 1.245575 1.29402 0 0.673538 1.245575 0.390812 0 0.390812 0 0.673538 1.245575 0.390812 1.004314 0.390812 0 0.390812 1.004314 -0.512395 1.004314 -0.512395 1.004314 0.390812 1.004314 -0.148943 1.617925 0.673538 1.245575 -0.148943 1.617925 0.390812 1.004314 -0.512395 0 0.390812 0 -0.512395 1.004314 1.29402 1.064243 0.967229 2.008628 0.512395 1.004314 0.512395 1.004314 0.967229 2.008628 0.148943 1.617925 0.512395 1.004314 0.148943 1.617925 -0.390812 1.004314 -0.390812 1.004314 0.148943 1.617925 -0.673538 1.245575 -0.390812 1.004314 -0.673538 1.245575 -1.474637 0.780761 -2.197228 0 -1.29402 0 -1.474637 0.780761 -1.474637 0.780761 -1.29402 0 -0.390812 0 -1.474637 0.780761 -0.390812 0 -0.390812 1.004314 -0.390812 1.004314 -0.390812 0 0.512395 0 -0.390812 1.004314 0.512395 0 0.512395 1.004314 0.512395 1.004314 0.512395 0 1.29402 1.064243 -2.197228 0 -1.474637 -0.780761 -1.29402 0 -1.29402 0 -1.474637 -0.780761 -0.390812 -1.004314 -1.29402 0 -0.390812 -1.004314 -0.390812 0 -0.390812 0 -0.390812 -1.004314 0.512395 -1.004314 -0.390812 0 0.512395 -1.004314 0.512395 0 0.512395 0 0.512395 -1.004314 1.29402 -1.064243 0.512395 0 1.29402 -1.064243 1.415603 0 -1.474637 -0.780761 -0.673538 -1.245575 -0.390812 -1.004314 -0.390812 -1.004314 -0.673538 -1.245575 0.148943 -1.617925 -0.390812 -1.004314 0.148943 -1.617925 0.512395 -1.004314 0.512395 -1.004314 0.148943 -1.617925 0.967229 -2.008628 0.512395 -1.004314 0.967229 -2.008628 1.29402 -1.064243 1.415603 0 1.29402 1.064243 0.512395 0 -3 3.612832 -15.1 3.612832 -3 2.709624 -3 2.709624 -15.1 3.612832 -15.1 2.709624 -3 2.709624 -15.1 2.709624 -3 1.806416 -3 1.806416 -15.1 2.709624 -15.1 1.806416 -3 1.806416 -15.1 1.806416 -3 0.903208 -3 0.903208 -15.1 1.806416 -15.1 0.903208 -3 0.903208 -15.1 0.903208 -3 0 -3 0 -15.1 0.903208 -15.1 0 -3 3.612832 -15.1 3.612832 -3 2.709624 -3 2.709624 -15.1 3.612832 -15.1 2.709624 -3 2.709624 -15.1 2.709624 -3 1.806416 -3 1.806416 -15.1 2.709624 -15.1 1.806416 -3 1.806416 -15.1 1.806416 -3 0.903208 -3 0.903208 -15.1 1.806416 -15.1 0.903208 -3 0.903208 -15.1 0.903208 -3 0 -3 0 -15.1 0.903208 -15.1 0 23.85 1.806416 -56.85 1.806416 23.85 0.903208 23.85 0.903208 -56.85 1.806416 -56.85 0.903208 23.85 0.903208 -56.85 0.903208 23.85 0 23.85 0 -56.85 0.903208 -56.85 0 23.85 0 -56.85 0 23.85 -0.903208 23.85 -0.903208 -56.85 0 -56.85 -0.903208 23.85 -0.903208 -56.85 -0.903208 23.85 -1.806416 23.85 -1.806416 -56.85 -0.903208 -56.85 -1.806416 0.148943 -1.617925 0.967229 -2.008628 0.512395 -1.004314 0.512395 -1.004314 0.967229 -2.008628 1.29402 -1.064243 0.512395 -1.004314 1.29402 -1.064243 0.512395 0 0.512395 0 1.29402 -1.064243 1.415603 0 0.512395 0 1.415603 0 1.29402 1.064243 0.512395 0 1.29402 1.064243 0.512395 1.004314 0.512395 1.004314 1.29402 1.064243 0.967229 2.008628 0.512395 1.004314 0.967229 2.008628 0.148943 1.617925 0.512395 1.004314 0.148943 1.617925 -0.390812 1.004314 -0.390812 1.004314 0.148943 1.617925 -0.673538 1.245575 -0.390812 1.004314 -0.673538 1.245575 -1.474637 0.780761 -2.197228 0 -1.29402 0 -1.474637 0.780761 -1.474637 0.780761 -1.29402 0 -0.390812 0 -1.474637 0.780761 -0.390812 0 -0.390812 1.004314 -0.390812 1.004314 -0.390812 0 0.512395 0 -0.390812 1.004314 0.512395 0 0.512395 1.004314 -2.197228 0 -1.474637 -0.780761 -1.29402 0 -1.29402 0 -1.474637 -0.780761 -0.390812 -1.004314 -1.29402 0 -0.390812 -1.004314 -0.390812 0 -0.390812 0 -0.390812 -1.004314 0.512395 -1.004314 -0.390812 0 0.512395 -1.004314 0.512395 0 -1.474637 -0.780761 -0.673538 -1.245575 -0.390812 -1.004314 -0.390812 -1.004314 -0.673538 -1.245575 0.148943 -1.617925 -0.390812 -1.004314 0.148943 -1.617925 0.512395 -1.004314 1.474637 -0.780761 2.197228 0 1.29402 0 1.29402 0 2.197228 0 1.474637 0.780761 1.29402 0 1.474637 0.780761 0.673538 1.245575 -0.148943 1.617925 0.390812 1.004314 0.673538 1.245575 0.673538 1.245575 0.390812 1.004314 0.390812 0 0.673538 1.245575 0.390812 0 1.29402 0 1.29402 0 0.390812 0 1.474637 -0.780761 0.390812 1.004314 -0.148943 1.617925 -0.512395 1.004314 -0.512395 1.004314 -0.148943 1.617925 -0.967229 2.008628 -0.512395 1.004314 -0.967229 2.008628 -1.29402 1.064243 -0.512395 1.004314 -1.29402 1.064243 -0.512395 0 -0.512395 0 -1.29402 1.064243 -1.415603 0 -0.512395 0 -1.415603 0 -1.29402 -1.064243 -0.512395 0 -1.29402 -1.064243 -0.512395 -1.004314 -0.512395 -1.004314 -1.29402 -1.064243 -0.967229 -2.008628 -0.512395 -1.004314 -0.967229 -2.008628 -0.148943 -1.617925 -0.512395 -1.004314 -0.148943 -1.617925 0.390812 -1.004314 0.390812 -1.004314 -0.148943 -1.617925 0.673538 -1.245575 0.390812 -1.004314 0.673538 -1.245575 1.474637 -0.780761 0.390812 1.004314 -0.512395 1.004314 0.390812 0 0.390812 0 -0.512395 1.004314 -0.512395 0 0.390812 0 -0.512395 0 0.390812 -1.004314 0.390812 -1.004314 -0.512395 0 -0.512395 -1.004314 1.474637 -0.780761 0.390812 0 0.390812 -1.004314 -0.148943 1.617925 -0.967229 2.008628 -0.512395 1.004314 -0.512395 1.004314 -0.967229 2.008628 -1.29402 1.064243 -0.512395 1.004314 -1.29402 1.064243 -0.512395 0 -0.512395 0 -1.29402 1.064243 -1.415603 0 -0.512395 0 -1.415603 0 -1.29402 -1.064243 -0.512395 0 -1.29402 -1.064243 -0.512395 -1.004314 -0.512395 -1.004314 -1.29402 -1.064243 -0.967229 -2.008628 -0.512395 -1.004314 -0.967229 -2.008628 -0.148943 -1.617925 -0.512395 -1.004314 -0.148943 -1.617925 0.390812 -1.004314 0.390812 -1.004314 -0.148943 -1.617925 0.673538 -1.245575 0.390812 -1.004314 0.673538 -1.245575 1.474637 -0.780761 2.197228 0 1.29402 0 1.474637 -0.780761 1.474637 -0.780761 1.29402 0 0.390812 0 1.474637 -0.780761 0.390812 0 0.390812 -1.004314 0.390812 -1.004314 0.390812 0 -0.512395 0 0.390812 -1.004314 -0.512395 0 -0.512395 -1.004314 2.197228 0 1.474637 0.780761 1.29402 0 1.29402 0 1.474637 0.780761 0.673538 1.245575 1.29402 0 0.673538 1.245575 0.390812 0 0.390812 0 0.673538 1.245575 0.390812 1.004314 0.390812 0 0.390812 1.004314 -0.512395 1.004314 -0.512395 1.004314 0.390812 1.004314 -0.148943 1.617925 0.673538 1.245575 -0.148943 1.617925 0.390812 1.004314 -0.512395 0 0.390812 0 -0.512395 1.004314 -1.474637 0.780761 -2.197228 0 -1.29402 0 -1.29402 0 -2.197228 0 -1.474637 -0.780761 -1.29402 0 -1.474637 -0.780761 -0.390812 -1.004314 -0.390812 -1.004314 -1.474637 -0.780761 -0.673538 -1.245575 -0.390812 -1.004314 -0.673538 -1.245575 0.148943 -1.617925 -0.390812 -1.004314 0.148943 -1.617925 0.512395 -1.004314 0.512395 -1.004314 0.148943 -1.617925 0.967229 -2.008628 0.512395 -1.004314 0.967229 -2.008628 1.29402 -1.064243 0.512395 -1.004314 1.29402 -1.064243 0.512395 0 0.512395 0 1.29402 -1.064243 1.415603 0 0.512395 0 1.415603 0 1.29402 1.064243 0.512395 0 1.29402 1.064243 0.512395 1.004314 0.512395 1.004314 1.29402 1.064243 0.967229 2.008628 0.512395 1.004314 0.967229 2.008628 0.148943 1.617925 0.512395 1.004314 0.148943 1.617925 -0.390812 1.004314 -0.390812 1.004314 0.148943 1.617925 -0.673538 1.245575 -0.390812 1.004314 -0.673538 1.245575 -1.474637 0.780761 -0.390812 -1.004314 0.512395 -1.004314 -0.390812 0 -0.390812 0 0.512395 -1.004314 0.512395 0 -0.390812 0 0.512395 0 -0.390812 1.004314 -0.390812 1.004314 0.512395 0 0.512395 1.004314 -1.474637 0.780761 -1.29402 0 -0.390812 0 -0.390812 0 -1.29402 0 -0.390812 -1.004314 -1.474637 0.780761 -0.390812 0 -0.390812 1.004314 -20.6 3.612832 -30.4 3.612832 -20.6 2.709624 -20.6 2.709624 -30.4 3.612832 -30.4 2.709624 -20.6 2.709624 -30.4 2.709624 -20.6 1.806416 -20.6 1.806416 -30.4 2.709624 -30.4 1.806416 -20.6 1.806416 -30.4 1.806416 -20.6 0.903208 -20.6 0.903208 -30.4 1.806416 -30.4 0.903208 -20.6 0.903208 -30.4 0.903208 -20.6 0 -20.6 0 -30.4 0.903208 -30.4 0 -20.6 3.612832 -30.4 3.612832 -20.6 2.709624 -20.6 2.709624 -30.4 3.612832 -30.4 2.709624 -20.6 2.709624 -30.4 2.709624 -20.6 1.806416 -20.6 1.806416 -30.4 2.709624 -30.4 1.806416 -20.6 1.806416 -30.4 1.806416 -20.6 0.903208 -20.6 0.903208 -30.4 1.806416 -30.4 0.903208 -20.6 0.903208 -30.4 0.903208 -20.6 0 -20.6 0 -30.4 0.903208 -30.4 0 -46.03017 -31.27492 -47.7 -31.7 -45.15 -31.45 -45.15 -31.45 -47.7 -31.7 33 -31.7 -45.15 -31.45 33 -31.7 45.15 -31.45 45.15 -31.45 33 -31.7 34 -31.7 45.15 -31.45 34 -31.7 47.7 -31.7 -46.03017 -31.27492 -46.77634 -30.77635 -47.7 -31.7 -47.7 -31.7 -46.77634 -30.77635 -47.27492 -30.03017 -47.7 -31.7 -47.27492 -30.03017 -47.45 -29.15 -47.45 29.15 -47.7 -17 -47.45 -29.15 -47.45 -29.15 -47.7 -17 -47.7 -18 -47.45 -29.15 -47.7 -18 -47.7 -31.7 -47.7 -17 -47.45 29.15 -47.7 31.7 -47.7 31.7 -47.45 29.15 -47.27492 30.03017 -47.7 31.7 -47.27492 30.03017 -46.77634 30.77635 -46.77634 30.77635 -46.03017 31.27492 -47.7 31.7 -47.7 31.7 -46.03017 31.27492 -45.15 31.45 -47.7 31.7 -45.15 31.45 -34 31.7 -34 31.7 -45.15 31.45 -33 31.7 -33 31.7 -45.15 31.45 45.15 31.45 -33 31.7 45.15 31.45 47.7 31.7 47.7 31.7 45.15 31.45 46.03017 31.27492 47.7 31.7 46.03017 31.27492 46.77634 30.77635 46.77634 30.77635 47.27492 30.03017 47.7 31.7 47.7 31.7 47.27492 30.03017 47.45 29.15 47.7 31.7 47.45 29.15 47.7 18 47.7 18 47.45 29.15 47.7 17 47.7 17 47.45 29.15 47.45 -29.15 47.7 17 47.45 -29.15 47.7 -31.7 47.7 -31.7 47.45 -29.15 47.27492 -30.03017 47.7 -31.7 47.27492 -30.03017 46.77634 -30.77635 46.77634 -30.77635 46.03017 -31.27492 47.7 -31.7 47.7 -31.7 46.03017 -31.27492 45.15 -31.45 -1.8 -0.856798 0 0 -1.8 0 -1.8 0 0 0 0 0.856798 -1.8 0 0 0.856798 -1.8 0.856798 -1.8 0.856798 0 0.856798 0 1.713596 -1.8 0.856798 0 1.713596 -1.8 1.713596 -1.8 1.713596 0 1.713596 0 2.570394 -1.8 1.713596 0 2.570394 -1.8 2.570394 -1.8 2.570394 0 2.570394 0 3.427192 -1.8 2.570394 0 3.427192 -1.8 3.427192 -1.8 3.427192 0 3.427192 0 4.28399 -1.8 3.427192 0 4.28399 -1.8 4.28399 -1.8 -5.140788 0 -5.140788 0 -4.28399 -1.8 -5.140788 0 -4.28399 -1.8 -4.28399 -1.8 -4.28399 0 -4.28399 0 -3.427192 -1.8 -4.28399 0 -3.427192 -1.8 -3.427192 -1.8 -3.427192 0 -3.427192 0 -2.570394 -1.8 -3.427192 0 -2.570394 -1.8 -2.570394 -1.8 -2.570394 0 -2.570394 0 -1.713596 -1.8 -2.570394 0 -1.713596 -1.8 -1.713596 -1.8 -1.713596 0 -1.713596 0 -0.856798 -1.8 -1.713596 0 -0.856798 -1.8 -0.856798 -1.8 -0.856798 0 -0.856798 0 0 1.5 0 1.26188 0.810961 1.26188 -0.810961 1.26188 -0.810961 1.26188 0.810961 0.623123 1.364448 1.26188 -0.810961 0.623123 1.364448 0.623123 -1.364448 0.623123 -1.364448 0.623123 1.364448 -0.213472 1.484732 0.623123 -1.364448 -0.213472 1.484732 -0.213472 -1.484732 -0.213472 -1.484732 -0.213472 1.484732 -0.982291 1.133624 -0.213472 -1.484732 -0.982291 1.133624 -0.982291 -1.133624 -0.982291 -1.133624 -0.982291 1.133624 -1.43924 0.422599 -0.982291 -1.133624 -1.43924 0.422599 -1.43924 -0.422599 -1.8 -0.828238 0 0 -1.8 0 -1.8 0 0 0 0 0.828238 -1.8 0 0 0.828238 -1.8 0.828238 -1.8 0.828238 0 0.828238 0 1.656476 -1.8 0.828238 0 1.656476 -1.8 1.656476 -1.8 1.656476 0 1.656476 0 2.484714 -1.8 1.656476 0 2.484714 -1.8 2.484714 -1.8 2.484714 0 2.484714 0 3.312952 -1.8 2.484714 0 3.312952 -1.8 3.312952 -1.8 3.312952 0 3.312952 0 4.141191 -1.8 3.312952 0 4.141191 -1.8 4.141191 -1.8 -4.969429 0 -4.969429 0 -4.141191 -1.8 -4.969429 0 -4.141191 -1.8 -4.141191 -1.8 -4.141191 0 -4.141191 0 -3.312952 -1.8 -4.141191 0 -3.312952 -1.8 -3.312952 -1.8 -3.312952 0 -3.312952 0 -2.484714 -1.8 -3.312952 0 -2.484714 -1.8 -2.484714 -1.8 -2.484714 0 -2.484714 0 -1.656476 -1.8 -2.484714 0 -1.656476 -1.8 -1.656476 -1.8 -1.656476 0 -1.656476 0 -0.828238 -1.8 -1.656476 0 -0.828238 -1.8 -0.828238 -1.8 -0.828238 0 -0.828238 0 0 1.45 0 1.219818 0.783929 1.219818 -0.783929 1.219818 -0.783929 1.219818 0.783929 0.602352 1.318966 1.219818 -0.783929 0.602352 1.318966 0.602352 -1.318966 0.602352 -1.318966 0.602352 1.318966 -0.206357 1.435241 0.602352 -1.318966 -0.206357 1.435241 -0.206357 -1.435241 -0.206357 -1.435241 -0.206357 1.435241 -0.949548 1.095837 -0.206357 -1.435241 -0.949548 1.095837 -0.949548 -1.095837 -0.949548 -1.095837 -0.949548 1.095837 -1.391265 0.408512 -0.949548 -1.095837 -1.391265 0.408512 -1.391265 -0.408512 -2.4 -0.856798 0 0 -2.4 0 -2.4 0 0 0 0 0.856798 -2.4 0 0 0.856798 -2.4 0.856798 -2.4 0.856798 0 0.856798 0 1.713596 -2.4 0.856798 0 1.713596 -2.4 1.713596 -2.4 1.713596 0 1.713596 0 2.570394 -2.4 1.713596 0 2.570394 -2.4 2.570394 -2.4 2.570394 0 2.570394 0 3.427192 -2.4 2.570394 0 3.427192 -2.4 3.427192 -2.4 3.427192 0 3.427192 0 4.28399 -2.4 3.427192 0 4.28399 -2.4 4.28399 -2.4 -5.140788 0 -5.140788 0 -4.28399 -2.4 -5.140788 0 -4.28399 -2.4 -4.28399 -2.4 -4.28399 0 -4.28399 0 -3.427192 -2.4 -4.28399 0 -3.427192 -2.4 -3.427192 -2.4 -3.427192 0 -3.427192 0 -2.570394 -2.4 -3.427192 0 -2.570394 -2.4 -2.570394 -2.4 -2.570394 0 -2.570394 0 -1.713596 -2.4 -2.570394 0 -1.713596 -2.4 -1.713596 -2.4 -1.713596 0 -1.713596 0 -0.856798 -2.4 -1.713596 0 -0.856798 -2.4 -0.856798 -2.4 -0.856798 0 -0.856798 0 0 1.5 0 1.26188 0.810961 1.26188 -0.810961 1.26188 -0.810961 1.26188 0.810961 0.623123 1.364448 1.26188 -0.810961 0.623123 1.364448 0.623123 -1.364448 0.623123 -1.364448 0.623123 1.364448 -0.213472 1.484732 0.623123 -1.364448 -0.213472 1.484732 -0.213472 -1.484732 -0.213472 -1.484732 -0.213472 1.484732 -0.982291 1.133624 -0.213472 -1.484732 -0.982291 1.133624 -0.982291 -1.133624 -0.982291 -1.133624 -0.982291 1.133624 -1.43924 0.422599 -0.982291 -1.133624 -1.43924 0.422599 -1.43924 -0.422599 -2.4 -0.856798 0 0 -2.4 0 -2.4 0 0 0 0 0.856798 -2.4 0 0 0.856798 -2.4 0.856798 -2.4 0.856798 0 0.856798 0 1.713596 -2.4 0.856798 0 1.713596 -2.4 1.713596 -2.4 1.713596 0 1.713596 0 2.570394 -2.4 1.713596 0 2.570394 -2.4 2.570394 -2.4 2.570394 0 2.570394 0 3.427192 -2.4 2.570394 0 3.427192 -2.4 3.427192 -2.4 3.427192 0 3.427192 0 4.28399 -2.4 3.427192 0 4.28399 -2.4 4.28399 -2.4 -5.140788 0 -5.140788 0 -4.28399 -2.4 -5.140788 0 -4.28399 -2.4 -4.28399 -2.4 -4.28399 0 -4.28399 0 -3.427192 -2.4 -4.28399 0 -3.427192 -2.4 -3.427192 -2.4 -3.427192 0 -3.427192 0 -2.570394 -2.4 -3.427192 0 -2.570394 -2.4 -2.570394 -2.4 -2.570394 0 -2.570394 0 -1.713596 -2.4 -2.570394 0 -1.713596 -2.4 -1.713596 -2.4 -1.713596 0 -1.713596 0 -0.856798 -2.4 -1.713596 0 -0.856798 -2.4 -0.856798 -2.4 -0.856798 0 -0.856798 0 0 1.5 0 1.26188 0.810961 1.26188 -0.810961 1.26188 -0.810961 1.26188 0.810961 0.623123 1.364448 1.26188 -0.810961 0.623123 1.364448 0.623123 -1.364448 0.623123 -1.364448 0.623123 1.364448 -0.213472 1.484732 0.623123 -1.364448 -0.213472 1.484732 -0.213472 -1.484732 -0.213472 -1.484732 -0.213472 1.484732 -0.982291 1.133624 -0.213472 -1.484732 -0.982291 1.133624 -0.982291 -1.133624 -0.982291 -1.133624 -0.982291 1.133624 -1.43924 0.422599 -0.982291 -1.133624 -1.43924 0.422599 -1.43924 -0.422599 -20.6 3.612832 -30.4 3.612832 -20.6 2.709624 -20.6 2.709624 -30.4 3.612832 -30.4 2.709624 -20.6 2.709624 -30.4 2.709624 -20.6 1.806416 -20.6 1.806416 -30.4 2.709624 -30.4 1.806416 -20.6 1.806416 -30.4 1.806416 -20.6 0.903208 -20.6 0.903208 -30.4 1.806416 -30.4 0.903208 -20.6 0.903208 -30.4 0.903208 -20.6 0 -20.6 0 -30.4 0.903208 -30.4 0 -20.6 3.612832 -30.4 3.612832 -20.6 2.709624 -20.6 2.709624 -30.4 3.612832 -30.4 2.709624 -20.6 2.709624 -30.4 2.709624 -20.6 1.806416 -20.6 1.806416 -30.4 2.709624 -30.4 1.806416 -20.6 1.806416 -30.4 1.806416 -20.6 0.903208 -20.6 0.903208 -30.4 1.806416 -30.4 0.903208 -20.6 0.903208 -30.4 0.903208 -20.6 0 -20.6 0 -30.4 0.903208 -30.4 0 -3 3.612832 -15.1 3.612832 -3 2.709624 -3 2.709624 -15.1 3.612832 -15.1 2.709624 -3 2.709624 -15.1 2.709624 -3 1.806416 -3 1.806416 -15.1 2.709624 -15.1 1.806416 -3 1.806416 -15.1 1.806416 -3 0.903208 -3 0.903208 -15.1 1.806416 -15.1 0.903208 -3 0.903208 -15.1 0.903208 -3 0 -3 0 -15.1 0.903208 -15.1 0 -0.1 0 0 0 -0.1 0.903208 -0.1 0.903208 0 0 0 0.903208 -0.1 0.903208 0 0.903208 -0.1 1.806416 -0.1 1.806416 0 0.903208 0 1.806416 -0.1 1.806416 0 1.806416 -0.1 2.709624 -0.1 2.709624 0 1.806416 0 2.709624 -0.1 2.709624 0 2.709624 -0.1 3.612832 -0.1 3.612832 0 2.709624 0 3.612832 0 0 58.3 0 0 0.1 0 0.1 58.3 0 58.3 0.1 -0.1 0 0 0 -0.1 0.903208 -0.1 0.903208 0 0 0 0.903208 -0.1 0.903208 0 0.903208 -0.1 1.806416 -0.1 1.806416 0 0.903208 0 1.806416 -0.1 1.806416 0 1.806416 -0.1 2.709624 -0.1 2.709624 0 1.806416 0 2.709624 -0.1 2.709624 0 2.709624 -0.1 3.612832 -0.1 3.612832 0 2.709624 0 3.612832 0 0 90.30001 0 0 0.1 0 0.1 90.30001 0 90.30001 0.1 -0.1 0 0 0 -0.1 0.903208 -0.1 0.903208 0 0 0 0.903208 -0.1 0.903208 0 0.903208 -0.1 1.806416 -0.1 1.806416 0 0.903208 0 1.806416 -0.1 1.806416 0 1.806416 -0.1 2.709624 -0.1 2.709624 0 1.806416 0 2.709624 -0.1 2.709624 0 2.709624 -0.1 3.612832 -0.1 3.612832 0 2.709624 0 3.612832 0 0 58.3 0 0 0.1 0 0.1 58.3 0 58.3 0.1 -0.1 0 0 0 -0.1 0.903208 -0.1 0.903208 0 0 0 0.903208 -0.1 0.903208 0 0.903208 -0.1 1.806416 -0.1 1.806416 0 0.903208 0 1.806416 -0.1 1.806416 0 1.806416 -0.1 2.709624 -0.1 2.709624 0 1.806416 0 2.709624 -0.1 2.709624 0 2.709624 -0.1 3.612832 -0.1 3.612832 0 2.709624 0 3.612832 0 0 90.30001 0 0 0.1 0 0.1 90.30001 0 90.30001 0.1 45.15 -31.45 -47.45 -29.15 -45.15 -31.45 -45.15 -31.45 -47.45 -29.15 -47.27492 -30.03017 -45.15 -31.45 -47.27492 -30.03017 -46.77634 -30.77635 46.03017 -31.27492 46.77634 -30.77635 45.15 -31.45 45.15 -31.45 46.77634 -30.77635 47.27492 -30.03017 45.15 -31.45 47.27492 -30.03017 47.45 -29.15 47.45 29.15 -47.45 29.15 47.45 -29.15 47.45 -29.15 -47.45 29.15 -47.45 -29.15 47.45 -29.15 -47.45 -29.15 45.15 -31.45 47.27492 30.03017 45.15 31.45 47.45 29.15 47.45 29.15 45.15 31.45 -45.15 31.45 47.45 29.15 -45.15 31.45 -47.45 29.15 -47.45 29.15 -45.15 31.45 -47.27492 30.03017 -47.27492 30.03017 -45.15 31.45 -46.77634 30.77635 -46.77634 30.77635 -45.15 31.45 -46.03017 31.27492 47.27492 30.03017 46.77634 30.77635 45.15 31.45 45.15 31.45 46.77634 30.77635 46.03017 31.27492 -46.77634 -30.77635 -46.03017 -31.27492 -45.15 -31.45 48.7 30.4 44.66445 26.17688 48.7 20.6 48.7 20.6 44.66445 26.17688 44.11096 25.53812 48.7 20.6 44.11096 25.53812 43.3 25.3 0 30.4 20.50851 28.19127 48.7 30.4 48.7 30.4 20.50851 28.19127 42.8774 28.23924 48.7 30.4 42.8774 28.23924 43.7226 28.23924 0 20.6 18.78104 26.19765 0 30.4 0 30.4 18.78104 26.19765 18.66476 27.00636 0 30.4 18.66476 27.00636 19.00416 27.74955 48.7 20.6 20.1 25.35 0 20.6 0 20.6 20.1 25.35 19.31607 25.58018 0 20.6 19.31607 25.58018 18.78104 26.19765 48.7 20.6 43.3 25.3 20.1 25.35 20.1 25.35 43.3 25.3 42.48904 25.53812 20.1 25.35 42.48904 25.53812 20.88393 25.58018 20.88393 25.58018 42.48904 25.53812 41.93555 26.17688 20.88393 25.58018 41.93555 26.17688 21.41897 26.19765 21.41897 26.19765 41.93555 26.17688 41.81527 27.01347 21.41897 26.19765 41.81527 27.01347 21.53524 27.00636 21.53524 27.00636 41.81527 27.01347 21.19584 27.74955 21.19584 27.74955 41.81527 27.01347 42.16637 27.78229 21.19584 27.74955 42.16637 27.78229 20.50851 28.19127 20.50851 28.19127 42.16637 27.78229 42.8774 28.23924 43.7226 28.23924 44.43362 27.78229 48.7 30.4 48.7 30.4 44.43362 27.78229 44.78473 27.01347 48.7 30.4 44.78473 27.01347 44.66445 26.17688 19.00416 27.74955 19.69149 28.19127 0 30.4 0 30.4 19.69149 28.19127 20.50851 28.19127 -3 3.612832 -15.1 3.612832 -3 2.709624 -3 2.709624 -15.1 3.612832 -15.1 2.709624 -3 2.709624 -15.1 2.709624 -3 1.806416 -3 1.806416 -15.1 2.709624 -15.1 1.806416 -3 1.806416 -15.1 1.806416 -3 0.903208 -3 0.903208 -15.1 1.806416 -15.1 0.903208 -3 0.903208 -15.1 0.903208 -3 0 -3 0 -15.1 0.903208 -15.1 0</float_array>
          <technique_common>
            <accessor source="#EMROX_RPTU_V1_02_03_Caroline_simple_ROX_RPTU_Plattform_V1_02_03-mesh-map-0-array" count="5652" stride="2">
              <param name="S" type="float"/>
              <param name="T" type="float"/>
            </accessor>
          </technique_common>
        </source>
        <vertices id="EMROX_RPTU_V1_02_03_Caroline_simple_ROX_RPTU_Plattform_V1_02_03-mesh-vertices">
          <input semantic="POSITION" source="#EMROX_RPTU_V1_02_03_Caroline_simple_ROX_RPTU_Plattform_V1_02_03-mesh-positions"/>
        </vertices>
        <triangles material="_91_191_191_002-material" count="232">
          <input semantic="VERTEX" source="#EMROX_RPTU_V1_02_03_Caroline_simple_ROX_RPTU_Plattform_V1_02_03-mesh-vertices" offset="0"/>
          <input semantic="NORMAL" source="#EMROX_RPTU_V1_02_03_Caroline_simple_ROX_RPTU_Plattform_V1_02_03-mesh-normals" offset="1"/>
          <input semantic="TEXCOORD" source="#EMROX_RPTU_V1_02_03_Caroline_simple_ROX_RPTU_Plattform_V1_02_03-mesh-map-0" offset="2" set="0"/>
          <p>646 0 0 641 1 1 637 2 2 637 3 3 641 4 4 632 5 5 637 6 6 632 7 7 628 8 8 628 9 9 632 10 10 622 11 11 628 12 12 622 13 13 617 14 14 617 15 15 622 16 16 607 17 17 617 18 18 607 19 19 603 20 20 603 21 21 607 22 22 595 23 23 603 24 24 595 25 25 587 26 26 587 27 27 595 28 28 577 29 29 587 30 30 577 31 31 571 32 32 571 33 33 577 34 34 533 35 35 571 36 36 533 37 37 529 38 38 529 39 39 533 40 40 491 41 41 529 42 42 491 43 43 487 44 44 487 45 45 491 46 46 483 47 47 487 48 48 483 49 49 479 50 50 479 51 51 483 52 52 475 53 53 479 54 54 475 55 55 477 56 56 477 57 57 475 58 58 482 59 59 477 60 60 482 61 61 485 62 62 485 63 63 482 64 64 490 65 65 485 66 66 490 67 67 527 68 68 527 69 69 490 70 70 532 71 71 527 72 72 532 73 73 569 74 74 569 75 75 532 76 76 576 77 77 569 78 78 576 79 79 583 80 80 583 81 81 576 82 82 594 83 83 583 84 84 594 85 85 601 86 86 601 87 87 594 88 88 606 89 89 601 90 90 606 91 91 612 92 92 612 93 93 606 94 94 621 95 95 612 96 96 621 97 97 625 98 98 625 99 99 621 100 100 631 101 101 625 102 102 631 103 103 634 104 104 634 105 105 631 106 106 640 107 107 634 108 108 640 109 109 643 110 110 643 111 111 640 112 112 648 113 113 643 114 114 648 115 115 646 116 116 646 117 117 648 118 118 641 119 119 640 120 120 482 120 121 648 120 122 648 120 123 482 120 124 475 120 125 648 120 126 475 120 127 641 120 128 641 120 129 475 120 130 483 120 131 641 120 132 483 120 133 632 120 134 632 120 135 483 120 136 491 120 137 632 120 138 491 120 139 622 120 140 622 120 141 491 120 142 533 120 143 622 120 144 533 120 145 607 120 146 607 120 147 533 120 148 577 120 149 607 120 150 577 120 151 595 120 152 482 120 153 640 120 154 490 120 155 490 120 156 640 120 157 631 120 158 490 120 159 631 120 160 532 120 161 532 120 162 631 120 163 621 120 164 532 120 165 621 120 166 576 120 167 576 120 168 621 120 169 606 120 170 576 120 171 606 120 172 594 120 173 645 121 174 639 122 175 636 123 176 636 124 177 639 125 178 630 126 179 636 127 180 630 128 181 627 129 182 627 130 183 630 131 184 620 132 185 627 133 186 620 134 187 616 135 188 616 136 189 620 137 190 605 138 191 616 139 192 605 140 193 602 141 194 602 142 195 605 143 196 593 144 197 602 145 198 593 146 199 586 147 200 586 148 201 593 149 202 575 150 203 586 151 204 575 152 205 570 153 206 570 154 207 575 155 208 531 156 209 570 157 210 531 158 211 528 159 212 528 160 213 531 161 214 489 162 215 528 163 216 489 164 217 486 165 218 486 166 219 489 167 220 481 168 221 486 169 222 481 170 223 478 171 224 478 172 225 481 173 226 474 174 227 478 175 228 474 176 229 476 177 230 476 178 231 474 58 232 480 179 233 476 180 234 480 181 235 484 182 236 484 183 237 480 184 238 488 185 239 484 186 240 488 187 241 526 188 242 526 189 243 488 190 244 530 191 245 526 192 246 530 193 247 568 194 248 568 75 249 530 76 250 574 77 251 568 195 252 574 196 253 582 197 254 582 198 255 574 199 256 592 200 257 582 201 258 592 202 259 600 203 260 600 204 261 592 205 262 604 206 263 600 207 264 604 208 265 611 209 266 611 210 267 604 211 268 619 212 269 611 213 270 619 214 271 624 215 272 624 216 273 619 217 274 629 218 275 624 219 276 629 220 277 633 221 278 633 222 279 629 223 280 638 224 281 633 225 282 638 226 283 642 227 284 642 228 285 638 229 286 647 230 287 642 231 288 647 232 289 645 233 290 645 234 291 647 235 292 639 236 293 638 120 294 480 120 295 647 120 296 647 120 297 480 120 298 474 120 299 647 120 300 474 120 301 639 120 302 639 120 303 474 120 304 481 120 305 639 120 306 481 120 307 630 120 308 630 120 309 481 120 310 489 120 311 630 120 312 489 120 313 620 120 314 620 120 315 489 120 316 531 120 317 620 120 318 531 120 319 605 120 320 605 120 321 531 120 322 575 120 323 605 120 324 575 120 325 593 120 326 480 120 327 638 120 328 488 120 329 488 120 330 638 120 331 629 120 332 488 120 333 629 120 334 530 120 335 530 120 336 629 120 337 619 120 338 530 120 339 619 120 340 574 120 341 574 120 342 619 120 343 604 120 344 574 120 345 604 120 346 592 120 347 454 237 348 449 238 349 446 239 350 446 124 351 449 125 352 441 126 353 446 127 354 441 128 355 404 129 356 404 240 357 441 241 358 399 242 359 404 243 360 399 244 361 362 245 362 362 246 363 399 247 364 357 248 365 362 249 366 357 140 367 354 250 368 354 142 369 357 143 370 349 144 371 354 251 372 349 252 373 346 253 374 346 254 375 349 255 376 341 256 377 346 257 378 341 258 379 335 259 380 335 260 381 341 261 382 326 262 383 335 263 384 326 264 385 322 265 386 322 266 387 326 267 388 316 268 389 322 163 390 316 164 391 313 165 392 313 166 393 316 167 394 307 168 395 313 269 396 307 270 397 304 271 398 304 272 399 307 273 400 299 274 401 304 275 402 299 276 403 301 277 404 301 278 405 299 279 406 306 280 407 301 281 408 306 282 409 310 283 410 310 183 411 306 184 412 315 185 413 310 186 414 315 187 415 319 188 416 319 284 417 315 285 418 325 286 419 319 287 420 325 288 421 330 289 422 330 290 423 325 291 424 340 292 425 330 293 426 340 294 427 344 295 428 344 198 429 340 199 430 348 200 431 344 296 432 348 297 433 352 298 434 352 299 435 348 300 436 356 301 437 352 302 438 356 303 439 360 304 440 360 305 441 356 306 442 398 307 443 360 308 444 398 309 445 402 310 446 402 311 447 398 312 448 440 313 449 402 219 450 440 220 451 444 221 452 444 222 453 440 223 454 448 224 455 444 314 456 448 315 457 452 316 458 452 317 459 448 318 460 456 319 461 452 320 462 456 321 463 454 322 464 454 323 465 456 324 466 449 325 467 448 120 468 306 120 469 456 120 470 456 120 471 306 120 472 299 120 473 456 120 474 299 120 475 449 120 476 449 120 477 299 120 478 307 120 479 449 120 480 307 120 481 441 120 482 441 120 483 307 120 484 316 120 485 441 120 486 316 120 487 399 120 488 399 120 489 316 120 490 326 120 491 399 120 492 326 120 493 357 120 494 357 120 495 326 120 496 341 120 497 357 120 498 341 120 499 349 120 500 306 120 501 448 120 502 315 120 503 315 120 504 448 120 505 440 120 506 315 120 507 440 120 508 325 120 509 325 120 510 440 120 511 398 120 512 325 120 513 398 120 514 340 120 515 340 120 516 398 120 517 356 120 518 340 120 519 356 120 520 348 120 521 455 326 522 451 327 523 447 328 524 447 3 525 451 4 526 443 5 527 447 6 528 443 7 529 405 8 530 405 329 531 443 330 532 401 331 533 405 332 534 401 333 535 363 334 536 363 246 537 401 247 538 359 248 539 363 335 540 359 336 541 355 337 542 355 21 543 359 22 544 351 23 545 355 338 546 351 339 547 347 340 548 347 341 549 351 342 550 343 343 551 347 344 552 343 345 553 336 346 554 336 347 555 343 348 556 328 349 557 336 350 558 328 351 559 323 352 560 323 353 561 328 354 562 318 355 563 323 42 564 318 43 565 314 44 566 314 45 567 318 46 568 309 47 569 314 356 570 309 357 571 305 358 572 305 359 573 309 360 574 300 361 575 305 362 576 300 363 577 302 364 578 302 365 579 300 366 580 308 367 581 302 368 582 308 369 583 311 370 584 311 63 585 308 64 586 317 65 587 311 66 588 317 67 589 320 68 590 320 371 591 317 372 592 327 373 593 320 374 594 327 375 595 331 376 596 331 377 597 327 378 598 342 379 599 331 380 600 342 79 601 345 381 602 345 81 603 342 82 604 350 83 605 345 382 606 350 383 607 353 384 608 353 385 609 350 386 610 358 387 611 353 388 612 358 389 613 361 390 614 361 391 615 358 392 616 400 393 617 361 394 618 400 395 619 403 396 620 403 397 621 400 398 622 442 399 623 403 102 624 442 103 625 445 104 626 445 105 627 442 106 628 450 107 629 445 400 630 450 401 631 453 402 632 453 403 633 450 404 634 457 405 635 453 406 636 457 407 637 455 408 638 455 409 639 457 324 640 451 410 641 450 120 642 308 120 643 457 120 644 457 120 645 308 120 646 300 120 647 457 120 648 300 120 649 451 120 650 451 120 651 300 120 652 309 120 653 451 120 654 309 120 655 443 120 656 443 120 657 309 120 658 318 120 659 443 120 660 318 120 661 401 120 662 401 120 663 318 120 664 328 120 665 401 120 666 328 120 667 359 120 668 359 120 669 328 120 670 343 120 671 359 120 672 343 120 673 351 120 674 308 120 675 450 120 676 317 120 677 317 120 678 450 120 679 442 120 680 317 120 681 442 120 682 327 120 683 327 120 684 442 120 685 400 120 686 327 120 687 400 120 688 342 120 689 342 120 690 400 120 691 358 120 692 342 120 693 358 120 694 350 120 695</p>
        </triangles>
        <triangles material="_45_245_245_001-material" count="1282">
          <input semantic="VERTEX" source="#EMROX_RPTU_V1_02_03_Caroline_simple_ROX_RPTU_Plattform_V1_02_03-mesh-vertices" offset="0"/>
          <input semantic="NORMAL" source="#EMROX_RPTU_V1_02_03_Caroline_simple_ROX_RPTU_Plattform_V1_02_03-mesh-normals" offset="1"/>
          <input semantic="TEXCOORD" source="#EMROX_RPTU_V1_02_03_Caroline_simple_ROX_RPTU_Plattform_V1_02_03-mesh-map-0" offset="2" set="0"/>
          <p>458 411 696 459 412 697 460 413 698 460 414 699 459 415 700 461 416 701 460 417 702 461 418 703 463 419 704 465 420 705 464 421 706 463 422 707 463 423 708 464 424 709 462 425 710 463 426 711 462 427 712 460 428 713 465 429 714 467 429 715 464 429 716 464 430 717 467 430 718 466 430 719 466 431 720 467 432 721 468 433 722 468 434 723 467 435 724 469 436 725 468 437 726 469 438 727 471 439 728 473 440 729 472 441 730 471 442 731 471 443 732 472 444 733 470 445 734 471 446 735 470 447 736 468 448 737 473 120 738 573 120 739 472 120 740 472 120 741 573 120 742 572 120 743 572 449 744 573 450 745 578 451 746 578 452 747 573 453 748 579 454 749 578 455 750 579 456 751 581 457 752 585 458 753 584 459 754 581 460 755 581 461 756 584 462 757 580 463 758 581 464 759 580 465 760 578 466 761 585 467 762 589 467 763 584 467 764 584 468 765 589 468 766 588 468 767 588 469 768 589 470 769 590 471 770 590 472 771 589 473 772 591 474 773 590 475 774 591 476 775 597 477 776 599 478 777 598 479 778 597 480 779 597 481 780 598 482 781 596 483 782 597 484 783 596 485 784 590 486 785 590 487 786 462 487 787 588 487 788 588 487 789 462 487 790 464 487 791 588 487 792 464 487 793 584 487 794 584 487 795 464 487 796 466 487 797 584 487 798 466 487 799 468 487 800 462 487 801 590 487 802 460 487 803 460 487 804 590 487 805 596 487 806 460 487 807 596 487 808 458 487 809 458 487 810 596 487 811 598 487 812 470 487 813 472 487 814 468 487 815 468 487 816 472 487 817 584 487 818 584 487 819 472 487 820 580 487 821 580 487 822 472 487 823 572 487 824 580 487 825 572 487 826 578 487 827 597 487 828 591 487 829 599 487 830 599 487 831 591 487 832 764 487 833 764 488 834 591 488 835 589 488 836 764 489 837 589 489 838 585 489 839 585 487 840 581 487 841 764 487 842 764 490 843 581 490 844 579 490 845 764 487 846 579 487 847 765 487 848 765 491 849 579 491 850 573 491 851 765 492 852 573 492 853 473 492 854 765 493 855 473 493 856 439 493 857 439 494 858 473 494 859 471 494 860 439 487 861 471 487 862 438 487 863 438 495 864 471 495 865 469 495 866 438 496 867 469 496 868 467 496 869 467 487 870 465 487 871 438 487 872 438 497 873 465 497 874 459 497 875 459 498 876 465 498 877 463 498 878 459 487 879 463 487 880 461 487 881 51 542 942 49 543 943 72 544 944 72 545 945 49 546 946 71 547 947 72 548 948 71 549 949 116 550 950 116 551 951 71 552 952 115 553 953 116 554 954 115 555 955 152 556 956 152 557 957 115 558 958 151 559 959 152 560 960 151 561 961 202 562 962 202 563 963 151 564 964 200 565 965 47 566 966 45 567 967 70 568 968 70 569 969 45 570 970 69 571 971 70 572 972 69 573 973 114 574 974 114 575 975 69 576 976 113 577 977 114 578 978 113 579 979 150 580 980 150 581 981 113 582 982 149 583 983 150 584 984 149 585 985 198 586 986 198 587 987 149 588 988 196 589 989 191 590 990 194 591 991 146 592 992 146 593 993 194 594 994 148 595 995 146 596 996 148 597 997 110 598 998 110 599 999 148 600 1000 112 601 1001 110 602 1002 112 603 1003 66 604 1004 66 605 1005 112 606 1006 68 607 1007 66 608 1008 68 609 1009 39 610 1010 39 611 1011 68 612 1012 43 613 1013 42 618 1146 38 618 1147 43 618 1148 43 618 1149 38 618 1150 39 618 1151 46 618 1152 44 618 1153 47 618 1154 47 618 1155 44 618 1156 45 618 1157 49 618 1158 51 618 1159 48 618 1160 48 618 1161 51 618 1162 50 618 1163 419 487 1188 418 487 1189 377 487 1190 377 487 1191 418 487 1192 376 487 1193 765 676 1254 439 677 1255 761 678 1256 761 679 1257 439 680 1258 435 681 1259 761 682 1260 435 683 1261 759 684 1262 759 685 1263 435 686 1264 427 687 1265 759 688 1266 427 689 1267 757 690 1268 757 691 1269 427 692 1270 423 693 1271 757 694 1272 423 695 1273 755 696 1274 755 697 1275 423 698 1276 419 699 1277 367 487 1278 294 487 1279 368 487 1280 368 487 1281 294 487 1282 295 487 1283 294 700 1284 367 701 1285 296 702 1286 296 703 1287 367 704 1288 369 705 1289 296 706 1290 369 707 1291 297 708 1292 297 709 1293 369 710 1294 371 711 1295 297 712 1296 371 713 1297 298 714 1298 298 715 1299 371 716 1300 373 717 1301 373 664 1302 375 664 1303 298 664 1304 298 664 1305 375 664 1306 202 664 1307 298 664 1308 202 664 1309 287 664 1310 287 664 1311 202 664 1312 262 664 1313 262 664 1314 202 664 1315 252 664 1316 252 664 1317 202 664 1318 251 664 1319 251 664 1320 202 664 1321 200 664 1322 251 664 1323 200 664 1324 198 664 1325 198 664 1326 196 664 1327 251 664 1328 251 664 1329 196 664 1330 250 664 1331 250 718 1332 196 718 1333 194 718 1334 250 664 1335 194 664 1336 191 664 1337 202 719 1338 375 720 1339 204 721 1340 204 722 1341 375 723 1342 380 724 1343 204 725 1344 380 726 1345 206 727 1346 206 728 1347 380 729 1348 384 730 1349 206 731 1350 384 732 1351 208 733 1352 208 734 1353 384 735 1354 392 736 1355 208 737 1356 392 738 1357 211 739 1358 211 740 1359 392 741 1360 395 742 1361 749 523 1386 748 523 1387 753 523 1388 753 523 1389 748 523 1390 752 523 1391 865 806 1452 891 807 1453 851 808 1454 851 809 1455 891 810 1456 853 811 1457 851 812 1458 853 813 1459 815 814 1460 815 815 1461 853 816 1462 817 817 1463 815 818 1464 817 819 1465 787 820 1466 787 821 1467 817 822 1468 789 823 1469 787 824 1470 789 825 1471 745 826 1472 745 827 1473 789 828 1474 749 829 1475 675 523 1476 677 523 1477 676 523 1478 676 523 1479 677 523 1480 678 523 1481 677 830 1482 675 831 1483 680 832 1484 680 833 1485 675 834 1486 684 835 1487 680 836 1488 684 837 1489 686 838 1490 686 839 1491 684 840 1492 692 841 1493 686 842 1494 692 843 1495 693 844 1496 693 845 1497 692 846 1498 700 847 1499 693 848 1500 700 849 1501 701 850 1502 415 664 1503 615 664 1504 417 664 1505 417 664 1506 615 664 1507 623 664 1508 417 664 1509 623 664 1510 635 664 1511 635 664 1512 654 664 1513 417 664 1514 417 664 1515 654 664 1516 754 664 1517 754 664 1518 654 664 1519 681 664 1520 754 664 1521 681 664 1522 707 664 1523 707 664 1524 714 664 1525 754 664 1526 754 664 1527 714 664 1528 722 664 1529 754 664 1530 722 664 1531 725 664 1532 754 664 1533 725 664 1534 751 664 1535 751 851 1536 725 851 1537 721 851 1538 751 852 1539 721 852 1540 713 852 1541 713 664 1542 701 664 1543 751 664 1544 751 664 1545 701 664 1546 700 664 1547 754 853 1548 751 854 1549 792 855 1550 792 856 1551 751 857 1552 790 858 1553 792 859 1554 790 860 1555 820 861 1556 820 862 1557 790 863 1558 818 864 1559 820 865 1560 818 866 1561 856 867 1562 856 868 1563 818 869 1564 854 870 1565 856 871 1566 854 872 1567 908 873 1568 908 874 1569 854 875 1570 893 876 1571 515 614 1626 514 614 1627 557 614 1628 557 614 1629 514 614 1630 556 614 1631 744 930 1656 555 931 1657 742 932 1658 742 933 1659 555 934 1660 550 935 1661 742 936 1662 550 937 1663 740 938 1664 740 939 1665 550 940 1666 546 941 1667 740 942 1668 546 943 1669 738 944 1670 738 945 1671 546 946 1672 538 947 1673 738 948 1674 538 949 1675 735 950 1676 735 951 1677 538 952 1678 535 953 1679 175 954 1680 493 955 1681 178 956 1682 178 957 1683 493 958 1684 496 959 1685 178 960 1686 496 961 1687 180 962 1688 180 963 1689 496 964 1690 504 965 1691 180 966 1692 504 967 1693 182 968 1694 182 969 1695 504 970 1696 508 971 1697 182 972 1698 508 973 1699 184 974 1700 184 975 1701 508 976 1702 513 977 1703 698 664 1704 696 664 1705 747 664 1706 747 664 1707 696 664 1708 744 664 1709 744 664 1710 696 664 1711 695 664 1712 744 664 1713 695 664 1714 685 664 1715 685 664 1716 660 664 1717 744 664 1718 744 664 1719 660 664 1720 649 664 1721 744 664 1722 649 664 1723 555 664 1724 555 664 1725 649 664 1726 559 664 1727 517 664 1728 332 664 1729 513 664 1730 513 664 1731 332 664 1732 324 664 1733 513 664 1734 324 664 1735 312 664 1736 312 664 1737 293 664 1738 513 664 1739 513 664 1740 293 664 1741 184 664 1742 184 664 1743 293 664 1744 266 664 1745 184 664 1746 266 664 1747 240 664 1748 240 664 1749 233 664 1750 184 664 1751 184 664 1752 233 664 1753 225 664 1754 184 664 1755 225 664 1756 222 664 1757 184 664 1758 222 664 1759 187 664 1760 187 978 1761 222 978 1762 226 978 1763 187 979 1764 226 979 1765 234 979 1766 234 664 1767 246 664 1768 187 664 1769 187 664 1770 246 664 1771 248 664 1772 652 980 1773 563 981 1774 651 982 1775 651 983 1776 563 984 1777 562 985 1778 651 986 1779 562 987 1780 650 988 1781 650 989 1782 562 990 1783 560 991 1784 650 992 1785 560 993 1786 649 994 1787 649 995 1788 560 996 1789 559 997 1790 332 998 1791 517 999 1792 333 1000 1793 333 1001 1794 517 1002 1795 518 1003 1796 333 1004 1797 518 1005 1798 334 1006 1799 334 1007 1800 518 1008 1801 520 1009 1802 334 1010 1803 520 1011 1804 337 1012 1805 337 1013 1806 520 1014 1807 521 1015 1808 337 1016 1809 521 1017 1810 338 1018 1811 563 614 1812 652 614 1813 564 614 1814 564 614 1815 652 614 1816 653 614 1817 522 614 1818 339 614 1819 521 614 1820 521 614 1821 339 614 1822 338 614 1823 745 1019 1824 557 1020 1825 743 1021 1826 743 1022 1827 557 1023 1828 551 1024 1829 743 1025 1830 551 1026 1831 741 1027 1832 741 1028 1833 551 1029 1834 547 1030 1835 741 942 1836 547 943 1837 739 944 1838 739 945 1839 547 946 1840 539 947 1841 739 948 1842 539 949 1843 737 950 1844 737 951 1845 539 952 1846 537 953 1847 193 618 1872 192 618 1873 189 618 1874 189 618 1875 192 618 1876 188 618 1877 53 1094 1938 41 1095 1939 73 1096 1940 73 1097 1941 41 1098 1942 67 1099 1943 73 1100 1944 67 1101 1945 117 1102 1946 117 1103 1947 67 1104 1948 111 1105 1949 117 1106 1950 111 1107 1951 153 1108 1952 153 1109 1953 111 1110 1954 147 1111 1955 153 1112 1956 147 1113 1957 203 1114 1958 203 1115 1959 147 1116 1960 193 1117 1961 185 1118 1962 189 1119 1963 143 1120 1964 143 1121 1965 189 1122 1966 145 1123 1967 143 1124 1968 145 1125 1969 107 1126 1970 107 1127 1971 145 1128 1972 109 1129 1973 107 1130 1974 109 1131 1975 63 1132 1976 63 1133 1977 109 1134 1978 65 1135 1979 63 1136 1980 65 1137 1981 22 1138 1982 22 1139 1983 65 1140 1984 37 1141 1985 184 1142 1986 187 1143 1987 142 1144 1988 142 1145 1989 187 1146 1990 144 1147 1991 142 1148 1992 144 1149 1993 106 1150 1994 106 1151 1995 144 1152 1996 108 1153 1997 106 1130 1998 108 1131 1999 62 1132 2000 62 1133 2001 108 1134 2002 64 1135 2003 62 1154 2004 64 1155 2005 20 1156 2006 20 1157 2007 64 1158 2008 35 1159 2009 271 618 2010 269 618 2011 272 618 2012 272 618 2013 269 618 2014 270 618 2015 269 1160 2016 271 1161 2017 267 1162 2018 267 1163 2019 271 1164 2020 263 1165 2021 267 1166 2022 263 1167 2023 261 1168 2024 261 1169 2025 263 1170 2026 255 1171 2027 261 1172 2028 255 1173 2029 254 1174 2030 254 1175 2031 255 1176 2032 248 1177 2033 254 1178 2034 248 1179 2035 246 1180 2036 892 614 2043 893 614 2044 839 614 2045 839 614 2046 893 614 2047 854 614 2048 839 614 2049 854 614 2050 832 614 2051 832 614 2052 854 614 2053 818 614 2054 832 614 2055 818 614 2056 804 614 2057 804 614 2058 818 614 2059 790 614 2060 804 614 2061 790 614 2062 780 614 2063 780 614 2064 790 614 2065 751 614 2066 780 614 2067 751 614 2068 750 614 2069 750 614 2070 751 614 2071 699 614 2072 699 614 2073 751 614 2074 700 614 2075 699 614 2076 700 614 2077 692 614 2078 699 614 2079 692 614 2080 689 614 2081 689 614 2082 692 614 2083 684 614 2084 689 614 2085 684 614 2086 669 614 2087 669 614 2088 684 614 2089 675 614 2090 669 614 2091 675 614 2092 664 614 2093 664 614 2094 675 614 2095 665 614 2096 665 614 2097 675 614 2098 676 614 2099 839 614 2100 838 614 2101 892 614 2102 894 614 2103 895 614 2104 841 614 2105 841 614 2106 895 614 2107 855 614 2108 841 614 2109 855 614 2110 833 614 2111 833 614 2112 855 614 2113 819 614 2114 833 614 2115 819 614 2116 805 614 2117 805 614 2118 819 614 2119 791 614 2120 805 614 2121 791 614 2122 781 614 2123 781 614 2124 791 614 2125 753 614 2126 781 614 2127 753 614 2128 752 614 2129 841 614 2130 840 614 2131 894 614 2132 788 487 2133 778 487 2134 747 487 2135 747 487 2136 778 487 2137 746 487 2138 747 487 2139 746 487 2140 697 487 2141 778 487 2142 788 487 2143 802 487 2144 802 487 2145 788 487 2146 816 487 2147 802 487 2148 816 487 2149 830 487 2150 830 487 2151 816 487 2152 852 487 2153 830 487 2154 852 487 2155 835 487 2156 835 487 2157 852 487 2158 889 487 2159 835 487 2160 889 487 2161 834 487 2162 834 487 2163 889 487 2164 888 487 2165 688 487 2166 691 487 2167 697 487 2168 697 487 2169 691 487 2170 698 487 2171 697 487 2172 698 487 2173 747 487 2174 691 487 2175 688 487 2176 683 487 2177 683 487 2178 688 487 2179 668 487 2180 683 487 2181 668 487 2182 673 487 2183 673 487 2184 668 487 2185 662 487 2186 673 487 2187 662 487 2188 674 487 2189 674 487 2190 662 487 2191 663 487 2192 748 487 2193 749 487 2194 779 487 2195 779 487 2196 749 487 2197 789 487 2198 779 487 2199 789 487 2200 803 487 2201 803 487 2202 789 487 2203 817 487 2204 803 487 2205 817 487 2206 831 487 2207 831 487 2208 817 487 2209 853 487 2210 831 487 2211 853 487 2212 837 487 2213 837 487 2214 853 487 2215 891 487 2216 837 487 2217 891 487 2218 836 487 2219 836 487 2220 891 487 2221 890 487 2222 394 523 2229 395 523 2230 389 523 2231 389 523 2232 395 523 2233 392 523 2234 389 1181 2235 392 1181 2236 386 1181 2237 386 523 2238 392 523 2239 384 523 2240 386 1182 2241 384 1182 2242 382 1182 2243 382 1183 2244 384 1183 2245 380 1183 2246 382 1184 2247 380 1184 2248 378 1184 2249 378 523 2250 380 523 2251 375 523 2252 378 523 2253 375 523 2254 374 523 2255 374 523 2256 375 523 2257 372 523 2258 372 523 2259 375 523 2260 373 523 2261 372 1185 2262 373 1185 2263 371 1185 2264 372 1186 2265 371 1186 2266 370 1186 2267 370 523 2268 371 523 2269 369 523 2270 370 523 2271 369 523 2272 366 523 2273 366 523 2274 369 523 2275 367 523 2276 366 523 2277 367 523 2278 364 523 2279 364 523 2280 367 523 2281 365 523 2282 365 523 2283 367 523 2284 368 523 2285 389 523 2286 388 523 2287 394 523 2288 396 523 2289 397 523 2290 391 523 2291 391 523 2292 397 523 2293 393 523 2294 391 523 2295 393 523 2296 387 523 2297 387 523 2298 393 523 2299 385 523 2300 387 523 2301 385 523 2302 383 523 2303 383 1187 2304 385 1187 2305 381 1187 2306 383 1188 2307 381 1188 2308 379 1188 2309 379 523 2310 381 523 2311 377 523 2312 379 523 2313 377 523 2314 376 523 2315 391 523 2316 390 523 2317 396 523 2318 422 618 2319 420 618 2320 417 618 2321 417 618 2322 420 618 2323 416 618 2324 417 618 2325 416 618 2326 414 618 2327 420 618 2328 422 618 2329 424 618 2330 424 1189 2331 422 1189 2332 426 1189 2333 424 1190 2334 426 1190 2335 428 1190 2336 428 1191 2337 426 1191 2338 434 1191 2339 428 1192 2340 434 1192 2341 431 1192 2342 431 618 2343 434 618 2344 437 618 2345 431 618 2346 437 618 2347 430 618 2348 430 618 2349 437 618 2350 436 618 2351 412 618 2352 413 618 2353 414 618 2354 414 1193 2355 413 1193 2356 415 1193 2357 414 618 2358 415 618 2359 417 618 2360 413 618 2361 412 618 2362 411 618 2363 411 618 2364 412 618 2365 408 618 2366 411 618 2367 408 618 2368 409 618 2369 409 618 2370 408 618 2371 406 618 2372 409 618 2373 406 618 2374 410 618 2375 410 618 2376 406 618 2377 407 618 2378 418 618 2379 419 618 2380 421 618 2381 421 618 2382 419 618 2383 423 618 2384 421 618 2385 423 618 2386 425 618 2387 425 618 2388 423 618 2389 427 618 2390 425 618 2391 427 618 2392 429 618 2393 429 1194 2394 427 1194 2395 435 1194 2396 429 618 2397 435 618 2398 433 618 2399 433 618 2400 435 618 2401 439 618 2402 433 618 2403 439 618 2404 432 618 2405 432 618 2406 439 618 2407 438 618 2408 534 618 2415 535 618 2416 541 618 2417 541 618 2418 535 618 2419 538 618 2420 541 1195 2421 538 1195 2422 544 1195 2423 544 618 2424 538 618 2425 546 618 2426 544 1196 2427 546 1196 2428 548 1196 2429 548 1197 2430 546 1197 2431 550 1197 2432 548 1198 2433 550 1198 2434 552 1198 2435 552 618 2436 550 618 2437 555 618 2438 552 618 2439 555 618 2440 554 618 2441 554 618 2442 555 618 2443 558 618 2444 558 618 2445 555 618 2446 559 618 2447 558 1199 2448 559 1199 2449 560 1199 2450 558 1200 2451 560 1200 2452 561 1200 2453 561 618 2454 560 618 2455 562 618 2456 561 618 2457 562 618 2458 565 618 2459 565 618 2460 562 618 2461 563 618 2462 565 618 2463 563 618 2464 566 618 2465 566 618 2466 563 618 2467 567 618 2468 567 618 2469 563 618 2470 564 618 2471 541 618 2472 540 618 2473 534 618 2474 536 618 2475 537 618 2476 543 618 2477 543 618 2478 537 618 2479 539 618 2480 543 618 2481 539 618 2482 545 618 2483 545 618 2484 539 618 2485 547 618 2486 545 618 2487 547 618 2488 549 618 2489 549 1201 2490 547 1201 2491 551 1201 2492 549 1202 2493 551 1202 2494 553 1202 2495 553 618 2496 551 618 2497 557 618 2498 553 618 2499 557 618 2500 556 618 2501 543 618 2502 542 618 2503 536 618 2504 508 523 2505 510 523 2506 513 523 2507 513 523 2508 510 523 2509 512 523 2510 513 523 2511 512 523 2512 516 523 2513 510 523 2514 508 523 2515 506 523 2516 506 1203 2517 508 1203 2518 504 1203 2519 506 1204 2520 504 1204 2521 502 1204 2522 502 1205 2523 504 1205 2524 496 1205 2525 502 1206 2526 496 1206 2527 499 1206 2528 499 523 2529 496 523 2530 493 523 2531 499 523 2532 493 523 2533 498 523 2534 498 523 2535 493 523 2536 492 523 2537 519 523 2538 518 523 2539 516 523 2540 516 1207 2541 518 1207 2542 517 1207 2543 516 523 2544 517 523 2545 513 523 2546 518 523 2547 519 523 2548 520 523 2549 520 523 2550 519 523 2551 523 523 2552 520 523 2553 523 523 2554 521 523 2555 521 523 2556 523 523 2557 524 523 2558 521 523 2559 524 523 2560 522 523 2561 522 523 2562 524 523 2563 525 523 2564 514 523 2565 515 523 2566 511 523 2567 511 523 2568 515 523 2569 509 523 2570 511 523 2571 509 523 2572 507 523 2573 507 523 2574 509 523 2575 505 523 2576 507 523 2577 505 523 2578 503 523 2579 503 1208 2580 505 1208 2581 497 1208 2582 503 523 2583 497 523 2584 501 523 2585 501 523 2586 497 523 2587 495 523 2588 501 523 2589 495 523 2590 500 523 2591 500 523 2592 495 523 2593 494 523 2594 34 487 2607 35 487 2608 83 487 2609 83 487 2610 35 487 2611 64 487 2612 83 487 2613 64 487 2614 90 487 2615 90 487 2616 64 487 2617 108 487 2618 90 487 2619 108 487 2620 126 487 2621 126 487 2622 108 487 2623 144 487 2624 126 487 2625 144 487 2626 158 487 2627 158 487 2628 144 487 2629 187 487 2630 158 487 2631 187 487 2632 186 487 2633 186 487 2634 187 487 2635 247 487 2636 247 487 2637 187 487 2638 248 487 2639 247 487 2640 248 487 2641 255 487 2642 247 487 2643 255 487 2644 258 487 2645 258 487 2646 255 487 2647 263 487 2648 258 487 2649 263 487 2650 278 487 2651 278 487 2652 263 487 2653 271 487 2654 278 487 2655 271 487 2656 282 487 2657 282 487 2658 271 487 2659 283 487 2660 283 487 2661 271 487 2662 272 487 2663 83 487 2664 82 487 2665 34 487 2666 36 487 2667 37 487 2668 85 487 2669 85 487 2670 37 487 2671 65 487 2672 85 487 2673 65 487 2674 91 487 2675 91 487 2676 65 487 2677 109 487 2678 91 487 2679 109 487 2680 127 487 2681 127 487 2682 109 487 2683 145 487 2684 127 487 2685 145 487 2686 159 487 2687 159 487 2688 145 487 2689 189 487 2690 159 487 2691 189 487 2692 188 487 2693 85 487 2694 84 487 2695 36 487 2696 146 614 2697 160 614 2698 191 614 2699 191 614 2700 160 614 2701 190 614 2702 191 614 2703 190 614 2704 249 614 2705 160 614 2706 146 614 2707 128 614 2708 128 614 2709 146 614 2710 110 614 2711 128 614 2712 110 614 2713 92 614 2714 92 614 2715 110 614 2716 66 614 2717 92 614 2718 66 614 2719 87 614 2720 87 614 2721 66 614 2722 39 614 2723 87 614 2724 39 614 2725 86 614 2726 86 614 2727 39 614 2728 38 614 2729 259 614 2730 256 614 2731 249 614 2732 249 614 2733 256 614 2734 250 614 2735 249 614 2736 250 614 2737 191 614 2738 256 614 2739 259 614 2740 264 614 2741 264 614 2742 259 614 2743 279 614 2744 264 614 2745 279 614 2746 273 614 2747 273 614 2748 279 614 2749 284 614 2750 273 614 2751 284 614 2752 274 614 2753 274 614 2754 284 614 2755 285 614 2756 192 614 2757 193 614 2758 161 614 2759 161 614 2760 193 614 2761 147 614 2762 161 614 2763 147 614 2764 129 614 2765 129 614 2766 147 614 2767 111 614 2768 129 614 2769 111 614 2770 93 614 2771 93 614 2772 111 614 2773 67 614 2774 93 614 2775 67 614 2776 89 614 2777 89 614 2778 67 614 2779 41 614 2780 89 614 2781 41 614 2782 88 614 2783 88 614 2784 41 614 2785 40 614 2786 755 1209 2787 753 1210 2788 793 1211 2789 793 1212 2790 753 1213 2791 791 1214 2792 793 1215 2793 791 1216 2794 821 1217 2795 821 1218 2796 791 1219 2797 819 1220 2798 821 865 2799 819 866 2800 857 867 2801 857 868 2802 819 869 2803 855 870 2804 857 1221 2805 855 1222 2806 910 1223 2807 910 1224 2808 855 1225 2809 895 1226 2810 894 523 2811 897 523 2812 895 523 2813 895 1227 2814 897 1227 2815 896 1227 2816 895 1228 2817 896 1228 2818 898 1228 2819 909 523 2820 901 523 2821 894 523 2822 894 523 2823 901 523 2824 899 523 2825 894 1229 2826 899 1229 2827 897 1229 2828 910 523 2829 905 523 2830 909 523 2831 909 1230 2832 905 1230 2833 903 1230 2834 909 523 2835 903 523 2836 901 523 2837 895 523 2838 902 523 2839 910 523 2840 910 523 2841 902 523 2842 904 523 2843 910 1231 2844 904 1231 2845 906 1231 2846 898 523 2847 900 523 2848 895 523 2849 895 523 2850 900 523 2851 902 523 2852 906 1232 2853 905 1232 2854 910 1232 2855 889 523 2856 863 523 2857 888 523 2858 888 523 2859 863 523 2860 862 523 2861 892 523 2862 907 523 2863 893 523 2864 893 523 2865 907 523 2866 908 523 2867 203 1233 2868 377 1234 2869 205 1235 2870 205 1236 2871 377 1237 2872 381 1238 2873 205 1239 2874 381 1240 2875 207 1241 2876 207 1242 2877 381 1243 2878 385 1244 2879 207 731 2880 385 732 2881 209 733 2882 209 734 2883 385 735 2884 393 736 2885 209 737 2886 393 738 2887 213 739 2888 213 740 2889 393 741 2890 397 742 2891 396 487 2892 212 487 2893 397 487 2894 397 487 2895 212 487 2896 213 487 2897 437 487 2898 763 487 2899 436 487 2900 436 487 2901 763 487 2902 762 487 2903 394 487 2904 210 487 2905 395 487 2906 395 487 2907 210 487 2908 211 487 2909 495 614 2910 177 614 2911 494 614 2912 494 614 2913 177 614 2914 176 614 2915 536 614 2916 736 614 2917 537 614 2918 537 614 2919 736 614 2920 737 614 2921 493 614 2922 175 614 2923 492 614 2924 492 614 2925 175 614 2926 174 614 2927 534 614 2928 734 614 2929 535 614 2930 535 614 2931 734 614 2932 735 614 2933 41 618 2934 53 618 2935 40 618 2936 40 618 2937 53 618 2938 52 618 2939 26 618 2940 22 618 2941 28 618 2942 28 618 2943 22 618 2944 37 618 2945 28 618 2946 37 618 2947 30 618 2948 30 1245 2949 37 1245 2950 32 1245 2951 32 618 2952 37 618 2953 33 618 2954 33 618 2955 37 618 2956 36 618 2957 33 618 2958 36 618 2959 31 618 2960 31 618 2961 36 618 2962 29 618 2963 29 618 2964 36 618 2965 27 618 2966 27 618 2967 36 618 2968 21 618 2969 27 618 2970 21 618 2971 25 618 2972 25 618 2973 21 618 2974 23 618 2975 23 618 2976 21 618 2977 22 618 2978 23 1246 2979 22 1246 2980 24 1246 2981 24 618 2982 22 618 2983 26 618 2984 599 120 2985 644 120 2986 598 120 2987 598 120 2988 644 120 2989 626 120 2990 598 120 2991 626 120 2992 618 120 2993 644 120 2994 599 120 2995 659 120 2996 659 120 2997 599 120 2998 764 120 2999 659 120 3000 764 120 3001 694 120 3002 694 120 3003 764 120 3004 824 120 3005 694 120 3006 824 120 3007 860 120 3008 764 120 3009 796 120 3010 824 120 3011 860 120 3012 909 120 3013 694 120 3014 694 120 3015 909 120 3016 708 120 3017 708 120 3018 909 120 3019 716 120 3020 716 120 3021 909 120 3022 724 120 3023 724 120 3024 909 120 3025 723 120 3026 723 120 3027 909 120 3028 894 120 3029 723 120 3030 894 120 3031 715 120 3032 715 120 3033 894 120 3034 706 120 3035 706 120 3036 894 120 3037 840 120 3038 706 120 3039 840 120 3040 678 120 3041 678 120 3042 840 120 3043 676 120 3044 676 120 3045 840 120 3046 674 120 3047 676 120 3048 674 120 3049 663 120 3050 840 120 3051 836 120 3052 674 120 3053 674 120 3054 836 120 3055 672 120 3056 672 120 3057 836 120 3058 890 120 3059 672 120 3060 890 120 3061 864 120 3062 848 120 3063 736 120 3064 864 120 3065 864 120 3066 736 120 3067 657 120 3068 864 120 3069 657 120 3070 667 120 3071 848 120 3072 812 120 3073 736 120 3074 736 120 3075 812 120 3076 784 120 3077 536 120 3078 542 120 3079 736 120 3080 736 120 3081 542 120 3082 653 120 3083 736 1247 3084 653 1247 3085 657 1247 3086 653 120 3087 542 120 3088 564 120 3089 564 120 3090 542 120 3091 500 120 3092 564 120 3093 500 120 3094 522 120 3095 522 120 3096 500 120 3097 339 120 3098 339 120 3099 500 120 3100 494 120 3101 339 120 3102 494 120 3103 329 120 3104 329 120 3105 494 120 3106 321 120 3107 321 120 3108 494 120 3109 303 120 3110 303 120 3111 494 120 3112 176 120 3113 303 120 3114 176 120 3115 288 120 3116 288 120 3117 176 120 3118 253 120 3119 253 120 3120 176 120 3121 104 120 3122 253 120 3123 104 120 3124 60 120 3125 176 120 3126 140 120 3127 104 120 3128 60 120 3129 21 120 3130 253 120 3131 253 120 3132 21 120 3133 239 120 3134 239 120 3135 21 120 3136 231 120 3137 231 120 3138 21 120 3139 223 120 3140 223 120 3141 21 120 3142 224 120 3143 224 120 3144 21 120 3145 36 120 3146 224 120 3147 36 120 3148 232 120 3149 232 120 3150 36 120 3151 241 120 3152 241 120 3153 36 120 3154 84 120 3155 241 120 3156 84 120 3157 270 120 3158 270 120 3159 84 120 3160 272 120 3161 272 120 3162 84 120 3163 274 120 3164 272 120 3165 274 120 3166 285 120 3167 84 120 3168 88 120 3169 274 120 3170 274 120 3171 88 120 3172 276 120 3173 276 120 3174 88 120 3175 40 120 3176 276 120 3177 40 120 3178 52 120 3179 76 120 3180 212 120 3181 52 120 3182 52 120 3183 212 120 3184 291 120 3185 52 120 3186 291 120 3187 281 120 3188 76 120 3189 120 120 3190 212 120 3191 212 120 3192 120 120 3193 156 120 3194 396 120 3195 390 120 3196 212 120 3197 212 120 3198 390 120 3199 295 120 3200 212 1248 3201 295 1248 3202 291 1248 3203 295 120 3204 390 120 3205 368 120 3206 368 120 3207 390 120 3208 432 120 3209 368 120 3210 432 120 3211 410 120 3212 410 120 3213 432 120 3214 458 120 3215 410 120 3216 458 120 3217 609 120 3218 609 120 3219 458 120 3220 598 120 3221 609 120 3222 598 120 3223 618 120 3224 438 120 3225 459 120 3226 432 120 3227 432 120 3228 459 120 3229 458 120 3230 281 120 3231 276 120 3232 52 120 3233 285 120 3234 283 120 3235 272 120 3236 525 120 3237 567 120 3238 522 120 3239 522 120 3240 567 120 3241 564 120 3242 667 120 3243 672 120 3244 864 120 3245 663 120 3246 665 120 3247 676 120 3248 407 120 3249 365 120 3250 410 120 3251 410 120 3252 365 120 3253 368 120 3254 34 618 3255 19 618 3256 35 618 3257 35 618 3258 19 618 3259 20 618 3260 646 120 3261 637 120 3262 907 120 3263 907 120 3264 637 120 3265 628 120 3266 907 120 3267 628 120 3268 617 120 3269 907 120 3270 617 120 3271 762 120 3272 762 120 3273 617 120 3274 603 120 3275 762 120 3276 603 120 3277 587 120 3278 587 120 3279 571 120 3280 762 120 3281 762 120 3282 571 120 3283 436 120 3284 436 120 3285 571 120 3286 529 120 3287 436 120 3288 529 120 3289 487 120 3290 436 120 3291 487 120 3292 430 120 3293 430 120 3294 487 120 3295 479 120 3296 430 120 3297 479 120 3298 447 120 3299 447 120 3300 479 120 3301 455 120 3302 455 120 3303 479 120 3304 477 120 3305 455 120 3306 477 120 3307 453 120 3308 453 120 3309 477 120 3310 485 120 3311 453 120 3312 485 120 3313 445 120 3314 445 120 3315 485 120 3316 527 120 3317 445 120 3318 527 120 3319 403 120 3320 403 120 3321 527 120 3322 569 120 3323 403 120 3324 569 120 3325 528 120 3326 528 120 3327 569 120 3328 570 120 3329 570 1249 3330 569 1249 3331 583 1249 3332 570 1250 3333 583 1250 3334 586 1250 3335 586 120 3336 583 120 3337 601 120 3338 586 120 3339 601 120 3340 602 120 3341 602 1251 3342 601 1251 3343 834 1251 3344 602 120 3345 834 120 3346 888 120 3347 601 120 3348 612 120 3349 834 120 3350 834 120 3351 612 120 3352 625 120 3353 834 120 3354 625 120 3355 838 120 3356 838 120 3357 625 120 3358 634 120 3359 838 120 3360 634 120 3361 643 120 3362 643 120 3363 646 120 3364 838 120 3365 838 120 3366 646 120 3367 892 120 3368 892 120 3369 646 120 3370 907 120 3371 627 120 3372 888 120 3373 636 120 3374 636 120 3375 888 120 3376 862 120 3377 636 120 3378 862 120 3379 645 120 3380 645 120 3381 862 120 3382 642 120 3383 642 120 3384 862 120 3385 633 120 3386 633 120 3387 862 120 3388 624 120 3389 624 120 3390 862 120 3391 611 120 3392 611 120 3393 862 120 3394 734 120 3395 611 120 3396 734 120 3397 540 120 3398 540 120 3399 734 120 3400 534 120 3401 627 120 3402 616 120 3403 888 120 3404 888 1252 3405 616 1252 3406 602 1252 3407 486 120 3408 404 120 3409 528 120 3410 528 120 3411 404 120 3412 362 120 3413 528 120 3414 362 120 3415 403 120 3416 403 120 3417 362 120 3418 361 120 3419 361 1253 3420 362 1253 3421 354 1253 3422 361 1254 3423 354 1254 3424 44 1254 3425 44 120 3426 354 120 3427 42 120 3428 44 120 3429 42 120 3430 11 120 3431 404 120 3432 486 120 3433 446 120 3434 446 120 3435 486 120 3436 478 120 3437 446 120 3438 478 120 3439 454 120 3440 454 120 3441 478 120 3442 476 120 3443 454 120 3444 476 120 3445 452 120 3446 452 120 3447 476 120 3448 484 120 3449 452 120 3450 484 120 3451 498 120 3452 498 120 3453 484 120 3454 526 120 3455 498 120 3456 526 120 3457 568 120 3458 568 120 3459 582 120 3460 498 120 3461 498 120 3462 582 120 3463 540 120 3464 540 120 3465 582 120 3466 600 120 3467 540 120 3468 600 120 3469 611 120 3470 354 120 3471 346 120 3472 42 120 3473 42 120 3474 346 120 3475 335 120 3476 42 120 3477 335 120 3478 86 120 3479 86 120 3480 335 120 3481 322 120 3482 86 120 3483 322 120 3484 82 120 3485 82 120 3486 322 120 3487 313 120 3488 82 120 3489 313 120 3490 304 120 3491 304 120 3492 301 120 3493 82 120 3494 82 120 3495 301 120 3496 34 120 3497 34 120 3498 301 120 3499 19 120 3500 19 120 3501 301 120 3502 310 120 3503 19 120 3504 310 120 3505 319 120 3506 319 120 3507 330 120 3508 19 120 3509 19 120 3510 330 120 3511 174 120 3512 19 120 3513 174 120 3514 58 120 3515 58 120 3516 174 120 3517 102 120 3518 102 120 3519 174 120 3520 138 120 3521 330 120 3522 344 120 3523 174 120 3524 174 120 3525 344 120 3526 352 120 3527 174 120 3528 352 120 3529 360 120 3530 174 120 3531 360 120 3532 492 120 3533 492 120 3534 360 120 3535 402 120 3536 492 120 3537 402 120 3538 444 120 3539 492 120 3540 444 120 3541 498 120 3542 498 120 3543 444 120 3544 452 120 3545 447 120 3546 405 120 3547 430 120 3548 430 120 3549 405 120 3550 363 120 3551 430 120 3552 363 120 3553 355 120 3554 430 120 3555 355 120 3556 388 120 3557 388 120 3558 355 120 3559 347 120 3560 388 120 3561 347 120 3562 336 120 3563 323 120 3564 50 120 3565 336 120 3566 336 120 3567 50 120 3568 210 120 3569 336 120 3570 210 120 3571 388 120 3572 388 120 3573 210 120 3574 394 120 3575 323 120 3576 314 120 3577 50 120 3578 50 120 3579 314 120 3580 305 120 3581 50 120 3582 305 120 3583 48 120 3584 48 120 3585 305 120 3586 302 120 3587 48 120 3588 302 120 3589 311 120 3590 48 120 3591 311 120 3592 46 120 3593 46 120 3594 311 120 3595 320 120 3596 46 120 3597 320 120 3598 331 120 3599 331 120 3600 345 120 3601 46 120 3602 46 120 3603 345 120 3604 44 120 3605 44 120 3606 345 120 3607 353 120 3608 44 120 3609 353 120 3610 361 120 3611 862 120 3612 846 120 3613 734 120 3614 734 120 3615 846 120 3616 810 120 3617 734 120 3618 810 120 3619 782 120 3620 86 120 3621 38 120 3622 42 120 3623 11 120 3624 13 120 3625 44 120 3626 46 120 3627 15 120 3628 48 120 3629 48 120 3630 15 120 3631 17 120 3632 50 120 3633 74 120 3634 210 120 3635 210 120 3636 74 120 3637 118 120 3638 210 120 3639 118 120 3640 154 120 3641 794 120 3642 822 120 3643 762 120 3644 762 120 3645 822 120 3646 858 120 3647 762 120 3648 858 120 3649 907 120 3650 251 1255 3651 250 1256 3652 257 1257 3653 257 1258 3654 250 1259 3655 256 1260 3656 257 1261 3657 256 1262 3658 265 1263 3659 265 1264 3660 256 1265 3661 264 1266 3662 265 1267 3663 264 1268 3664 275 1269 3665 275 1270 3666 264 1271 3667 273 1272 3668 290 1273 3669 294 1274 3670 292 1275 3671 292 1276 3672 294 1277 3673 296 1278 3674 292 1279 3675 296 1280 3676 297 1281 3677 292 1282 3678 297 1283 3679 289 1284 3680 289 1285 3681 297 1286 3682 298 1287 3683 289 1288 3684 298 1289 3685 287 1290 3686 289 1291 3687 287 1292 3688 277 1293 3689 277 1294 3690 287 1295 3691 262 1296 3692 277 1297 3693 262 1298 3694 260 1299 3695 260 1300 3696 262 1301 3697 252 1302 3698 260 1303 3699 252 1304 3700 257 1305 3701 257 1306 3702 252 1307 3703 251 1308 3704 257 1309 3705 265 1310 3706 260 1311 3707 260 1312 3708 265 1313 3709 268 1314 3710 260 1315 3711 268 1316 3712 277 1317 3713 277 1318 3714 268 1319 3715 286 1320 3716 277 1321 3717 286 1322 3718 289 1323 3719 289 1324 3720 286 1325 3721 292 1326 3722 265 1327 3723 275 1328 3724 268 1329 3725 268 1330 3726 275 1331 3727 280 1332 3728 268 1333 3729 280 1334 3730 286 1335 3731 286 1336 3732 280 1337 3733 290 1338 3734 286 1339 3735 290 1340 3736 292 1341 3737 615 1342 3738 415 1343 3739 614 1344 3740 614 1345 3741 415 1346 3742 413 1347 3743 614 1348 3744 413 1349 3745 613 1350 3746 613 1351 3747 413 1352 3748 411 1353 3749 613 1354 3750 411 1355 3751 610 1356 3752 610 1357 3753 411 1358 3754 409 1359 3755 610 1360 3756 409 1361 3757 608 1362 3758 410 487 3852 609 487 3853 409 487 3854 409 487 3855 609 487 3856 608 487 3857 295 1456 3858 294 1457 3859 291 1458 3860 291 1459 3861 294 1460 3862 290 1461 3863 291 1462 3864 290 1463 3865 281 1464 3866 281 1465 3867 290 1466 3868 280 1467 3869 281 1468 3870 280 1469 3871 276 1470 3872 276 1471 3873 280 1472 3874 275 1473 3875 274 618 3876 276 618 3877 273 618 3878 273 618 3879 276 618 3880 275 618 3881 696 1474 3882 698 1475 3883 690 1476 3884 690 1477 3885 698 1478 3886 691 1479 3887 690 1480 3888 691 1481 3889 682 1482 3890 682 1483 3891 691 1484 3892 683 1485 3893 682 1486 3894 683 1487 3895 671 1488 3896 671 1489 3897 683 1490 3898 673 1491 3899 656 1492 3900 652 1493 3901 655 1494 3902 655 1495 3903 652 1496 3904 651 1497 3905 655 1498 3906 651 1499 3907 650 1500 3908 655 1501 3909 650 1502 3910 658 1503 3911 658 1504 3912 650 1505 3913 649 1506 3914 658 1507 3915 649 1508 3916 660 1509 3917 658 1510 3918 660 1511 3919 670 1512 3920 670 1513 3921 660 1514 3922 685 1515 3923 670 1516 3924 685 1517 3925 687 1518 3926 687 1519 3927 685 1520 3928 695 1521 3929 687 1522 3930 695 1523 3931 690 1524 3932 690 1525 3933 695 1526 3934 696 1527 3935 690 1528 3936 682 1529 3937 687 1530 3938 687 1531 3939 682 1532 3940 679 1533 3941 687 1534 3942 679 1535 3943 670 1536 3944 670 1537 3945 679 1538 3946 661 1539 3947 670 1540 3948 661 1541 3949 658 1542 3950 658 1543 3951 661 1544 3952 655 1545 3953 682 1546 3954 671 1547 3955 679 1548 3956 679 1549 3957 671 1550 3958 666 1551 3959 679 1552 3960 666 1553 3961 661 1554 3962 661 1555 3963 666 1556 3964 656 1557 3965 661 1558 3966 656 1559 3967 655 1560 3968 653 1654 4062 652 1655 4063 657 1656 4064 657 1657 4065 652 1658 4066 656 1659 4067 657 1660 4068 656 1661 4069 667 1662 4070 667 1663 4071 656 1664 4072 666 1665 4073 667 1666 4074 666 1667 4075 672 1668 4076 672 1669 4077 666 1670 4078 671 1671 4079 674 523 4080 672 523 4081 673 523 4082 673 523 4083 672 523 4084 671 523 4085 182 1672 4086 184 1673 4087 162 1674 4088 162 1675 4089 184 1676 4090 142 1677 4091 162 1678 4092 142 1679 4093 122 1680 4094 122 1681 4095 142 1682 4096 106 1683 4097 122 1684 4098 106 1685 4099 62 1686 4100 122 1687 4101 62 1688 4102 78 1689 4103 78 1690 4104 62 1691 4105 20 1692 4106 78 1693 4107 20 1694 4108 59 1695 4109 78 1696 4110 59 1697 4111 94 1698 4112 94 1699 4113 59 1700 4114 103 1701 4115 94 1702 4116 103 1703 4117 139 1704 4118 175 1705 4119 166 1706 4120 139 1707 4121 139 1708 4122 166 1709 4123 130 1710 4124 139 1711 4125 130 1712 4126 94 1713 4127 94 1714 4128 130 1715 4129 122 1716 4130 94 1717 4131 122 1718 4132 78 1719 4133 175 1720 4134 178 1721 4135 166 1722 4136 166 1723 4137 178 1724 4138 170 1725 4139 166 1726 4140 170 1727 4141 130 1728 4142 130 1729 4143 170 1730 4144 162 1731 4145 130 1732 4146 162 1733 4147 122 1734 4148 178 1735 4149 180 1736 4150 170 1737 4151 170 1738 4152 180 1739 4153 182 1740 4154 170 1741 4155 182 1742 4156 162 1743 4157 763 676 4158 437 677 4159 760 678 4160 760 679 4161 437 680 4162 434 681 4163 760 682 4164 434 683 4165 758 684 4166 758 685 4167 434 686 4168 426 687 4169 758 1744 4170 426 1745 4171 756 1746 4172 756 1747 4173 426 1748 4174 422 1749 4175 756 1750 4176 422 1751 4177 754 1752 4178 754 1753 4179 422 1754 4180 417 1755 4181 152 1756 4182 202 1757 4183 164 1758 4184 164 1759 4185 202 1760 4186 204 1761 4187 164 1762 4188 204 1763 4189 172 1764 4190 172 1765 4191 204 1766 4192 206 1767 4193 172 1768 4194 206 1769 4195 208 1770 4196 211 1771 4197 168 1772 4198 208 1773 4199 208 1774 4200 168 1775 4201 132 1776 4202 208 1777 4203 132 1778 4204 172 1779 4205 172 1780 4206 132 1781 4207 124 1782 4208 172 1783 4209 124 1784 4210 164 1785 4211 164 1786 4212 124 1787 4213 152 1788 4214 211 1789 4215 155 1790 4216 168 1791 4217 168 1792 4218 155 1793 4219 119 1794 4220 168 1795 4221 119 1796 4222 132 1797 4223 132 1798 4224 119 1799 4225 96 1800 4226 132 1801 4227 96 1802 4228 80 1803 4229 80 1804 4230 96 1805 4231 75 1806 4232 80 1807 4233 75 1808 4234 51 1809 4235 119 1810 4236 75 1811 4237 96 1812 4238 51 1813 4239 72 1814 4240 80 1815 4241 80 1816 4242 72 1817 4243 124 1818 4244 80 1819 4245 124 1820 4246 132 1821 4247 72 1822 4248 116 1823 4249 124 1824 4250 124 1825 4251 116 1826 4252 152 1827 4253 863 1828 4254 889 1829 4255 850 1830 4256 850 1831 4257 889 1832 4258 852 1833 4259 850 1834 4260 852 1835 4261 814 1836 4262 814 1837 4263 852 1838 4264 816 1839 4265 814 1840 4266 816 1841 4267 786 1842 4268 786 1843 4269 816 1844 4270 788 1845 4271 786 1846 4272 788 1847 4273 744 1848 4274 744 1849 4275 788 1850 4276 747 1851 4277 756 1852 4278 754 1853 4279 776 1854 4280 776 1855 4281 754 1856 4282 792 1857 4283 776 1858 4284 792 1859 4285 808 1860 4286 808 1861 4287 792 1862 4288 820 1863 4289 808 1864 4290 820 1865 4291 856 1866 4292 808 1867 4293 856 1868 4294 844 1869 4295 844 1870 4296 856 1871 4297 908 1872 4298 844 1873 4299 908 1874 4300 859 1875 4301 844 1876 4302 859 1877 4303 828 1878 4304 828 1879 4305 859 1880 4306 823 1881 4307 828 1882 4308 823 1883 4309 795 1884 4310 763 1885 4311 772 1886 4312 795 1887 4313 795 1888 4314 772 1889 4315 800 1890 4316 795 1891 4317 800 1892 4318 828 1893 4319 828 1894 4320 800 1895 4321 808 1896 4322 828 1897 4323 808 1898 4324 844 1899 4325 763 1900 4326 760 1901 4327 772 1902 4328 772 1903 4329 760 1904 4330 758 1905 4331 772 1906 4332 758 1907 4333 800 1908 4334 800 1909 4335 758 1910 4336 768 1911 4337 800 1912 4338 768 1913 4339 776 1914 4340 776 1915 4341 768 1916 4342 756 1917 4343 758 1918 4344 756 1919 4345 768 1920 4346 808 1921 4347 800 1922 4348 776 1923 4349 786 1924 4350 744 1925 4351 774 1926 4352 774 1927 4353 744 1928 4354 742 1929 4355 774 1930 4356 742 1931 4357 766 1932 4358 766 1933 4359 742 1934 4360 740 1935 4361 766 1936 4362 740 1937 4363 738 1938 4364 735 1939 4365 770 1940 4366 738 1941 4367 738 1942 4368 770 1943 4369 798 1944 4370 738 1945 4371 798 1946 4372 766 1947 4373 766 1948 4374 798 1949 4375 806 1950 4376 766 1951 4377 806 1952 4378 774 1953 4379 774 1954 4380 806 1955 4381 786 1956 4382 735 1957 4383 783 1958 4384 770 1959 4385 770 1960 4386 783 1961 4387 826 1962 4388 770 1963 4389 826 1964 4390 798 1965 4391 798 1966 4392 826 1967 4393 842 1968 4394 798 1969 4395 842 1970 4396 806 1971 4397 806 1972 4398 842 1973 4399 850 1974 4400 806 1975 4401 850 1976 4402 814 1977 4403 783 1978 4404 811 1979 4405 826 1980 4406 826 1981 4407 811 1982 4408 847 1983 4409 826 1984 4410 847 1985 4411 842 1986 4412 842 1987 4413 847 1988 4414 863 1989 4415 842 1990 4416 863 1991 4417 850 1992 4418 814 1993 4419 786 1994 4420 806 1995 4421 50 1996 4422 51 1997 4423 74 1998 4424 74 1999 4425 51 2000 4426 75 2001 4427 74 2002 4428 75 2003 4429 118 2004 4430 118 2005 4431 75 2006 4432 119 2007 4433 118 2008 4434 119 2009 4435 154 2010 4436 154 2011 4437 119 2012 4438 155 2013 4439 154 2014 4440 155 2015 4441 210 2016 4442 210 2017 4443 155 2018 4444 211 2019 4445 762 2020 4446 763 2021 4447 794 2022 4448 794 2023 4449 763 2024 4450 795 2025 4451 794 2026 4452 795 2027 4453 822 2028 4454 822 2029 4455 795 2030 4456 823 2031 4457 822 2032 4458 823 2033 4459 858 2034 4460 858 2035 4461 823 2036 4462 859 2037 4463 858 2038 4464 859 2039 4465 907 2040 4466 907 2041 4467 859 2042 4468 908 2043 4469 177 954 4470 495 955 4471 179 956 4472 179 957 4473 495 958 4474 497 959 4475 179 960 4476 497 961 4477 181 962 4478 181 963 4479 497 964 4480 505 965 4481 181 2044 4482 505 2045 4483 183 2046 4484 183 2047 4485 505 2048 4486 509 2049 4487 183 2050 4488 509 2051 4489 185 2052 4490 185 2053 4491 509 2054 4492 515 2055 4493 849 2056 4494 865 2057 4495 843 2058 4496 843 2059 4497 865 2060 4498 851 2061 4499 843 2062 4500 851 2063 4501 807 2064 4502 807 2065 4503 851 2066 4504 815 2067 4505 807 2068 4506 815 2069 4507 787 2070 4508 807 2071 4509 787 2072 4510 775 2073 4511 775 2074 4512 787 2075 4513 745 2076 4514 775 2077 4515 745 2078 4516 743 2079 4517 775 2080 4518 743 2081 4519 767 2082 4520 767 2083 4521 743 2084 4522 741 2085 4523 767 2086 4524 741 2087 4525 739 2088 4526 737 2089 4527 771 2090 4528 739 2091 4529 739 2092 4530 771 2093 4531 799 2094 4532 739 2095 4533 799 2096 4534 767 2097 4535 767 2098 4536 799 2099 4537 807 2100 4538 767 2101 4539 807 2102 4540 775 2103 4541 737 2104 4542 785 2105 4543 771 2106 4544 771 2107 4545 785 2108 4546 827 2109 4547 771 2110 4548 827 2111 4549 799 2112 4550 799 2113 4551 827 2114 4552 843 2115 4553 799 2116 4554 843 2117 4555 807 2118 4556 785 2119 4557 813 2120 4558 827 2121 4559 827 2122 4560 813 2123 4561 849 2124 4562 827 2125 4563 849 2126 4564 843 2127 4565 797 2128 4566 765 2129 4567 773 2130 4568 773 2131 4569 765 2132 4570 761 2133 4571 773 2134 4572 761 2135 4573 759 2136 4574 757 2137 4575 769 2138 4576 759 2139 4577 759 2140 4578 769 2141 4579 801 2142 4580 759 2143 4581 801 2144 4582 773 2145 4583 773 2146 4584 801 2147 4585 797 2148 4586 769 2149 4587 757 2150 4588 777 2151 4589 777 2152 4590 757 2153 4591 755 2154 4592 777 2155 4593 755 2156 4594 793 2157 4595 777 2158 4596 793 2159 4597 809 2160 4598 809 2161 4599 793 2162 4600 821 2163 4601 809 2164 4602 821 2165 4603 857 2166 4604 809 2167 4605 857 2168 4606 845 2169 4607 845 2170 4608 857 2171 4609 910 2172 4610 845 2173 4611 910 2174 4612 861 2175 4613 845 2176 4614 861 2177 4615 829 2178 4616 829 2179 4617 861 2180 4618 825 2181 4619 829 2182 4620 825 2183 4621 797 2184 4622 769 2185 4623 777 2186 4624 801 2187 4625 801 2188 4626 777 2189 4627 809 2190 4628 801 2191 4629 809 2192 4630 829 2193 4631 829 2194 4632 809 2195 4633 845 2196 4634 797 2197 4635 801 2198 4636 829 2199 4637 77 2200 4638 53 2201 4639 81 2202 4640 81 2203 4641 53 2204 4642 73 2205 4643 81 2206 4644 73 2207 4645 125 2208 4646 125 2209 4647 73 2210 4648 117 2211 4649 125 2212 4650 117 2213 4651 153 2214 4652 125 2215 4653 153 2216 4654 165 2217 4655 165 2218 4656 153 2219 4657 203 2220 4658 165 2221 4659 203 2222 4660 205 2223 4661 165 2224 4662 205 2225 4663 173 2226 4664 173 2227 4665 205 2228 4666 207 2229 4667 173 2230 4668 207 2231 4669 209 2232 4670 213 2233 4671 169 2234 4672 209 2235 4673 209 2236 4674 169 2237 4675 133 2238 4676 209 2239 4677 133 2240 4678 173 2241 4679 173 2242 4680 133 2243 4681 125 2244 4682 173 2245 4683 125 2246 4684 165 2247 4685 213 2248 4686 157 2249 4687 169 2250 4688 169 2251 4689 157 2252 4690 121 2253 4691 169 2254 4692 121 2255 4693 133 2256 4694 133 2257 4695 121 2258 4696 97 2259 4697 133 2260 4698 97 2261 4699 81 2262 4700 81 2263 4701 97 2264 4702 77 2265 4703 121 2266 4704 77 2267 4705 97 2268 4706 125 2269 4707 133 2270 4708 81 2271 4709 141 2272 4710 177 2273 4711 167 2274 4712 167 2275 4713 177 2276 4714 179 2277 4715 167 2278 4716 179 2279 4717 171 2280 4718 171 2281 4719 179 2282 4720 181 2283 4721 171 2284 4722 181 2285 4723 183 2286 4724 171 2287 4725 183 2288 4726 163 2289 4727 163 2290 4728 183 2291 4729 185 2292 4730 163 2293 4731 185 2294 4732 143 2295 4733 163 2296 4734 143 2297 4735 123 2298 4736 123 2299 4737 143 2300 4738 107 2301 4739 123 2302 4740 107 2303 4741 63 2304 4742 123 2305 4743 63 2306 4744 79 2307 4745 79 2308 4746 63 2309 4747 22 2310 4748 79 2311 4749 22 2312 4750 61 2313 4751 79 2314 4752 61 2315 4753 95 2316 4754 95 2317 4755 61 2318 4756 105 2319 4757 95 2320 4758 105 2321 4759 141 2322 4760 171 2323 4761 163 2324 4762 131 2325 4763 131 2326 4764 163 2327 4765 123 2328 4766 131 2329 4767 123 2330 4768 95 2331 4769 95 2332 4770 123 2333 4771 79 2334 4772 141 1708 4773 167 1709 4774 131 1710 4775 131 2335 4776 167 2336 4777 171 2337 4778 141 2338 4779 131 2339 4780 95 2340 4781 864 2341 4782 865 2342 4783 848 2343 4784 848 2344 4785 865 2345 4786 849 2346 4787 848 2347 4788 849 2348 4789 812 2349 4790 812 2350 4791 849 2351 4792 813 2352 4793 812 2353 4794 813 2354 4795 784 2355 4796 784 2356 4797 813 2357 4798 785 2358 4799 784 2359 4800 785 2360 4801 736 2361 4802 736 2362 4803 785 2363 4804 737 2364 4805 176 2365 4806 177 2366 4807 140 2367 4808 140 2368 4809 177 2369 4810 141 2370 4811 140 2371 4812 141 2372 4813 104 2373 4814 104 2374 4815 141 2375 4816 105 2376 4817 104 2377 4818 105 2378 4819 60 2379 4820 60 2380 4821 105 2381 4822 61 2382 4823 60 2383 4824 61 2384 4825 21 2385 4826 21 2386 4827 61 2387 4828 22 2388 4829 235 664 4830 185 664 4831 242 664 4832 242 664 4833 185 664 4834 515 664 4835 242 664 4836 515 664 4837 702 664 4838 702 664 4839 515 664 4840 557 664 4841 702 664 4842 557 664 4843 745 664 4844 235 664 4845 227 664 4846 185 664 4847 185 2389 4848 227 2389 4849 218 2389 4850 185 2390 4851 218 2390 4852 214 2390 4853 216 664 4854 193 664 4855 214 664 4856 214 664 4857 193 664 4858 189 664 4859 214 664 4860 189 664 4861 185 664 4862 193 664 4863 216 664 4864 203 664 4865 203 2390 4866 216 2390 4867 220 2390 4868 203 2389 4869 220 2389 4870 229 2389 4871 229 664 4872 237 664 4873 203 664 4874 203 664 4875 237 664 4876 244 664 4877 203 664 4878 244 664 4879 377 664 4880 377 664 4881 244 664 4882 419 664 4883 419 664 4884 244 664 4885 704 664 4886 419 664 4887 704 664 4888 755 664 4889 755 664 4890 704 664 4891 711 664 4892 755 664 4893 711 664 4894 719 664 4895 719 2391 4896 728 2391 4897 755 2391 4898 755 2392 4899 728 2392 4900 732 2392 4901 755 664 4902 732 664 4903 753 664 4904 753 664 4905 732 664 4906 749 664 4907 749 664 4908 732 664 4909 730 664 4910 749 664 4911 730 664 4912 745 664 4913 745 2392 4914 730 2392 4915 726 2392 4916 745 2393 4917 726 2393 4918 717 2393 4919 717 664 4920 709 664 4921 745 664 4922 745 664 4923 709 664 4924 702 664 4925 764 2654 5298 765 2655 5299 796 2656 5300 796 2657 5301 765 2658 5302 797 2659 5303 796 2660 5304 797 2661 5305 824 2662 5306 824 2663 5307 797 2664 5308 825 2665 5309 824 2666 5310 825 2667 5311 860 2668 5312 860 2669 5313 825 2670 5314 861 2671 5315 860 2672 5316 861 2673 5317 909 2674 5318 909 2675 5319 861 2676 5320 910 2677 5321 52 2678 5322 53 2679 5323 76 2680 5324 76 2681 5325 53 2682 5326 77 2683 5327 76 2684 5328 77 2685 5329 120 2686 5330 120 2687 5331 77 2688 5332 121 2689 5333 120 2690 5334 121 2691 5335 156 2692 5336 156 2693 5337 121 2694 5338 157 2695 5339 156 2696 5340 157 2697 5341 212 2698 5342 212 2699 5343 157 2700 5344 213 2701 5345 174 2702 5346 175 2703 5347 138 2704 5348 138 2705 5349 175 2706 5350 139 2707 5351 138 2708 5352 139 2709 5353 102 2710 5354 102 2711 5355 139 2712 5356 103 2713 5357 102 2714 5358 103 2715 5359 58 2716 5360 58 2717 5361 103 2718 5362 59 2719 5363 58 2720 5364 59 2721 5365 19 2722 5366 19 2723 5367 59 2724 5368 20 2725 5369 215 2726 5370 214 2727 5371 219 2728 5372 219 2729 5373 214 2730 5374 218 2731 5375 219 2732 5376 218 2733 5377 228 2734 5378 228 2735 5379 218 2736 5380 227 2737 5381 228 2738 5382 227 2739 5383 236 2740 5384 236 2741 5385 227 2742 5386 235 2743 5387 236 2744 5388 235 2745 5389 243 2746 5390 243 2747 5391 235 2748 5392 242 2749 5393 216 618 5394 214 618 5395 217 618 5396 217 618 5397 214 618 5398 215 618 5399 245 2750 5400 244 2751 5401 238 2752 5402 238 2753 5403 244 2754 5404 237 2755 5405 238 2756 5406 237 2757 5407 230 2758 5408 230 2759 5409 237 2760 5410 229 2761 5411 230 2762 5412 229 2763 5413 221 2764 5414 221 2765 5415 229 2766 5416 220 2767 5417 221 2768 5418 220 2769 5419 217 2770 5420 217 2771 5421 220 2772 5422 216 2773 5423 704 487 5424 244 487 5425 705 487 5426 705 487 5427 244 487 5428 245 487 5429 733 2774 5430 732 2775 5431 729 2776 5432 729 2777 5433 732 2778 5434 728 2779 5435 729 2780 5436 728 2781 5437 720 2782 5438 720 2783 5439 728 2784 5440 719 2785 5441 720 2786 5442 719 2787 5443 712 2788 5444 712 2789 5445 719 2790 5446 711 2791 5447 712 2792 5448 711 2793 5449 705 2794 5450 705 2795 5451 711 2796 5452 704 2797 5453 730 523 5454 732 523 5455 731 523 5456 731 523 5457 732 523 5458 733 523 5459 703 2798 5460 702 2799 5461 710 2800 5462 710 2801 5463 702 2802 5464 709 2803 5465 710 2804 5466 709 2805 5467 718 2806 5468 718 2807 5469 709 2808 5470 717 2809 5471 718 2810 5472 717 2811 5473 727 2812 5474 727 2813 5475 717 2814 5476 726 2815 5477 727 2816 5478 726 2817 5479 731 2818 5480 731 2819 5481 726 2820 5482 730 2821 5483 242 614 5484 702 614 5485 243 614 5486 243 614 5487 702 614 5488 703 614 5489 703 664 5490 215 664 5491 243 664 5492 243 2822 5493 215 2822 5494 219 2822 5495 243 2823 5496 219 2823 5497 228 2823 5498 710 664 5499 718 664 5500 703 664 5501 703 2824 5502 718 2824 5503 727 2824 5504 703 2825 5505 727 2825 5506 731 2825 5507 733 664 5508 217 664 5509 731 664 5510 731 664 5511 217 664 5512 215 664 5513 731 664 5514 215 664 5515 703 664 5516 729 664 5517 705 664 5518 733 664 5519 733 664 5520 705 664 5521 245 664 5522 733 664 5523 245 664 5524 217 664 5525 217 2826 5526 245 2826 5527 221 2826 5528 221 2827 5529 245 2827 5530 230 2827 5531 230 2828 5532 245 2828 5533 238 2828 5534 729 2829 5535 720 2829 5536 705 2829 5537 705 2830 5538 720 2830 5539 712 2830 5540 228 2828 5541 236 2828 5542 243 2828 5543 891 523 5544 886 523 5545 890 523 5546 890 2831 5547 886 2831 5548 884 2831 5549 890 2832 5550 884 2832 5551 882 2832 5552 865 523 5553 872 523 5554 891 523 5555 891 523 5556 872 523 5557 881 523 5558 891 523 5559 881 523 5560 883 523 5561 864 523 5562 867 523 5563 865 523 5564 865 523 5565 867 523 5566 866 523 5567 865 2833 5568 866 2833 5569 868 2833 5570 890 523 5571 871 523 5572 864 523 5573 864 2834 5574 871 2834 5575 869 2834 5576 864 2835 5577 869 2835 5578 867 2835 5579 890 2836 5580 882 2836 5581 871 2836 5582 871 523 5583 882 523 5584 880 523 5585 871 2837 5586 880 2837 5587 873 2837 5588 873 2838 5589 880 2838 5590 878 2838 5591 873 2839 5592 878 2839 5593 875 2839 5594 875 523 5595 878 523 5596 877 523 5597 875 2840 5598 877 2840 5599 876 2840 5600 876 2841 5601 877 2841 5602 874 2841 5603 874 523 5604 877 523 5605 879 523 5606 874 523 5607 879 523 5608 872 523 5609 872 523 5610 879 523 5611 881 523 5612 883 523 5613 885 523 5614 891 523 5615 891 2842 5616 885 2842 5617 887 2842 5618 891 2843 5619 887 2843 5620 886 2843 5621 868 2844 5622 870 2844 5623 865 2844 5624 865 523 5625 870 523 5626 872 523 5627 862 2845 5628 863 2846 5629 846 2847 5630 846 2848 5631 863 2849 5632 847 2850 5633 846 2851 5634 847 2852 5635 810 2853 5636 810 2854 5637 847 2855 5638 811 2856 5639 810 2857 5640 811 2858 5641 782 2859 5642 782 2860 5643 811 2861 5644 783 2862 5645 782 2863 5646 783 2864 5647 734 2865 5648 734 2866 5649 783 2867 5650 735 2868 5651</p>
        </triangles>
        <triangles material="_4_48_102-material" count="184">
          <input semantic="VERTEX" source="#EMROX_RPTU_V1_02_03_Caroline_simple_ROX_RPTU_Plattform_V1_02_03-mesh-vertices" offset="0"/>
          <input semantic="NORMAL" source="#EMROX_RPTU_V1_02_03_Caroline_simple_ROX_RPTU_Plattform_V1_02_03-mesh-normals" offset="1"/>
          <input semantic="TEXCOORD" source="#EMROX_RPTU_V1_02_03_Caroline_simple_ROX_RPTU_Plattform_V1_02_03-mesh-map-0" offset="2" set="0"/>
          <p>14 499 882 12 500 883 55 501 884 55 502 885 12 503 886 54 504 887 55 505 888 54 506 889 99 507 890 99 508 891 54 509 892 98 510 893 99 511 894 98 512 895 135 513 896 135 514 897 98 515 898 134 516 899 135 517 900 134 518 901 197 519 902 197 520 903 134 521 904 195 522 905 195 523 906 194 523 907 197 523 908 197 523 909 194 523 910 196 523 911 18 524 912 16 525 913 57 526 914 57 527 915 16 503 916 56 504 917 57 528 918 56 529 919 101 530 920 101 531 921 56 509 922 100 510 923 101 511 924 100 532 925 137 513 926 137 533 927 100 534 928 136 535 929 137 536 930 136 537 931 201 538 932 201 539 933 136 540 934 199 541 935 199 523 936 198 523 937 201 523 938 201 523 939 198 523 940 200 523 941 46 614 1014 47 614 1015 15 614 1016 15 614 1017 47 614 1018 16 614 1019 16 614 1020 47 614 1021 56 614 1022 56 614 1023 47 614 1024 70 614 1025 56 614 1026 70 614 1027 100 614 1028 100 614 1029 70 614 1030 114 614 1031 100 614 1032 114 614 1033 136 614 1034 136 614 1035 114 614 1036 150 614 1037 136 614 1038 150 614 1039 199 614 1040 199 614 1041 150 614 1042 198 614 1043 48 487 1044 18 487 1045 49 487 1046 49 487 1047 18 487 1048 57 487 1049 49 615 1050 57 615 1051 71 615 1052 71 487 1053 57 487 1054 101 487 1055 71 616 1056 101 616 1057 115 616 1058 115 487 1059 101 487 1060 137 487 1061 115 617 1062 137 617 1063 151 617 1064 151 487 1065 137 487 1066 201 487 1067 151 487 1068 201 487 1069 200 487 1070 48 487 1071 17 487 1072 18 487 1073 18 618 1074 17 618 1075 16 618 1076 16 618 1077 17 618 1078 15 618 1079 42 614 1080 43 614 1081 11 614 1082 11 614 1083 43 614 1084 12 614 1085 12 614 1086 43 614 1087 54 614 1088 54 614 1089 43 614 1090 68 614 1091 54 614 1092 68 614 1093 98 614 1094 98 614 1095 68 614 1096 112 614 1097 98 614 1098 112 614 1099 134 614 1100 134 614 1101 112 614 1102 148 614 1103 134 614 1104 148 614 1105 195 614 1106 195 614 1107 148 614 1108 194 614 1109 44 487 1110 14 487 1111 45 487 1112 45 487 1113 14 487 1114 55 487 1115 45 619 1116 55 619 1117 69 619 1118 69 487 1119 55 487 1120 99 487 1121 69 620 1122 99 620 1123 113 620 1124 113 487 1125 99 487 1126 135 487 1127 113 621 1128 135 621 1129 149 621 1130 149 487 1131 135 487 1132 197 487 1133 149 487 1134 197 487 1135 196 487 1136 44 487 1137 13 487 1138 14 487 1139 14 618 1140 13 618 1141 12 618 1142 12 618 1143 13 618 1144 11 618 1145 376 622 1164 418 623 1165 379 624 1166 379 625 1167 418 626 1168 421 627 1169 379 628 1170 421 629 1171 425 630 1172 379 631 1173 425 632 1174 383 633 1175 383 634 1176 425 635 1177 429 636 1178 383 637 1179 429 638 1180 387 639 1181 387 640 1182 429 641 1183 391 642 1184 391 643 1185 429 644 1186 433 645 1187 364 646 1194 406 647 1195 366 648 1196 366 649 1197 406 650 1198 408 651 1199 366 652 1200 408 653 1201 370 654 1202 370 655 1203 408 656 1204 412 657 1205 370 658 1206 412 659 1207 372 660 1208 372 661 1209 412 662 1210 414 663 1211 414 664 1212 416 664 1213 372 664 1214 372 664 1215 416 664 1216 374 664 1217 374 622 1218 416 623 1219 378 624 1220 378 625 1221 416 626 1222 420 627 1223 378 665 1224 420 666 1225 424 667 1226 378 668 1227 424 669 1228 382 670 1229 382 634 1230 424 635 1231 428 636 1232 382 637 1233 428 638 1234 386 639 1235 386 640 1236 428 671 1237 389 672 1238 389 673 1239 428 674 1240 431 675 1241 407 487 1242 406 487 1243 365 487 1244 365 487 1245 406 487 1246 364 487 1247 391 487 1248 433 487 1249 390 487 1250 390 487 1251 433 487 1252 432 487 1253 752 743 1362 748 744 1363 781 745 1364 781 746 1365 748 747 1366 779 748 1367 781 749 1368 779 750 1369 803 751 1370 781 752 1371 803 753 1372 805 754 1373 805 755 1374 803 756 1375 831 757 1376 805 758 1377 831 759 1378 833 760 1379 833 761 1380 831 762 1381 841 763 1382 841 764 1383 831 765 1384 837 766 1385 664 767 1392 662 768 1393 669 769 1394 669 770 1395 662 771 1396 668 772 1397 669 773 1398 668 774 1399 689 775 1400 689 776 1401 668 777 1402 688 778 1403 689 779 1404 688 780 1405 699 781 1406 699 782 1407 688 783 1408 697 784 1409 697 664 1410 746 664 1411 699 664 1412 699 664 1413 746 664 1414 750 664 1415 750 743 1416 746 744 1417 780 745 1418 780 785 1419 746 786 1420 778 787 1421 780 788 1422 778 789 1423 802 790 1424 780 791 1425 802 792 1426 804 793 1427 804 794 1428 802 795 1429 830 796 1430 804 797 1431 830 798 1432 832 799 1433 832 800 1434 830 801 1435 839 802 1436 839 803 1437 830 804 1438 835 805 1439 663 523 1440 662 523 1441 665 523 1442 665 523 1443 662 523 1444 664 523 1445 841 523 1446 837 523 1447 840 523 1448 840 523 1449 837 523 1450 836 523 1451 554 877 1572 512 878 1573 552 879 1574 552 880 1575 512 881 1576 510 882 1577 552 883 1578 510 884 1579 506 885 1580 552 886 1581 506 887 1582 548 888 1583 548 889 1584 506 890 1585 502 891 1586 548 892 1587 502 893 1588 544 894 1589 544 895 1590 502 896 1591 541 897 1592 541 898 1593 502 899 1594 499 900 1595 516 664 1596 512 664 1597 558 664 1598 558 664 1599 512 664 1600 554 664 1601 566 901 1602 524 902 1603 565 903 1604 565 904 1605 524 905 1606 523 906 1607 565 907 1608 523 908 1609 561 909 1610 561 910 1611 523 911 1612 519 912 1613 561 913 1614 519 914 1615 558 915 1616 558 916 1617 519 917 1618 516 918 1619 525 614 1620 524 614 1621 567 614 1622 567 614 1623 524 614 1624 566 614 1625 556 877 1632 514 878 1633 553 879 1634 553 880 1635 514 881 1636 511 882 1637 553 919 1638 511 920 1639 507 921 1640 553 922 1641 507 923 1642 549 924 1643 549 889 1644 507 890 1645 503 891 1646 549 892 1647 503 893 1648 545 894 1649 545 895 1650 503 925 1651 543 926 1652 543 927 1653 503 928 1654 501 929 1655 188 1031 1848 192 1032 1849 159 1033 1850 159 1034 1851 192 1035 1852 161 1036 1853 159 1037 1854 161 1038 1855 129 1039 1856 159 1040 1857 129 1041 1858 127 1042 1859 127 1043 1860 129 1044 1861 93 1045 1862 127 1046 1863 93 1047 1864 91 1048 1865 91 1049 1866 93 1050 1867 85 1051 1868 85 1052 1869 93 1053 1870 89 1054 1871 249 664 1878 190 664 1879 247 664 1880 247 664 1881 190 664 1882 186 664 1883 186 1031 1884 190 1032 1885 158 1033 1886 158 1055 1887 190 1056 1888 160 1057 1889 158 1058 1890 160 1059 1891 128 1060 1892 158 1061 1893 128 1062 1894 126 1063 1895 126 1064 1896 128 1065 1897 92 1066 1898 126 1067 1899 92 1068 1900 90 1069 1901 90 1070 1902 92 1071 1903 83 1072 1904 83 1073 1905 92 1074 1906 87 1075 1907 285 618 1908 284 618 1909 283 618 1910 283 618 1911 284 618 1912 282 618 1913 282 1076 1914 284 1077 1915 278 1078 1916 278 1079 1917 284 1080 1918 279 1081 1919 278 1082 1920 279 1083 1921 258 1084 1922 258 1085 1923 279 1086 1924 259 1087 1925 258 1088 1926 259 1089 1927 247 1090 1928 247 1091 1929 259 1092 1930 249 1093 1931 85 618 1932 89 618 1933 84 618 1934 84 618 1935 89 618 1936 88 618 1937 839 523 2037 835 523 2038 838 523 2039 838 523 2040 835 523 2041 834 523 2042 389 487 2223 431 487 2224 388 487 2225 388 487 2226 431 487 2227 430 487 2228 541 614 2409 499 614 2410 540 614 2411 540 614 2412 499 614 2413 498 614 2414 543 614 2595 501 614 2596 542 614 2597 542 614 2598 501 614 2599 500 614 2600 83 618 2601 87 618 2602 82 618 2603 82 618 2604 87 618 2605 86 618 2606</p>
        </triangles>
        <triangles material="__0_0_001-material" count="62">
          <input semantic="VERTEX" source="#EMROX_RPTU_V1_02_03_Caroline_simple_ROX_RPTU_Plattform_V1_02_03-mesh-vertices" offset="0"/>
          <input semantic="NORMAL" source="#EMROX_RPTU_V1_02_03_Caroline_simple_ROX_RPTU_Plattform_V1_02_03-mesh-normals" offset="1"/>
          <input semantic="TEXCOORD" source="#EMROX_RPTU_V1_02_03_Caroline_simple_ROX_RPTU_Plattform_V1_02_03-mesh-map-0" offset="2" set="0"/>
          <p>623 1363 3759 615 1364 3760 618 1365 3761 618 1366 3762 615 1367 3763 614 1368 3764 618 1369 3765 614 1370 3766 613 1371 3767 618 1372 3768 613 1373 3769 609 1374 3770 609 1375 3771 613 1376 3772 610 1377 3773 609 1378 3774 610 1379 3775 608 1380 3776 618 1381 3777 626 1382 3778 623 1383 3779 623 1384 3780 626 1385 3781 635 1386 3782 635 1387 3783 626 1388 3784 644 1389 3785 635 1390 3786 644 1391 3787 654 1392 3788 654 1393 3789 644 1394 3790 659 1395 3791 654 1396 3792 659 1397 3793 681 1398 3794 681 1399 3795 659 1400 3796 694 1401 3797 681 1402 3798 694 1403 3799 707 1404 3800 707 1405 3801 694 1406 3802 708 1407 3803 707 1408 3804 708 1409 3805 714 1410 3806 714 1411 3807 708 1412 3808 716 1413 3809 714 1414 3810 716 1415 3811 722 1416 3812 722 1417 3813 716 1418 3814 724 1419 3815 722 1420 3816 724 1421 3817 725 1422 3818 725 1423 3819 724 1424 3820 723 1425 3821 725 1426 3822 723 1427 3823 721 1428 3824 721 1429 3825 723 1430 3826 715 1431 3827 721 1432 3828 715 1433 3829 713 1434 3830 713 1435 3831 715 1436 3832 706 1437 3833 713 1438 3834 706 1439 3835 701 1440 3836 701 1441 3837 706 1442 3838 693 1443 3839 693 1444 3840 706 1445 3841 678 1446 3842 693 1447 3843 678 1448 3844 686 1449 3845 686 1450 3846 678 1451 3847 680 1452 3848 680 1453 3849 678 1454 3850 677 1455 3851 269 1561 3969 267 1562 3970 270 1563 3971 270 1564 3972 267 1565 3973 261 1566 3974 270 1567 3975 261 1568 3976 254 1569 3977 270 1570 3978 254 1571 3979 241 1572 3980 241 1573 3981 254 1574 3982 246 1575 3983 241 1576 3984 246 1577 3985 234 1578 3986 241 1579 3987 234 1580 3988 232 1581 3989 232 1582 3990 234 1583 3991 226 1584 3992 232 1585 3993 226 1586 3994 224 1587 3995 224 1588 3996 226 1589 3997 222 1590 3998 224 1591 3999 222 1592 4000 223 1593 4001 223 1594 4002 222 1595 4003 225 1596 4004 223 1597 4005 225 1598 4006 231 1599 4007 231 1600 4008 225 1601 4009 233 1602 4010 231 1603 4011 233 1604 4012 239 1605 4013 239 1606 4014 233 1607 4015 240 1608 4016 239 1609 4017 240 1610 4018 253 1611 4019 253 1612 4020 240 1613 4021 266 1614 4022 253 1615 4023 266 1616 4024 288 1617 4025 288 1618 4026 266 1619 4027 293 1620 4028 288 1621 4029 293 1622 4030 303 1623 4031 303 1624 4032 293 1625 4033 312 1626 4034 303 1627 4035 312 1628 4036 321 1629 4037 321 1630 4038 312 1631 4039 324 1632 4040 321 1633 4041 324 1634 4042 329 1635 4043 329 1636 4044 324 1637 4045 332 1638 4046 329 1639 4047 332 1640 4048 333 1641 4049 333 1642 4050 334 1643 4051 329 1644 4052 329 1645 4053 334 1646 4054 339 1647 4055 339 1648 4056 334 1649 4057 337 1650 4058 339 1651 4059 337 1652 4060 338 1653 4061</p>
        </triangles>
        <triangles material="_4_64_64-material" count="62">
          <input semantic="VERTEX" source="#EMROX_RPTU_V1_02_03_Caroline_simple_ROX_RPTU_Plattform_V1_02_03-mesh-vertices" offset="0"/>
          <input semantic="NORMAL" source="#EMROX_RPTU_V1_02_03_Caroline_simple_ROX_RPTU_Plattform_V1_02_03-mesh-normals" offset="1"/>
          <input semantic="TEXCOORD" source="#EMROX_RPTU_V1_02_03_Caroline_simple_ROX_RPTU_Plattform_V1_02_03-mesh-map-0" offset="2" set="0"/>
          <p>925 2394 4926 882 2395 4927 927 2396 4928 927 2397 4929 882 2398 4930 884 2399 4931 927 2400 4932 884 2401 4933 929 2402 4934 929 2403 4935 884 2404 4936 886 2405 4937 929 2406 4938 886 2407 4939 931 2408 4940 931 2409 4941 886 2410 4942 887 2411 4943 931 2412 4944 887 2413 4945 932 2414 4946 932 2415 4947 887 2416 4948 885 2417 4949 932 2418 4950 885 2419 4951 930 2420 4952 930 2421 4953 885 2422 4954 883 2423 4955 930 2424 4956 883 2425 4957 928 2426 4958 928 2427 4959 883 2428 4960 881 2429 4961 928 2430 4962 881 2431 4963 926 2432 4964 926 2433 4965 881 2434 4966 879 2435 4967 926 2436 4968 879 2437 4969 924 2438 4970 924 2439 4971 879 2440 4972 877 2441 4973 924 2442 4974 877 2443 4975 922 2444 4976 922 2445 4977 877 2446 4978 878 2447 4979 922 2448 4980 878 2449 4981 923 2450 4982 923 2451 4983 878 2452 4984 880 2453 4985 923 2454 4986 880 2455 4987 925 2456 4988 925 2457 4989 880 2458 4990 882 2459 4991 927 523 4992 929 523 4993 925 523 4994 925 523 4995 929 523 4996 931 523 4997 925 523 4998 931 523 4999 923 523 5000 923 523 5001 931 523 5002 932 523 5003 923 523 5004 932 523 5005 922 523 5006 922 523 5007 932 523 5008 930 523 5009 922 523 5010 930 523 5011 924 523 5012 924 523 5013 930 523 5014 928 523 5015 924 523 5016 928 523 5017 926 523 5018 914 2460 5019 871 2461 5020 916 2462 5021 916 2463 5022 871 2464 5023 873 2465 5024 916 2466 5025 873 2467 5026 918 2468 5027 918 2469 5028 873 2470 5029 875 2471 5030 918 2472 5031 875 2473 5032 920 2474 5033 920 2475 5034 875 2476 5035 876 2477 5036 920 2478 5037 876 2479 5038 921 2480 5039 921 2481 5040 876 2482 5041 874 2483 5042 921 2484 5043 874 2485 5044 919 2486 5045 919 2487 5046 874 2488 5047 872 2489 5048 919 2490 5049 872 2491 5050 917 2492 5051 917 2493 5052 872 2428 5053 870 2494 5054 917 2495 5055 870 2496 5056 915 2432 5057 915 2497 5058 870 2498 5059 868 2499 5060 915 2500 5061 868 2501 5062 913 2502 5063 913 2503 5064 868 2504 5065 866 2505 5066 913 2506 5067 866 2507 5068 911 2508 5069 911 2509 5070 866 2510 5071 867 2511 5072 911 2512 5073 867 2513 5074 912 2514 5075 912 2515 5076 867 2516 5077 869 2517 5078 912 2518 5079 869 2519 5080 914 2520 5081 914 2521 5082 869 2522 5083 871 2523 5084 916 523 5085 918 523 5086 914 523 5087 914 523 5088 918 523 5089 920 523 5090 914 523 5091 920 523 5092 912 523 5093 912 523 5094 920 523 5095 921 523 5096 912 523 5097 921 523 5098 911 523 5099 911 523 5100 921 523 5101 919 523 5102 911 523 5103 919 523 5104 913 523 5105 913 523 5106 919 523 5107 917 523 5108 913 523 5109 917 523 5110 915 523 5111</p>
        </triangles>
        <triangles material="_78_0_0_001-material" count="62">
          <input semantic="VERTEX" source="#EMROX_RPTU_V1_02_03_Caroline_simple_ROX_RPTU_Plattform_V1_02_03-mesh-vertices" offset="0"/>
          <input semantic="NORMAL" source="#EMROX_RPTU_V1_02_03_Caroline_simple_ROX_RPTU_Plattform_V1_02_03-mesh-normals" offset="1"/>
          <input semantic="TEXCOORD" source="#EMROX_RPTU_V1_02_03_Caroline_simple_ROX_RPTU_Plattform_V1_02_03-mesh-map-0" offset="2" set="0"/>
          <p>936 2524 5112 901 2525 5113 938 2526 5114 938 2527 5115 901 2528 5116 903 2529 5117 938 2530 5118 903 2531 5119 940 2532 5120 940 2533 5121 903 2534 5122 905 2535 5123 940 2536 5124 905 2537 5125 942 2538 5126 942 2539 5127 905 2540 5128 906 2541 5129 942 2542 5130 906 2543 5131 943 2544 5132 943 2545 5133 906 2546 5134 904 2547 5135 943 2548 5136 904 2549 5137 941 2550 5138 941 2551 5139 904 2552 5140 902 2553 5141 941 2554 5142 902 2555 5143 939 2556 5144 939 2557 5145 902 2428 5146 900 2558 5147 939 2559 5148 900 2560 5149 937 2432 5150 937 2561 5151 900 2562 5152 898 2563 5153 937 2564 5154 898 2565 5155 935 2566 5156 935 2567 5157 898 2568 5158 896 2569 5159 935 2570 5160 896 2571 5161 933 2572 5162 933 2573 5163 896 2574 5164 897 2575 5165 933 2576 5166 897 2577 5167 934 2578 5168 934 2579 5169 897 2580 5170 899 2581 5171 934 2582 5172 899 2583 5173 936 2584 5174 936 2585 5175 899 2586 5176 901 2587 5177 938 523 5178 940 523 5179 936 523 5180 936 523 5181 940 523 5182 942 523 5183 936 523 5184 942 523 5185 934 523 5186 934 523 5187 942 523 5188 943 523 5189 934 523 5190 943 523 5191 933 523 5192 933 523 5193 943 523 5194 941 523 5195 933 523 5196 941 523 5197 935 523 5198 935 523 5199 941 523 5200 939 523 5201 935 523 5202 939 523 5203 937 523 5204 3 2588 5205 28 2589 5206 5 2590 5207 5 2591 5208 28 2592 5209 30 2593 5210 5 2594 5211 30 2595 5212 7 2596 5213 7 2597 5214 30 2598 5215 32 2599 5216 7 2600 5217 32 2601 5218 9 2602 5219 9 2603 5220 32 2604 5221 33 2605 5222 9 2606 5223 33 2607 5224 10 2608 5225 10 2609 5226 33 2610 5227 31 2611 5228 10 2612 5229 31 2613 5230 8 2614 5231 8 2615 5232 31 2616 5233 29 2617 5234 8 2618 5235 29 2619 5236 6 2620 5237 6 2621 5238 29 2622 5239 27 2623 5240 6 2624 5241 27 2625 5242 4 2626 5243 4 2627 5244 27 2628 5245 25 2629 5246 4 2630 5247 25 2631 5248 2 2632 5249 2 2633 5250 25 2634 5251 23 2635 5252 2 2636 5253 23 2637 5254 0 2638 5255 0 2639 5256 23 2640 5257 24 2641 5258 0 2642 5259 24 2643 5260 1 2644 5261 1 2645 5262 24 2646 5263 26 2647 5264 1 2648 5265 26 2649 5266 3 2650 5267 3 2651 5268 26 2652 5269 28 2653 5270 5 618 5271 7 618 5272 3 618 5273 3 618 5274 7 618 5275 9 618 5276 3 618 5277 9 618 5278 1 618 5279 1 618 5280 9 618 5281 10 618 5282 1 618 5283 10 618 5284 0 618 5285 0 618 5286 10 618 5287 8 618 5288 0 618 5289 8 618 5290 2 618 5291 2 618 5292 8 618 5293 6 618 5294 2 618 5295 6 618 5296 4 618 5297</p>
        </triangles>
      </mesh>
    </geometry>
  </library_geometries>
  <library_visual_scenes>
    <visual_scene id="Scene" name="Scene">
      <node id="EMROX_RPTU_V1_02_03_Caroline_simple_ROX_RPTU_Plattform_V1_02_03" name="EMROX RPTU V1.02.03 Caroline simple_ROX RPTU Plattform V1.02.03" type="NODE">
        <matrix sid="transform">0.01 0 0 0 0 0.01 0 0 0 0 0.01 0 0 0 0 1</matrix>
        <instance_geometry url="#EMROX_RPTU_V1_02_03_Caroline_simple_ROX_RPTU_Plattform_V1_02_03-mesh" name="EMROX RPTU V1.02.03 Caroline simple_ROX RPTU Plattform V1.02.03">
          <bind_material>
            <technique_common>
              <instance_material symbol="_91_191_191_002-material" target="#_91_191_191_002-material">
                <bind_vertex_input semantic="UVMap" input_semantic="TEXCOORD" input_set="0"/>
              </instance_material>
              <instance_material symbol="_45_245_245_001-material" target="#_45_245_245_001-material">
                <bind_vertex_input semantic="UVMap" input_semantic="TEXCOORD" input_set="0"/>
              </instance_material>
              <instance_material symbol="_4_48_102-material" target="#_4_48_102-material">
                <bind_vertex_input semantic="UVMap" input_semantic="TEXCOORD" input_set="0"/>
              </instance_material>
              <instance_material symbol="__0_0_001-material" target="#__0_0_001-material">
                <bind_vertex_input semantic="UVMap" input_semantic="TEXCOORD" input_set="0"/>
              </instance_material>
              <instance_material symbol="_4_64_64-material" target="#_4_64_64-material">
                <bind_vertex_input semantic="UVMap" input_semantic="TEXCOORD" input_set="0"/>
              </instance_material>
              <instance_material symbol="_78_0_0_001-material" target="#_78_0_0_001-material">
                <bind_vertex_input semantic="UVMap" input_semantic="TEXCOORD" input_set="0"/>
              </instance_material>
            </technique_common>
          </bind_material>
        </instance_geometry>
      </node>
    </visual_scene>
  </library_visual_scenes>
  <scene>
    <instance_visual_scene url="#Scene"/>
  </scene>
</COLLADA>